StaffID,FullName,Ministry,GradeLevel,DateOfBirth,AppointmentDate,BasicSalary,HousingAllowance,TransportAllowance,TotalAllowances,Deductions,NetPay,BankAccountNo,State,PayStatus
MDG300292,Yusuf Nwosu,ministry of works,Grade Level 9,1998/05/29,18/11/2004,"₦405,122.45","N101,281","N40,512","N251,565","₦86,036.09","₦570,651.57",2006620553,Plateau,PAID
MDG300102,Grace Olawale,Ministry of Works,GL-7,1982/12/26,2006-11-12,"₦616,137.76",154034.44 naira,"N61,614","NGN 282,969",41645.78,857460.52 naira,8940753114,Delta,Held
MDG300303,Ifeoma Adeyemi,Ministry of Justice,GL 7,1980/09/10,18.04.2005,"N110,471","N27,618",11047.12,29934.98,20164.12,"₦120,242.03",1918012510,Akwa Ibom,paid
MDG300288,Ifeoma Afolabi,Ministry of Health,GL-13,1987-02-10,14.08.2021,445484.36,"111,371.09 ","N44,548",188991.33 naira,"₦49,212.80",585262.89 naira,7071619980,Delta,Pending
MDG300366,Femi Bello,Ministry of Education,GL-16,1996-04-26,25/02/2008,"N157,196","NGN 39,299",15719.63,53850.26,"NGN 8,517","₦202,529.19",8476075760,Akwa Ibom,PAID
MDG300399,Aliyu Nnamdi,Ministry of Agriculture,GL-8,17/06/1966,25-May-2013,"₦707,384.30","NGN 176,846",70738.43,"₦539,650.68",null,"N1,150,330",6495001186,Anambra,PAID
MDG300393,Chioma Balogun,Ministry Of Science & Technology,gl-14,02/21/1981,2004-09-07,"510,191.38 ","127,547.85 ","NGN 51,019",259383.85,"N111,868","NGN 657,707",9458620027,Imo,Paid
MDG300285,Blessing Adekunle,Ministry of Works,GL-6,20/12/1978,27/06/2014,493034.87,123258.72 naira,"NGN 49,303","N388,789","N28,304",n/a,4744741920,Kaduna,Paid
MDG300254,Segun Abubakar,ministry of justice,GL-15,1986/08/02,21/08/2001,"NGN 308,796","NGN 77,199","N30,880",170237.53,"NGN 70,515",,8521125699,Lagos State,PAID
MDG300311,Halima Suleiman   ,Ministry of Education,GL-5,27/01/1991,11/04/2019,"NGN 109,548","NGN 27,387",10954.76 naira,84189.92 naira,19783.06 naira,173954.51,n/a,Kano,Suspended
MDG300275,Sadiq Suleiman,MINISTRY OF WORKS,GL-12,07/30/1997,27-Dec-2010,NIL,"NGN 53,230","21,291.99 ","₦77,931.19","NGN 19,159",271692.53 naira,4871560089,Imo,Pending
MDG300218,Bola Eze,Ministry of Education,GL-6,1971/03/16,2006/12/20,693120.5,"₦173,280.12","₦69,312.05","₦292,103.42","₦147,061.13",838162.7899999999,3248139051,Cross River,PAID
MDG300367,Wale Abubakar,ministry of agriculture,GL-13,21 July 1981,12/06/2008,"NGN 687,544",n/a,"N68,754","₦414,161.36",98607.02,"1,003,097.85 ",1352654179,Rivers,paid 
MDG300010,Bisi Olawale,MINISTRY OF WORKS,gl-14,16 February 1983,10/08/2021,"₦456,824.57",114206.14,"NGN 45,682",null,23362.42 naira,616251.5099999999,3548687136,Rivers,Paid
MDG300272,Femi Eze,Ministry of Works,GL-9,11/25/1990,04.01.2013,"164,643.60 ",,16464.36 naira,"61,804.33 ","NGN 22,827","₦203,620.49",8222952560,Edo,PAID
MDG300040,Funmilayo Ajayi,Ministry of Works,GL-13,07/04/1988,11-Sep-2019,"₦385,574.05","NGN 96,394",38557.40 naira,"₦162,687.80","₦26,437.10",521824.75,5058996803,Kano,Paid
MDG300141,Bola Abubakar   ,Ministry of Interior,GL-15,1982-05-24,04/01/2015,70799.18,"NGN 17,700","₦7,079.92",26506.73,"₦5,071.69",92234.21999999999,8503140023,Enugu,Held
MDG300348,wale chukwu,MINISTRY OF WORKS,GL-16,30.05.1974,14.05.2010,220313.32,Unknown,"NGN 22,031","N137,008","₦44,356.45",312965.21 naira,4371442794,Plateau,Suspended
MDG300297,halima abubakar,MINISTRY OF EDUCATION,GL-6,03/16/1969,27/03/2000,"₦97,931.18",24482.79,"₦9,793.12","45,391.45 ","₦6,238.54",,2675223557,Imo,paid 
MDG300368,Funmilayo Nnamdi,Ministry Of Finance,GL-4,27.02.1996,06/12/2007,,"NGN 87,421","N34,968","₦169,802.03","N19,854","₦499,629.76",4693210979,Kano,Paid
MDG300237,Bisi Ajayi,Ministry of Finance,GL-16,08/06/1966,24 October 2010,"777,512.84 ","₦194,378.21",77751.28 naira,195338.20 naira,"NGN 40,874",931977.45 naira,4200218672,Rivers,Deducted
MDG300034,Yusuf Nwosu,Ministry of Justice,GL-12,07/27/1994,29/12/2001,"487,640.60 ",121910.15,"NGN 48,764","N351,190",  ,"NGN 800,344",6458665351,kano,PAID
MDG300324,Ngozi Suleiman,ministry of finance,GL-11,1968/09/28,23 October 2021,591942.03 naira,147985.51 naira,"₦59,194.20",222871.99 naira,75524.22,"NGN 739,290",1863738656,Rivers State,Paid
MDG300432,SADIQ BALOGUN,Ministry of Education,GL-12,15.05.1987,2021-04-25,"NGN 736,964","184,240.94 ","NGN 73,696","N544,251","N97,046","NGN 1,184,169",1460677455,Cross River,Deducted
MDG300282,Amara Abubakar,Min. Health,GL-7,1991/09/17,01/06/2005,"N727,407",181851.81 naira,"NGN 72,741",189528.18,"₦78,016.19","N838,919",7106627687,Imo,PAID
MDG300011,Ifeoma  Okafor,Ministry of Health,GL-7,19/07/1973,02/19/2007,"NGN 682,550","NGN 170,637","N68,255","₦492,170.70","NGN 121,580",1053140.66,9408658470,Ogun,PAID
MDG300425,Kemi Mohammed,MINISTRY OF EDUCATION,GL-13,13 May 1975,28 August 2021,"₦64,912.95","₦16,228.24",6491.30 naira,"NGN 38,537","N13,286","₦90,163.50",4207029444,Rivers,paid 
MDG300279,Tunde Bello,Ministry Of Interior,GL-4,2001/05/10,11 October 2000,"₦241,307.19","N60,327",24130.72 naira,"₦91,611.90","NGN 50,334","N282,585",1488838215,Imo,PAID
MDG300194,Grace Chukwu,Ministry Of Health,GL-7,20.08.2001,27/05/2017,243161.69 naira,60790.42 naira,24316.17,180415.76 naira,42067.95,"N381,510",1780550106,kano,Held
MDG300378,Amaka Olawale,Ministry Of Agriculture,GL-4,11.12.1987,01/05/2017,"NGN 444,202","₦111,050.50",44420.20 naira,"₦221,681.14","43,192.42 ","622,690.73 ",2834474265,Ogun,Held
MDG300216,Chinedu Nnamdi,Ministry Of Science & Technology,Level 12,07/03/1979,29/08/2015,  ,127247.3,"₦50,898.92","₦208,462.01","N105,450","₦612,001.10",8296159199,Plateau,paid
MDG300422,Segun Okafor,MINISTRY OF EDUCATION,GL-4,26/07/1993,24-Jan-2006,"₦583,081.35","NGN 145,770",58308.14,"₦400,159.00",  ,"₦935,781.13",4151673958,Anambra,PAID
MDG300127,Wale Okeke,Ministry of Works,GL-1,1968-08-15,13.09.2006,"N95,100",23774.98 naira,"NGN 9,510","N71,570",  ,"₦145,977.64",--,Port Harcourt,paid
MDG300138,  Amaka Olawale   ,Ministry Of Justice,GL-3,19.09.1971,26-Jul-2012,"NGN 436,140","109,035.10 ",43614.04,"NGN 163,146","N78,086",521200.50 naira,8532879463,Ogun,Held
MDG300051,Obinna Mohammed,Ministry of Science & Technology,GL-11,1968/11/24,2020/04/01,"N481,295","NGN 120,324","NGN 48,130","NGN 134,777","₦92,267.88",523804.15,4506710212,Enugu,Pending
MDG300242,Adaeze Ajayi,Ministry of Works,GL-9,1995-08-09,01/01/2012,427837.26,106959.32,42783.73 naira,"N106,199",null,"₦470,984.99",1658693191,Oyo,paid 
MDG300171,Ngozi Adekunle,Ministry of Agriculture,GL-12,22/10/2001,2007-02-04,"₦393,726.45",98431.61,"N39,373","N260,855","NGN 24,791","NGN 629,790",1878126066,FCT,Deducted
MDG300197,Adaeze Okonkwo,Ministry of Justice,GL-10,00/00/0000,13.12.2008,595670.87,"NGN 148,918","₦59,567.09","₦134,534.27",128665.74 naira,"NGN 601,539",8946262346,Akwa Ibom,Held
MDG300031,Bola Ogundimu,ministry of education,GL7,27/03/1996,02.01.2015,"810,492.02 ",202623.01 naira,81049.2,n/a,75497.56,"N1,326,984",8671030821,Cross River,paid
MDG300383,Obinna Afolabi,ministry of interior,GL-6,08-Jan-1965,15/05/2009,"343,629.45 ",N/A,"N34,363","123,646.00 ",75136.04 naira,"₦392,139.41",1706187909,Cross River,Pending
MDG300334,Chioma Okeke,Ministry of Science & Technology,GL-1,22.03.1982,07/05/2004,"256,482.12 ","64,120.53 ",25648.21,"N86,257","N52,503","₦290,235.90",n/a,rivers,paid
MDG300309,Sadiq Abubakar,MINISTRY OF WORKS,GL-17,1981/03/23,12-Apr-2020,"NGN 221,390","NGN 55,347","N22,139",null,"N35,655",,3617063809,Lagos,Paid
MDG300194,Grace Chukwu,Ministry Of Health,GL-7,20.08.2001,27/05/2017,243161.69 naira,60790.42 naira,24316.17,180415.76 naira,42067.95,"N381,510",1780550106,kano,Held
MDG300082,  Chioma Suleiman,Ministry of Agriculture,GL-13,1994-04-03,,"N735,364","NGN 183,841","₦73,536.43","NGN 461,890",180757.84,"N1,016,497",3197417721,Delta,paid
MDG300276,Sadiq Nwosu,MINISTRY OF JUSTICE,GL-4,25-Sep-1976,2014-08-08,815478.31 naira,203869.58 naira,"N81,548",252120.40 naira,"NGN 193,123",874475.6499999999,3868024866,Imo,Paid
MDG300079,Tunde Lawal,Ministry Of Justice,GL-3,30 June 1967,2008-08-18,"NGN 398,627","N99,657",N/A,"NGN 220,784","₦84,509.92","NGN 534,902",--,Akwa Ibom,Deducted
MDG300052,Bola Ajayi,ministry of interior,GL 7,10-Jan-1984,05-Feb-2007,"₦432,545.87",108136.47,"43,254.59 ",158230.09 naira,"NGN 63,518",527257.83 naira,9470523707,Abuja,paid
MDG300433,Chidi Okonkwo,MINISTRY OF AGRICULTURE,GL-7,01.10.1970,07/29/2018,"₦615,280.70","NGN 153,820","NGN 61,528","263,778.91 ","₦116,551.23","₦762,508.38",9362658287,Abuja,Paid
MDG300126,Bisi Lawal,MOF,GL-9,02.11.1966,23 March 2007,692734.13,173183.53,69273.41,334926.41,163765.05 naira,?,8368563870,ABUJA,Deducted
MDG300409,Zainab Olawale,Ministry of Agriculture,Grade Level 9,23/10/1984,2017/01/14,655618.89,163904.72 naira,"NGN 65,562",470715.82 naira,?,"NGN 1,077,497",6811761052,Imo,Deducted
MDG300268,Tunde Ajayi,Ministry of Finance,GL-12,28/07/1980,2021-04-03,"300,059.47 ","N75,015","₦30,005.95",74157.85 naira,70796.0,"NGN 303,421",1448397977,Anambra,Paid
MDG300266,  tunde okonkwo,MINISTRY OF AGRICULTURE,GL-7,25-Jul-1974,2008-05-30,519618.81,"N129,905","NGN 51,962","265,214.52 ",99891.39,n/a,8747511703,Oyo,paid 
MDG300148,Bisi Adeyemi,Finance Ministry,GL-12,12 September 1965,22.05.2019,"₦102,061.67",25515.42 naira,"N10,206",47784.33,22163.63 naira,,6862915967,Cross River,Paid
MDG300208,FEMI OLAWALE,MINISTRY OF JUSTICE,Grade Level 9,18/09/1995,2001/12/10,74629.37,18657.34,"7,462.94 ","₦37,737.12","NGN 8,892","₦103,474.86",9163812104,Kaduna,paid 
MDG300430,Tobi Abubakar,ministry of justice,GL-2,07 May 1977,2000-11-02,"₦819,684.44","₦204,921.11",81968.44,"₦219,147.70",190290.52,"NGN 848,542",4330087905,Abuja,Held
MDG300207,Blessing Abubakar   ,Ministry of Finance,GL-7,12.06.1992,03.04.2016,"N415,993","N103,998",41599.28,"₦89,785.45",91762.73,"414,015.47 ",2376364492,Ogun,PAID
MDG300205,Yusuf Abubakar,Ministry of Agriculture,GL-10,24 May 2000,2018/01/15,"NGN 555,655","N138,914","55,565.50 ","NGN 377,286",null,"N874,215",2990583285,Ogun,Deducted
MDG300152,Amaka Afolabi,MINISTRY OF EDUCATION,GL-4,06-Nov-1991,2001/12/07,"NGN 569,450","N142,363","NGN 56,945","NGN 126,101",129514.28,"N566,037",2224804686,Ogun,paid 
MDG300016,  Amara Bello   ,Ministry of Agriculture,GL-1,09/27/1987,2014-02-26,"779,243.60 ",194810.9,"N77,924","NGN 584,629","₦184,976.02","NGN 1,178,897",4173213274,Abuja,Suspended
MDG300005,Femi Okonkwo,MINISTRY OF JUSTICE,GL-11,29.01.2003,2019-12-17,846687.50 naira,"NGN 211,672","₦84,668.75","N461,830","NGN 97,540","N1,210,978",4617971442,Kaduna,paid
MDG300317,Chioma Bello,ministry of science & technology,GL-1,02.02.1976,06 September 2006,"NGN 806,233",201558.15,"80,623.26 ","NGN 209,316",42908.48 naira,?,9019304340,Rivers,Pending
MDG300134,  Tobi Lawal   ,ministry of science & technology,GL-6,24.07.1994,03-Mar-2016,802313.66,"N200,578",80231.37 naira,534768.88 naira,"NGN 133,857",1203226.02,5334320794,Lagos,Pending
MDG300359,Sadiq Okonkwo,Ministry of Science & Technology,GL-10,26-Nov-1996,02.03.2014,"369,178.26 ",92294.57 naira,36917.83 naira,"N205,595","NGN 25,125",549648.05 naira,3145404476,Akwa Ibom,Deducted
MDG300414,Fatima Adekunle,ministry of finance,GL-1,15/06/1983,02/26/2010,606637.49,"NGN 151,659","₦60,663.75","NGN 345,108","₦79,321.13","N872,425",6772816128,Kano,Pending
MDG300251,  femi adeyemi,MINISTRY OF JUSTICE,GL-14,00/00/0000,22 April 2007,839607.04,"209,901.76 ","NGN 83,961","NGN 464,078","N46,432",1257252.21 naira,4444731492,abuja,Suspended
MDG300021,Ngozi Lawal,Ministry of Agriculture,Grade Level 9,,09/08/2007,"N665,207","166,301.86 ","NGN 66,521",248644.72 naira,90248.11,"N823,604",4931645802,Anambra,Suspended
MDG300101,Kemi Ogundimu,Ministry of Agriculture,GL-10,03-Jul-1969,01/01/2008,"₦99,055.53","NGN 24,764","NGN 9,906","N74,725","9,626.04 ",,9348248606,FCT,paid 
MDG300271,Sadiq Yusuf,Min. of Finance,GL-13,30.08.1968,06/12/2009,813895.53 naira,"NGN 203,474",,"N262,570","N198,698",,8226623723,oyo,Deducted
MDG300401,  CHIOMA SULEIMAN,MINISTRY OF INTERIOR,GL-15,09-Dec-1995,02/03/2008,"NGN 133,946","NGN 33,487",13394.62 naira,"NGN 45,203","NGN 16,203",162945.44,,Lagos,Suspended
MDG300303,Ifeoma Adeyemi,Ministry of Justice,GL 7,1980/09/10,18.04.2005,"N110,471","N27,618",11047.12,29934.98,20164.12,"₦120,242.03",1918012510,Akwa Ibom,paid
MDG300046,Segun Nnamdi,Ministry of Science & Technology,GL-14,29.10.1968,21-Mar-2002,"N752,901",NULL,"N75,290","N360,749","NGN 125,128",,7003114657,Enugu,PAID
MDG300177,Chioma Nnamdi,MINISTRY OF EDUCATION,GL 7,1988-05-23,2017-06-12,"NGN 247,356","NGN 61,839","₦24,735.59",93046.66 naira,"NGN 61,800","₦278,602.72",4144464228,Kaduna,Suspended
MDG300078,Femi Okonkwo,MOH,GL-4,2001/07/06,2006/02/17,"N319,606",79901.43 naira,"₦31,960.57",245521.20 naira,79208.44 naira,,2939709633,Rivers,paid 
MDG300351,Ifeoma Yusuf,Ministry of Science & Technology,GL-1,20.03.1971,14 August 2020,"₦51,241.81","12,810.45 ",5124.18 naira,"NGN 23,171","NGN 8,519","NGN 65,894",6265025165,Abuja,PAID
MDG300274,Blessing Lawal,Ministry of Interior,GL-5,25-Dec-1998,23.09.2009,149350.66,"37,337.67 ","NGN 14,935","NGN 79,515",nil,219773.81 naira,7394289863,Abuja,Paid
MDG300419,OBINNA ADEYEMI,ministry of education,GL-5,12/31/1976,12-May-2006,"N180,399","NGN 45,100","₦18,039.88","N116,633",nil,"NGN 263,256",3134213341,Anambra,paid
MDG300042,  Tunde Mohammed,Ministry of Justice,GL-7,1977/07/16,04/06/2018,455633.37 naira,"N113,908","NGN 45,563",347948.65 naira,"N110,118",693464.23,7637928444,Ibadan,Deducted
MDG300180,Chidi Adeyemi,MINISTRY OF FINANCE,GL-6,02 July 1987,2011-07-16,"₦426,514.93","₦106,628.73","N42,651","213,827.66 ","NGN 21,694","N618,649",8210116748,abuja,Held
MDG300073,Ibrahim Bello,Ministry of Works,GL-14,26 May 1993,10.06.2003,638934.28 naira,159733.57,63893.43,"₦197,049.50","₦88,553.08","N747,431",8119311697,Plateau,paid
MDG300163,Zainab Bello,Ministry Of Justice,GL-15,1984-01-12,28-Apr-2008,773620.75 naira,193405.19 naira,"N77,362",292326.32,"N122,082",,9170958851,Plateau,paid 
MDG300026,Bola Adekunle,ministry of education,GL-1,1978/02/03,2003-01-02,831297.06,NULL,83129.71 naira,"NGN 259,007",161472.28,928831.69 naira,4110471343,Plateau,Pending
MDG300035,Kunle Olawale,Ministry of Science & Technology,GL-12,02 March 1978,27-Feb-2020,"NGN 422,446",105611.58,nil,--,"₦75,892.72",504804.28,6925961535,Delta,Paid
MDG300352,Segun Suleiman,ministry of interior,GL-2,11/03/1971,unknown date,488811.58,122202.9,48881.16,"N343,809",115185.11,,9780081427,Rivers,paid
MDG300392,  YUSUF OKAFOR,MINISTRY OF EDUCATION,GL-3,24 July 1991,28-Sep-2006,132927.14 naira,33231.79 naira,"NGN 13,293","₦37,488.35",11576.78,"₦158,838.71",9759481762,Kano,paid
MDG300147,Amara Bello,ministry of agriculture,GL-1,10/06/1971,27 March 2004,577982.51 naira,"N144,496",n/a,"₦362,241.12",n/a,"₦871,386.82",3518729286,Kaduna,paid 
MDG300379,Kemi Yusuf,Ministry of Interior,GL-12,26/12/1968,01 February 2018,"₦838,961.95","N209,740",83896.20 naira,"N213,103",?,"NGN 916,187",1776559037,Enugu,paid 
MDG300154,Chinedu Eze,Ministry of Works,GL 7,05/04/1995,09/09/2006,115549.89,N/A,11554.99 naira,"58,229.29 ",NULL,151480.13 naira,-,kano,PAID
MDG300103,Funmilayo Suleiman,Ministry of Works,GL-13,05-Apr-1987,01/02/2000,"₦223,071.06","N55,768",22307.11,"N68,209","NGN 41,002",,6618551176,Anambra,paid
MDG300411,Ifeoma Eze,ministry of finance,GL-1,23 March 1988,07/01/2016,"₦53,437.73",?,"NGN 5,344","₦27,328.74","N10,435",,7835691965,Ogun,Deducted
MDG300229,Funmilayo Afolabi,Ministry of Education,GL-1,10-Jun-1967,2001-10-08,"NGN 621,887","NGN 155,472",62188.67 naira,"NGN 459,434","NGN 86,643",null,9016554336,Ogun,Paid
MDG300321,Fatima Yusuf,Ministry of Agriculture,GL7,08/27/1966,28-Nov-2013,376595.85,94148.96,"NGN 37,660",152862.95 naira,"₦93,585.22",435873.5800000001,7634113053,Imo,Suspended
MDG300298,Bisi Okonkwo,Ministry of Interior,GL-14,07 January 1986,16/10/2017,"N281,212",70302.99,28121.20 naira,"₦207,364.17",,421316.64,7409847460,Anambra,Deducted
MDG300160,  EMEKA NWOSU,Ministry of Finance,Grade Level 9,31/05/1991,2000/05/30,"N180,652",45163.04,"₦18,065.22","₦48,859.10",38824.04,"NGN 190,687",6536193982,Anambra,PAID
MDG300331,Grace Adeyemi,Ministry of Works,GL-1,1974-02-10,2005-03-15,"N771,166","192,791.49 ","₦77,116.60",492910.42,159673.61 naira,1104402.7599999998,8025153371,Lagos,Suspended
MDG300382,Tobi Lawal,Ministry Of Science & Technology,GL-17,1990/03/29,01-Mar-2011,"172,089.16 ",43022.29,17208.92,39945.91 naira,16520.09 naira,"NGN 195,515",5274165660,Lagos,PAID
MDG300410,Kunle Ogundimu,ministry of health,GL-10,07.02.1970,10/08/2010,"169,107.80 ","₦42,276.95",16910.78,111782.51,"NGN 23,140","N257,751",2363129334,Cross River,PAID
MDG300199,blessing okafor,Ministry of Education,GL-12,06/03/2002,07/02/2007,744820.45,"NGN 186,205","74,482.04 ","₦186,360.17","N141,633",NIL,8340679619,Imo,Held
MDG300223,  Ifeoma Suleiman,MOH,GL 7,1995-08-04,2014/04/11,"NGN 162,975","₦40,743.84","₦16,297.54","₦126,273.66","₦8,679.42",280569.59 naira,1089673225,Kaduna,paid
MDG300388,Fatima Nwosu,Ministry of Works,GL-5,1969/06/12,07/19/2008,78677.07,"19,669.27 ",7867.71,"N50,126","8,220.43 ","N120,583",1016734816,Ogun,Pending
MDG300181,Sadiq Okeke,Ministry of Health,GL-6,03 September 2000,01/31/2015,"54,042.63 ","13,510.66 ","N5,404",21027.37,"2,948.03 ","NGN 72,122",1909142277,lagos,PAID
MDG300046,Segun Nnamdi,Ministry of Science & Technology,GL-14,29.10.1968,21-Mar-2002,"N752,901",NULL,"N75,290","N360,749","NGN 125,128",,7003114657,Enugu,PAID
MDG300190,Tunde Adeyemi,Ministry Of Education,GL-10,1979-08-17,2013/07/29,347556.60 naira,"N86,889","₦34,755.66","NGN 89,937","73,299.98 ",364194.04,6722035083,kano,Deducted
MDG300242,Adaeze Ajayi,Ministry of Works,GL-9,1995-08-09,01/01/2012,427837.26,106959.32,42783.73 naira,"N106,199",null,"₦470,984.99",1658693191,Oyo,paid 
MDG300054,Halima Adeyemi,Ministry of Interior,Grade Level 9,22.05.2002,2012/08/25,823475.88 naira,"N205,869","N82,348","₦374,006.46","₦197,876.42","N999,606",6011647233,Imo,paid 
MDG300365,ngozi eze,Ministry of Education,GL 7,,15-Aug-2015,"NGN 434,146","108,536.47 ","₦43,414.59","NGN 125,079",25243.0,"₦533,981.52",5122383169,Akwa Ibom,Paid
MDG300273,Fatima Afolabi,MINISTRY OF EDUCATION,GL 7,30.06.1975,11/26/2016,282940.56,"70,735.14 ",28294.06 naira,113126.19 naira,"NGN 67,072","N328,994",7519904892,oyo,Suspended
MDG300313,chidi suleiman,Ministry of Finance,GL-2,1988-05-31,07-Dec-2015,678591.93,169647.98,67859.19,238792.82,"123,421.72 ",793963.03,2745638462,Plateau,PAID
MDG300394,Ibrahim Nwosu,MINISTRY OF SCIENCE & TECHNOLOGY,GL-2,1978-03-13,2012-07-10,"NGN 275,963","₦68,990.79",27596.31,  ,"NGN 43,634",287899.32,3933050644,Kaduna,Paid
MDG300007,Chioma Adekunle,Ministry Of Works,GL-7,11.11.1982,23 November 2000,541995.15 naira,--,"₦54,199.52","NGN 414,955","98,100.99 ",858849.28,1394812652,Edo,Pending
MDG300055,Halima Lawal,ministry of finance,GL-11,12 January 1987,2011/12/01,,n/a,"₦34,047.45","NGN 266,273",67270.21 naira,,1326525194,Enugu,PAID
MDG300224,Bisi Okonkwo,Ministry of Health ,GL-13,15 March 1968,26 February 2020,160628.36,"NGN 40,157",16062.84 naira,"N61,518","NGN 12,471","₦209,675.38",3879591718,KANO,PAID
MDG300098,chinedu yusuf,MOH,GL-13,1977-05-27,02/06/2003,813258.59 naira,"203,314.65 ",81325.86,"₦383,963.64","N155,794",1041428.37 naira,1710657837,Cross River,paid 
MDG300262,Aliyu Abubakar,Ministry of Agriculture,GL-1,22-Feb-1971,30-Jan-2020,"NGN 411,646",102911.5,"₦41,164.60",304967.21 naira,76578.63,640034.57,9955393667,Port Harcourt,Deducted
MDG300131,Amaka Suleiman,Ministry of Works,GL-13,22/05/1998,2005/02/01,62617.44 naira,"₦15,654.36","6,261.74 ","₦19,807.81",3497.03,"N78,928",1604646841,Imo,Held
MDG300159,Ifeoma Lawal,Ministry of Science & Technology,GL-8,23-May-1967,17-Aug-2021,140960.71,"NGN 35,240",14096.07 naira,"N47,299",8273.26 naira,"₦179,986.04",,Imo,Deducted
MDG300072,Yusuf Balogun,MINISTRY OF EDUCATION,GL-8,09/08/1983,01 February 2017,"₦554,038.38","NGN 138,510","55,403.84 ","NGN 127,157","N76,109","NGN 605,086",9575763949,Rivers,paid
MDG300153,Wale Nwosu,Ministry of Education,GL-17,01-Aug-1988,26-Jan-2001,"NGN 825,965",Unknown,NIL,"N337,477",  ,"NGN 1,064,163",6394997489,Edo,Pending
MDG300437,HALIMA MOHAMMED,Ministry of Education,GL-15,29-Mar-2001,25/07/2008,"NGN 756,866","NGN 189,217",75686.63 naira,318467.06,"N132,440","942,893.65 ",1561314363,Cross River,Paid
MDG300293,Funmilayo Lawal,Ministry of Agriculture,GL-10,25/06/1997,05/01/2021,577959.38,144489.85 naira,"₦57,795.94",423845.21,34603.52,967201.07 naira,1963206149,Lagos,paid
MDG300256,Femi Afolabi,Ministry of Interior,GL-7,05/05/1992,08-Feb-2016,"₦510,044.86","127,511.21 ","NGN 51,004","N159,239","122,561.03 ","NGN 546,723",6840478705,Edo,Paid
MDG300104,  CHINEDU OGUNDIMU   ,MINISTRY OF JUSTICE,GL-13,1973/07/03,05.08.2014,366903.03,"₦91,725.76",36690.3,"₦104,583.33","64,897.40 ","NGN 406,589",2223641067,Enugu,Held
MDG300249,musa  bello,MINISTRY OF JUSTICE,Grade Level 9,02 November 1989,2009-12-27,"NGN 507,366","NGN 126,842",50736.65 naira,"N392,999","₦116,324.25",,8708804073,Anambra,paid
MDG300050,Fatima Bello,MINISTRY OF AGRICULTURE,GL-4,25 June 1968,02.08.2004,"241,137.46 ","₦60,284.36","₦24,113.75",119255.19 naira,24029.35,"336,363.30 ",3618635676,Akwa Ibom,Deducted
MDG300396,Kemi  Lawal,Min. of Finance,GL-4,1975-10-12,14.02.2014,"N187,815","₦46,953.79","N18,782",141104.78,"NGN 22,146","₦306,774.22",--,Enugu,paid 
MDG300277,Adaeze Yusuf,ministry of finance,GL-7,13/02/1967,03/17/2004,"₦826,385.05","N206,596",82638.51 naira,231153.34 naira,194909.29 naira,"NGN 862,629",4244724802,Kaduna,paid 
MDG300438,Chioma Suleiman,ministry of agriculture,Level 12,06-Mar-2002,23.04.2018,521507.04 naira,130376.76 naira,"₦52,150.70","N289,084","N49,325",761266.12 naira,8117798061,Cross River,PAID
MDG300386,Amaka Okonkwo,ministry of works,GL-4,16 April 1993,13 November 2012,"N746,529","NGN 186,632","74,652.87 ","NGN 475,215","₦51,174.25","N1,170,569",5670983945,Akwa Ibom,paid 
MDG300427,fatima ajayi,MINISTRY OF SCIENCE & TECHNOLOGY,GL-16,02 January 1967,25-Aug-2008,447990.68 naira,111997.67 naira,"NGN 44,799",315571.89 naira,"NGN 34,895","728,667.73 ",4068427264,Plateau,Deducted
MDG300211,Tobi Okafor   ,Ministry Of Science & Technology,GL-3,1983-05-16,26/02/2004,"₦308,832.59","NGN 77,208","NGN 30,883",null,"NGN 51,287",477249.79 naira,7125441653,Imo,paid 
MDG300330,  Aliyu Suleiman,ministry of finance,GL-16,05/03/1989,2020/10/24,473684.52 naira,118421.13 naira,"₦47,368.45","N244,752","N72,450","NGN 645,987",8561951539,Akwa Ibom,Held
MDG300149,  Yusuf Ogundimu,MINISTRY OF WORKS,GL-5,24.11.1971,12/06/2015,61017.25,"NGN 15,254","6,101.73 ","NGN 42,559","₦7,302.37",96273.89 naira,8789539025,Edo,Pending
MDG300345,KEMI OKONKWO,Ministry of Justice,GL-10,1971/05/06,10.05.2017,454075.39 naira,n/a,"NGN 45,408",231739.33,"₦38,664.72","₦647,150.00",1990041788,Lagos,Deducted
MDG300286,Halima Balogun,Ministry Of Finance,gl-14,20/10/1970,2016-07-15,"NGN 721,797","₦180,449.27","72,179.71 ","NGN 260,665",133675.23,"NGN 848,786",9205885404,Ogun,Deducted
MDG300168,Halima Ogundimu,Ministry Of Education,GL-2,03/09/1990,27.12.2017,"N50,842",12710.6,"₦5,084.24","₦34,146.83","₦9,820.84","N75,168",null,Enugu,Deducted
MDG300284,Amara Balogun,Ministry of Agriculture,GL-16,16-May-2000,09/21/2002,"₦607,105.83",151776.46 naira,"₦60,710.58","NGN 316,013",69013.49,"NGN 854,106",2976523570,Lagos,Pending
MDG300053,Sadiq Ajayi,Ministry Of Education,GL-1,1998/09/27,23.12.2010,625656.78 naira,"₦156,414.20","NGN 62,566","NGN 304,673",114602.52 naira,"NGN 815,727",1841615617,Lag,Held
MDG300038,Musa Suleiman,Ministry of Science & Technology,GL-15,10-Jan-2003,08/10/2011,"₦148,503.20","₦37,125.80",14850.32 naira,66527.83,"N7,506","₦207,524.86",2767365766,Cross River,Deducted
MDG300347,yusuf olawale,MINISTRY OF INTERIOR,GL-14,06/12/1978,06.06.2016,"NGN 527,644","NGN 131,911","NGN 52,764","₦191,058.63",72374.39,"NGN 646,329",9159460149,Plateau,Paid
MDG300091,obinna suleiman,Ministry Of Science & Technology,GL-10,07/09/1968,25-Mar-2015,"₦447,533.34","NGN 111,883","NGN 44,753","N98,164","₦96,632.01","NGN 449,065",4030955314,Imo,Pending
MDG300102,Grace Olawale,Ministry of Works,GL-7,1982/12/26,2006-11-12,"₦616,137.76",154034.44 naira,"N61,614","NGN 282,969",41645.78,857460.52 naira,8940753114,Delta,Held
MDG300174,Kemi Chukwu,Ministry Of Education,GL-1,05.08.1995,16-Jan-2016,"₦504,268.69",126067.17,"NGN 50,427",250185.5,"N65,553","NGN 688,901",1885872956,Kano,Held
MDG300406,Chinedu Okeke,ministry of science & technology,GL7,1988/05/22,09/09/2010,"NGN 660,839",165209.83 naira,"N66,084","NGN 209,767",39116.92,"NGN 831,490",8124848677,Delta,PAID
MDG300371,Ibrahim Nwosu,Ministry of Health,GL-3,06/01/1998,11/05/2001,"N615,224","₦153,805.89",61522.36,"₦185,967.68",73833.05 naira,"NGN 727,358",8380807918,kano,Suspended
MDG300029,Sadiq Abubakar,Ministry of Works,Grade Level 9,1965/05/18,2000-09-23,689970.72,"172,492.68 ","₦68,997.07","N521,503",135369.73 naira,"1,076,103.72 ",4205524948,Akwa Ibom,Pending
MDG300049,Segun Abubakar,Ministry of Works,GL-8,16/04/1991,30/12/2015,"₦289,856.60",72464.15,"N28,986","₦201,121.07","₦51,638.63","439,339.04 ",2201161561,Delta,Paid
MDG300400,Obinna Nwosu,ministry of agriculture,GL-3,1981-06-27,2016/03/08,299830.18,"N74,958","₦29,983.02","₦98,585.30","NGN 44,204","₦354,211.76",1046864165,Ogun,Suspended
MDG300150,Aliyu Yusuf,Ministry of Interior,GL-14,12/08/1994,2016/06/01,350011.86 naira,"₦87,502.96","₦35,001.19",NIL,"₦61,985.57",unknown,7487889664,Fct Abuja,paid
MDG300335,Ifeoma Ogundimu,Min. of Finance,GL-16,1988-01-26,09-Mar-2009,"₦679,354.17",169838.54 naira,67935.42,"NGN 152,795","₦122,053.18","₦710,095.80",8436788945,Enugu,Held
MDG300166,Amaka Ajayi,ministry of finance,GL-10,26 August 1977,2005-01-15,  ,149103.94 naira,59641.58,"NGN 351,609","₦71,068.31",876956.6399999999,5975099103,Edo,Pending
MDG300173,Ngozi Olawale,MINISTRY OF WORKS,Level 12,1970-05-16,2002/06/29,"₦489,689.88",122422.47 naira,48968.99,204094.95,"₦97,623.40",,3284947189,Imo,Suspended
MDG300001,Obinna Nnamdi,Ministry of Works,GL-6,27 January 1971,15 November 2001,638075.27 naira,"N159,519","₦63,807.53","₦480,901.32","47,068.44 ",1071908.15 naira,6064454108,Oyo State,Suspended
MDG300357,Musa Okeke,ministry of agriculture,Grade Level 9,26 April 1986,2006/07/21,345229.80 naira,"NGN 86,307","34,522.98 ",231086.06 naira,"NGN 27,791","NGN 548,525",3394225315,Imo,PAID
MDG300269,BOLA LAWAL,Ministry of Education,GL-13,09.05.1965,22/06/2018,"NGN 397,896","NGN 99,474","39,789.59 ","₦109,676.42","₦56,201.30",,6769415339,Cross River,Suspended
MDG300093,Obinna Okeke,Ministry of Interior,GL-4,1969/11/09,09 October 2012,533396.01,133349.00 naira,"NGN 53,340","₦176,231.31",NIL,"₦626,992.55",2241558116,FCT,paid 
MDG300030,Yusuf Yusuf,Ministry of Justice,GL-3,06/04/1969,2016/07/21,"NGN 721,419","N180,355",72141.85 naira,493465.53,"N53,820","₦1,161,064.34",6622221695,Delta,Held
MDG300014,  CHIOMA BALOGUN   ,Ministry of Finance,GL-5,10/05/1985,01-Dec-2000,"N468,951","NGN 117,238",46895.12,"NGN 189,100","46,301.83 ",,4574419893,Imo,Deducted
MDG300285,Blessing Adekunle,Ministry of Works,GL-6,20/12/1978,27/06/2014,493034.87,123258.72 naira,"NGN 49,303","N388,789","N28,304",n/a,4744741920,Kaduna,Paid
MDG300213,Kunle Chukwu,MOF,GL-17,18 February 1972,03 May 2003,"₦702,198.90",175549.73,70219.89 naira,446851.83,42663.07,1106387.66 naira,3269553108,Enugu,Pending
MDG300380,Bola Ajayi,Min. of Finance,GL-6,28-Feb-1978,05-Sep-2003,"₦674,323.69","NGN 168,581","NGN 67,432",522521.69,"NGN 150,634",1046211.44,7567210467,Kaduna,paid
MDG300036,Yusuf  Olawale   ,Finance Ministry,GL-2,28 September 1993,2015-02-10,"389,285.02 ",97321.26,"₦38,928.50",88276.83,"NGN 49,560","₦428,001.68",  ,Oyo State,paid
MDG300209,sadiq chukwu,Ministry of Education,GL-11,1974-02-18,01/08/2014,"₦736,572.27","₦184,143.07","₦73,657.23","N409,285","N103,472",N/A,1878208290,Lagos,paid
MDG300162,Amaka Bello,Ministry Of Justice,GL-3,18-Jan-1991,28 June 2008,"N501,084","NGN 125,271","50,108.38 ","260,972.02 ","105,556.65 ",656499.1799999999,3895052369,Anambra,paid 
MDG300307,Sadiq Suleiman,Ministry of Education,GL-9,not set,2010-08-10,NIL,80411.13 naira,"NGN 32,164","₦187,655.67","NGN 27,986","N481,314",3893148245,Rivers,PAID
MDG300400,Obinna Nwosu,ministry of agriculture,GL-3,1981-06-27,2016/03/08,299830.18,"N74,958","₦29,983.02","₦98,585.30","NGN 44,204","₦354,211.76",1046864165,Ogun,Suspended
MDG300246,Ibrahim Adekunle,MINISTRY OF FINANCE,GL-11,1979-12-07,07/06/2000,n/a,"27,317.40 ",10926.96 naira,"83,740.93 ",13376.05,,1574518463,Kano,Deducted
MDG300403,Segun Bello,Ministry of Works,GL-3,16/10/1978,05.04.2012,444810.46,n/a,"₦44,481.05",343901.05,"39,276.01 ","NGN 749,436",5415559366,Imo,Suspended
MDG300238,Musa Abubakar,Ministry of Works,GL-9,1994-02-02,2006-07-12,165821.27,41455.32,16582.13 naira,80397.49,"37,282.09 ",208936.67,4503011715,Lagos State,paid 
MDG300236,Grace Ogundimu,Ministry of Agriculture,GL 7,03.06.1975,27 October 2005,650225.19 naira,162556.30 naira,"NGN 65,023",369492.34,"N135,558",884159.43,6124042570,Kaduna,paid
MDG300025,Emeka Mohammed,ministry of finance,Grade Level 9,12-Mar-1993,03/25/2004,"500,517.32 ","125,129.33 ",50051.73 naira,"NGN 143,960","N89,417","NGN 555,060",4206638613,Kano,Held
MDG300354,Wale Chukwu,Ministry of Interior,GL 7,19-Aug-1986,2012/05/18,519529.15,"NGN 129,882","N51,953","NGN 369,685","NGN 111,867","777,347.28 ",6607534634,Oyo State,paid
MDG300108,Ifeoma Nwosu   ,Ministry of Justice,GL-7,N/A,2015/05/30,"N715,080","NGN 178,770","N71,508","N444,307","NGN 153,144","₦1,006,243.66",8479254034,Kano,Held
MDG300074,Femi Eze,Ministry Of Justice,GL-15,11 April 2003,16-Jan-2007,344836.20 naira,86209.05,"NGN 34,484",253626.84,80199.62,518263.42000000004,5786565002,Akwa Ibom,Deducted
MDG300059,Tunde Okeke,MOF,GL-10,01.12.1994,2004/06/01,"NGN 250,800",62699.88 naira,25079.95 naira,  ,"N32,798","₦405,813.12",5537967771,Delta,Held
MDG300428,Chioma Okeke,Ministry of Agriculture,GL-9,12/18/1969,29.06.2009,"N216,067",54016.74,"NGN 21,607","N82,333","₦16,931.60","₦281,468.52",3206291184,Ogun,Paid
MDG300210,Adaeze Suleiman,MINISTRY OF WORKS,GL-14,19.10.1971,22/12/2015,"500,532.79 ",125133.2,"50,053.28 ","NGN 145,758",117363.01 naira,"NGN 528,927",7050582054,Edo,Paid
MDG300231,Kunle Okafor,Ministry of Works,GL-9,10.06.1965,08-Apr-2004,201266.14,"₦50,316.54",20126.61,134119.4,"₦19,313.86","N316,072",3342730143,Anambra,Held
MDG300019,Aliyu Bello,Ministry of Science & Technology,Level 12,1972/01/11,31 March 2021,"N396,780",99194.97,"NGN 39,678",214497.29,"₦22,350.32","588,926.84 ",7851995445,Akwa Ibom,Pending
MDG300169,Sadiq Balogun,ministry of science & technology,GL-6,08.07.1976,2020-06-09,"NGN 117,367","₦29,341.86",11736.74,92241.57,26974.03,"N182,635",NULL,Enugu,paid
MDG300267,Sadiq Ajayi,ministry of education,GL-16,1993-07-02,21/08/2000,557606.55,"N139,402","55,760.66 ","NGN 296,945","82,451.22 ",772100.47 naira,4052666261,Delta,paid 
MDG300195,Amara Okeke,MINISTRY OF SCIENCE & TECHNOLOGY,GL-8,1969/08/06,08-Dec-2002,786458.92,"₦196,614.73","₦78,645.89","₦321,110.98","₦126,999.85",980570.0499999999,2782958800,Imo,paid
MDG300349,Aliyu Eze,MOH,GL-10,01.05.1992,20/09/2012,"N538,095","N134,524","₦53,809.50",378560.19,"₦76,578.23","NGN 840,077",5139263714,Oyo,paid 
MDG300215,Adaeze Okonkwo,Ministry of Agriculture,GL-16,05 March 1975,03/07/2013,48750.75,"N12,188",4875.07,"₦37,377.22","NGN 7,996",nil,5484140663,Oyo,PAID
MDG300369,Bola Suleiman,Ministry of Justice,GL-13,05-Jul-1968,02/26/2017,"₦666,328.84","₦166,582.21",66632.88 naira,197264.53,"N63,603",799989.97 naira,1536268042,Edo,Pending
MDG300315,Segun Mohammed,Ministry of Justice,GL-15,1998/12/23,2018-12-03,559275.96 naira,"139,818.99 ","N55,928",147537.88,"₦27,975.62",678838.22 naira,4739537055,Delta,paid
MDG300110,Tobi  Suleiman   ,Ministry of Agriculture,GL-1,09/11/1984,03/02/2003,"N539,596",134898.95,"N53,960",147858.29 naira,81558.68,--,1837601226,Lagos,PAID
MDG300405,Fatima Afolabi,MINISTRY OF SCIENCE & TECHNOLOGY,GL-17,25 January 1999,11/03/2013,"N101,426","NGN 25,356","NGN 10,143",45695.10 naira,"24,815.57 ","N122,305",5666939721,Imo,Pending
MDG300343,Yusuf Ajayi,Ministry of Finance,GL-12,22-Jan-1984,06.08.2009,"779,342.13 ",194835.53,"NGN 77,934","NGN 403,181",106732.53,"N1,075,791",5701300637,Kaduna,paid
MDG300155,Kunle Okeke,MINISTRY OF SCIENCE & TECHNOLOGY,GL-6,15-Dec-1988,30-Jun-2003,"425,750.22 ",106437.55,42575.02,144658.35,74678.50 naira,,-,Enugu,paid 
MDG300333,ZAINAB ADEKUNLE,ministry of education,GL-9,13.11.1968,25-Dec-2003,,"NGN 95,726","N38,290","NGN 181,435","₦33,686.65",530652.19,2163490217,Rivers State,Paid
MDG300412,Emeka Eze,Ministry of Education,GL-3,1988-06-24,2010/04/20,"₦447,156.82","111,789.21 ","₦44,715.68",,"N81,699",716871.41 naira,7592611838,Enugu,Suspended
MDG300373,Grace Nwosu,MINISTRY OF SCIENCE & TECHNOLOGY,GL-16,22-Feb-1969,N/A,610345.75,"₦152,586.44",61034.58,387194.32 naira,"₦77,259.27","₦920,280.80",1801635542,Imo,Deducted
MDG300250,Ibrahim Suleiman,Ministry of Justice,GL-12,23/06/1972,2019-02-22,273279.68 naira,"₦68,319.92",27327.97 naira,209457.26,"NGN 26,325","NGN 456,412",6968897423,Ogun,Deducted
MDG300114,Femi Chukwu,Ministry of Education,GL-13,18 January 1967,14/12/2002,710445.78,177611.45,"71,044.58 ","N164,758","NGN 76,051","₦799,152.44",unknown,ABUJA,Suspended
MDG300270,Sadiq Bello,Ministry of Health,GL-5,10/01/1968,19/01/2013,"₦531,732.61","132,933.15 ",53173.26 naira,"NGN 388,830","NGN 102,126","N818,436",1601683984,Kano,paid
MDG300178,Bisi Chukwu,MINISTRY OF WORKS,GL-8,1977-01-19,12 November 2014,"NGN 243,612",60903.01,"N24,361","N67,461",26744.04 naira,"NGN 284,329",2934753202,Enugu,Suspended
MDG300420,Tunde  Nnamdi,Ministry of Education,GL-11,1985-07-01,07.05.2002,"93,815.95 ",23453.99 naira,9381.59,"N62,465","N8,220","NGN 148,062",3381013615,Delta,PAID
MDG300172,Sadiq Okonkwo,Ministry of Interior,GL-16,1975/07/26,31/08/2021,"N844,512","₦211,127.90","₦84,451.16","₦562,894.50","N207,623","1,199,783.05 ",5046355935,Akwa Ibom,paid 
MDG300074,Femi Eze,Ministry Of Justice,GL-15,11 April 2003,16-Jan-2007,344836.20 naira,86209.05,"NGN 34,484",253626.84,80199.62,518263.42000000004,5786565002,Akwa Ibom,Deducted
MDG300200,Ifeoma Afolabi,Ministry of Interior,GL-4,1983/06/09,02/14/2010,"NGN 652,942","NGN 163,236",65294.24,"₦278,212.71",--,"853,608.73 ",5055984107,lagos,Suspended
MDG300375,Wale Ogundimu,ministry of education,gl-14,14/04/2003,18/03/2005,"₦803,651.27",200912.82,80365.13,"N521,501","NGN 88,827","1,236,325.00 ",4165961222,Delta,Pending
MDG300203,Zainab Chukwu,MINISTRY OF EDUCATION,GL-6,04/10/1995,12.03.2014,"NGN 486,388","NGN 121,597",48638.82 naira,271551.55 naira,--,713137.58,7166336937,Cross River,paid 
MDG300304,Zainab Nnamdi,Ministry of Interior,GL-6,19/04/1980,17/06/2019,"NGN 734,169",183542.13 naira,"NGN 73,417",294957.86 naira,"150,612.73 ","878,513.66 ",5952008977,abuja,PAID
MDG300023,Grace Bello,Ministry of Education,GL-3,12/05/1965,24.03.2002,107780.79 naira,"N26,945","10,778.08 ","NGN 45,188","NGN 15,239","₦137,729.71",1314865432,Delta,paid 
MDG300214,Bisi Okonkwo,ministry of justice,GL-14,1994-08-14,27.09.2004,"₦295,869.58","73,967.40 ",unknown,"₦93,909.27","N33,375","NGN 356,404",1125711199,Edo,Pending
MDG300091,obinna suleiman,Ministry Of Science & Technology,GL-10,07/09/1968,25-Mar-2015,"₦447,533.34","NGN 111,883","NGN 44,753","N98,164","₦96,632.01","NGN 449,065",4030955314,Imo,Pending
MDG300008,Kemi Okonkwo,MINISTRY OF AGRICULTURE,GL-2,16-Sep-2002,04/05/2014,324569.63 naira,81142.41 naira,"NGN 32,457",196674.63,"NGN 33,178",488065.87 naira,6258777951,Oyo,Held
MDG300116,tunde balogun,Ministry of Agriculture,GL-15,12 April 2002,01.08.2016,"NGN 184,023",46005.71 naira,"NGN 18,402",106262.45,40696.86,"N249,588",3615903317,Kaduna,Paid
MDG300358,Tunde Yusuf,Ministry Of Justice,GL-15,07.06.2001,2019/04/25,508294.15 naira,127073.54 naira,50829.42,"N406,192",121717.85 naira,792768.48 naira,1091638419,Edo,paid
MDG300306,bisi eze,Ministry of Science & Technology,GL-15,1974-02-07,05-Dec-2003,Unknown,"NGN 73,436",29374.49,,47873.09,,5873604230,Delta,Pending
MDG300045,Adaeze Ajayi,ministry of works,GL-7,02/01/1970,15/08/2020,"NGN 653,014","N163,254",65301.41 naira,"NGN 202,373",128775.17,726611.98,7967262588,Anambra,PAID
MDG300143,Bisi Olawale,Ministry of Interior,GL-5,1995-07-09,03 December 2014,"N156,570","₦39,142.47","N15,657","N50,669","₦36,372.18","NGN 170,867",--,Delta,Paid
MDG300204,Funmilayo Yusuf,Ministry of Works,GL-3,1969/06/27,2005-09-30,"N819,892","NGN 204,973","NGN 81,989",633761.97,131859.76,1321794.06 naira,8758403661,Abuja,Suspended
MDG300144,Blessing Lawal,ministry of health,Grade Level 9,15-Jan-2002,04/18/2021,"767,603.82 ","NGN 191,901",76760.38,530314.83,"84,504.61 ","N1,213,414",5855535478,Cross River,PAID
MDG300310,Emeka Ajayi,MINISTRY OF EDUCATION,GL-14,14.08.1990,07/02/2010,"NGN 562,528","NGN 140,632",56252.83,"NGN 116,712",null,612374.5399999999,2522712544,Rivers,Suspended
MDG300244,Obinna Olawale,ministry of finance,GL-10,12 April 1970,2014-11-06,"N315,743","NGN 78,936","₦31,574.29","N110,225",61119.66 naira,364848.23,2891108423,Enugu,Held
MDG300001,Obinna Nnamdi,Ministry of Works,GL-6,27 January 1971,15 November 2001,638075.27 naira,"N159,519","₦63,807.53","₦480,901.32","47,068.44 ",1071908.15 naira,6064454108,Oyo State,Suspended
MDG300024,Funmilayo Adeyemi,ministry of education,Level 12,07.01.1966,11.04.2008,"768,180.52 ","₦192,045.13","N76,818","N360,348","136,365.58 ","N992,163",8966988016,Lagos State,Held
MDG300076,Musa Ajayi,ministry of finance,GL-4,06/15/1975,20-Jan-2020,266803.25,"NGN 66,701","N26,680",201076.73 naira,"NGN 55,897",411983.14,6298688005,Kaduna,Paid
MDG300063,Segun Ajayi,ministry of science & technology,Level 12,15/07/1975,23-Jul-2008,226672.51 naira,56668.13,22667.25 naira,"₦84,380.61","₦47,367.75","NGN 263,685",9192438789,Abuja,Pending
MDG300003,Funmilayo Lawal,MINISTRY OF JUSTICE,GL-16,06/09/1983,30-Oct-2016,null,"209,061.73 ",83624.69 naira,"N176,957",106359.83,906844.25 naira,2668192967,Imo,Suspended
MDG300299,Adaeze Balogun,MINISTRY OF AGRICULTURE,GL-6,08-Jun-1980,26/08/2020,626533.80 naira,"N156,633","62,653.38 ","NGN 323,457","₦150,104.79",799886.12,3206776595,Oyo,paid 
MDG300107,Chioma Balogun,Ministry of Justice,GL 7,08.04.1985,02-Nov-2011,"N544,622","₦136,155.48","54,462.19 ","171,007.99 ","NGN 106,933",608696.89,,Rivers,Suspended
MDG300344,Bola Okeke,Ministry Of Finance,GL-16,24/01/1982,2002/07/14,"₦841,096.74","N210,274","NGN 84,110","N184,989","NGN 169,258",856827.67 naira,1993060041,Plateau,paid 
MDG300119,Sadiq Abubakar,Ministry of Education,GL-17,07/06/1982,07/01/2009,"₦68,004.89",17001.22 naira,"NGN 6,800","N31,509","NGN 12,904",86609.5,3814118428,Oyo State,Held
MDG300041,Fatima Abubakar,Ministry Of Agriculture,GL-15,2002-12-06,2014-03-27,619453.89 naira,"NGN 154,863",61945.39,239542.17 naira,"₦104,409.65","754,586.41 ",3097778113,Anambra,Suspended
MDG300115,Blessing Nnamdi,Ministry of Agriculture,gl-14,1969/01/08,,"₦457,630.26","114,407.57 ",45763.03,"NGN 280,000","NGN 64,972",,1131568583,Rivers,paid
MDG300032,Sadiq Eze,MINISTRY OF INTERIOR,gl-14,24-Aug-1989,06/08/2009,"N169,137",42284.25 naira,"NGN 16,914","NGN 99,194","NGN 29,308","₦239,023.26",--,Enugu,Deducted
MDG300302,obinna adeyemi,MINISTRY OF WORKS,GL-4,1982/01/26,29 March 2002,"₦846,197.51","NGN 211,549","NGN 84,620","NGN 602,271",86966.62,"N1,361,502",4106976037,Kano,paid
MDG300100,Emeka Lawal,MINISTRY OF SCIENCE & TECHNOLOGY,GL-12,12/24/1985,02/13/2017,358367.42 naira,89591.85 naira,"₦35,836.74","₦137,981.46","NGN 64,303","₦432,045.52",6095382070,Ogun,paid 
MDG300301,Ibrahim Eze,ministry of works,GL-2,1972/11/07,29/04/2015,"₦199,573.82","49,893.46 ","NGN 19,957","₦106,013.83","NGN 12,154","₦293,433.69",6041965886,Abuja,Pending
MDG300329,TUNDE  YUSUF,Ministry of Works,Level 12,1990/11/27,12 December 2013,"N455,710","NGN 113,928","45,571.05 ","₦350,124.96","NGN 108,564",697271.10 naira,3821209775,Enugu,PAID
MDG300132,  WALE CHUKWU,Ministry Of Interior,GL-5,18 June 1989,17 April 2007,537124.48,unknown,"53,712.45 ",-,67236.40 naira,664641.96 naira,6891476496,Kaduna,Deducted
MDG300130,  BOLA ADEYEMI,Ministry of Finance,GL-12,14.07.1996,14-Sep-2007,"N323,892","₦80,972.92",32389.17,--,"₦71,956.02","464,040.43 ",1093382780,Kaduna,Suspended
MDG300048,Kunle Okeke,Ministry of Health,GL-3,11.01.1984,04-Mar-2012,88258.56 naira,"₦22,064.64",8825.86,"₦58,573.98","NGN 8,049",138783.22,9559889837,Akwa Ibom,Deducted
MDG300435,Segun Suleiman,HEALTH MINISTRY,GL-13,01/21/1990,2016/09/24,"NGN 255,033",63758.15 naira,"N25,503",nil,"NGN 38,574","N380,385",7566326190,Cross River,paid
MDG300390,Ngozi Mohammed,Ministry Of Agriculture,GL7,,18-Nov-2006,"₦788,937.49","NGN 197,234","N78,894","NGN 340,982","NGN 48,345","1,081,574.38 ",null,Anambra,paid 
MDG300140,Chioma Olawale   ,MINISTRY OF SCIENCE & TECHNOLOGY,GL7,18-Nov-1975,11/03/2001,"N260,411","65,102.77 ","N26,041","₦170,696.11","₦33,272.20","₦397,835.00",4229358726,Abuja,Pending
MDG300085,Yusuf Ogundimu,Ministry of Agriculture,GL-13,15.11.1975,26 July 2002,"609,028.85 ",152257.21,60902.89 naira,154588.97 naira,110200.74,-,9264413177,Rivers,paid 
MDG300105,Musa Afolabi,Ministry of Science & Technology,GL-7,,05/13/2013,"NGN 358,845",89711.26 naira,35884.5,207321.32,84471.9,"₦481,694.45",2942212433,Enugu,Held
MDG300142,Kemi Suleiman,Ministry Of Agriculture,GL-5,08/26/2001,2018/01/24,"847,215.11 ","211,803.78 ","NGN 84,722",280887.91,,954178.83 naira,--,Imo,PAID
MDG300322,Amara Bello,ministry of interior,Level 12,04/26/1985,07/25/2018,694330.15 naira,173582.54 naira,"₦69,433.01","316,702.14 ","NGN 138,100",,9628802417,Abuja,paid
MDG300137,Kunle Abubakar,MINISTRY OF JUSTICE,GL-15,26/01/1973,27/07/2003,482113.05 naira,"₦120,528.26","₦48,211.31","NGN 136,797",114809.18 naira,,7586651399,Edo,Pending
MDG300332,Fatima Mohammed,MOF,GL-8,27-Mar-1996,13 May 2020,"NGN 832,941","208,235.21 ",null,348637.88 naira,"NGN 104,142","1,077,436.75 ",3088803757,Kaduna,Deducted
MDG300196,SEGUN OKONKWO   ,MINISTRY OF INTERIOR,GL-4,1983/09/10,09/13/2007,"416,195.45 ",104048.86,"₦41,619.55",240370.58,"N58,054","N598,512",4641356751,Imo,Paid
MDG300058,Segun Nnamdi,Ministry of Education,GL-13,1989/02/27,2002-04-19,"₦214,366.85","53,591.71 ","N21,437","154,843.76 ","N29,312",339898.81 naira,3106631393,Kaduna,Suspended
MDG300253,Aliyu Balogun,Ministry of Science & Technology,GL7,09-Jul-1976,12/01/2006,454044.1,113511.02,"NGN 45,404","₦230,137.53",59574.24,,4255524735,Akwa Ibom,Deducted
MDG300006,Segun Yusuf,ministry of health,GL-3,1985/04/09,11/06/2019,"NGN 173,162","NGN 43,290",17316.18,136192.42,"NGN 23,792","N285,562",8652475164,Port Harcourt,Paid
MDG300247,Bola Lawal,Ministry of Agriculture,GL-2,1992-11-20,10/06/2005,843509.96 naira,"N210,877",84351.0,"NGN 489,949","NGN 74,125",1259333.62 naira,3603746205,Rivers,Paid
MDG300257,Bola Mohammed,Ministry of Education,GL-12,05/11/1995,2013-04-12,"N584,989","NGN 146,247","₦58,498.87",315916.43,"NGN 38,720",862185.4299999999,5544439617,Ogun,PAID
MDG300067,Aliyu Eze,Ministry of Education,GL-3,03/13/2001,2011/04/09,"NGN 462,711",115677.77,"NGN 46,271",227102.90 naira,"₦26,933.13",662880.86 naira,2703056950,KANO,Suspended
MDG300129,Amara Ajayi,Ministry of Education,GL-17,28.05.1993,2014-08-16,"NGN 625,520",156380.10 naira,62552.04 naira,"N354,358","NGN 147,327","₦832,551.50",6802917516,Port Harcourt,Suspended
MDG300240,Yusuf Balogun,ministry of health,GL-3,00/00/0000,2008/03/11,"NGN 687,408","171,851.88 ","₦68,740.75","₦535,066.86","NGN 142,679",1079795.8499999999,6532487967,Edo,Suspended
MDG300086,Ngozi Suleiman,MOH,Level 12,19 August 1992,17 March 2004,"N254,100","₦63,524.96","₦25,409.99",105705.56 naira,"36,209.19 ","N323,596",7969321484,Enugu,Pending
MDG300117,Adaeze Adekunle,Ministry of Education,GL-13,15/08/1974,03-Aug-2000,116877.92,"₦29,219.48","N11,688",29452.02 naira,20561.73,"NGN 125,768",3099158759,Cross River,Deducted
MDG300175,Chidi Mohammed,Ministry of Agriculture,GL-1,29/03/1997,05-Nov-2020,"N606,935","₦151,733.84","60,693.54 ","N352,149",123987.53 naira,"₦835,096.68",5847237635,Anambra,Suspended
MDG300429,amaka adeyemi,Ministry of Justice,GL 7,14-Dec-1983,03/15/2008,"N125,695","N31,424","₦12,569.48","NGN 71,758",null,177076.26 naira,?,Kaduna,Paid
MDG300395,Halima Suleiman,ministry of finance,GL-12,21/04/1965,2014-01-27,318504.91 naira,79626.23,31850.49,"NGN 118,793","33,223.25 ",N/A,6313656585,LAGOS,Pending
MDG300198,FUNMILAYO ABUBAKAR,Ministry of Education,GL7,1975-09-01,29-Jun-2008,253205.17,"NGN 63,301","₦25,320.52","N192,481",55630.63,"₦390,055.62",5707588546,Anambra,Paid
MDG300066,Kemi Balogun,Ministry of Works,GL-7,23/01/1985,06/01/2009,"NGN 667,760","N166,940","N66,776","₦363,766.00","₦120,991.94","N910,534",1279883809,Akwa Ibom,paid
MDG300028,Chinedu Adekunle,Ministry of Health,GL-16,1970-04-25,2002-06-16,"NGN 135,776",33944.0,"N13,578",78981.84,23383.00 naira,"NGN 191,375",5009405650,Enugu,Suspended
MDG300219,Amara Balogun,MINISTRY OF AGRICULTURE,GL-10,1968/08/31,2014-07-05,"N113,295","N28,324","₦11,329.48","N73,066","6,694.50 ","₦179,665.99",3150271290,FCT,Suspended
MDG300125,Yusuf Ajayi,Ministry of Interior,Level 12,17.05.2000,13 January 2004,"N593,275",148318.65 naira,59327.46 naira,370181.45,"N140,413","N823,043",6402306666,Cross River,Held
MDG300281,Aliyu Olawale,ministry of education,GL-14,1974/08/02,2018/12/21,473172.7,"₦118,293.18","NGN 47,317",138600.59,"NGN 113,811","NGN 497,962",6636109871,Ogun,paid 
MDG300181,Sadiq Okeke,Ministry of Health,GL-6,03 September 2000,01/31/2015,"54,042.63 ","13,510.66 ","N5,404",21027.37,"2,948.03 ","NGN 72,122",1909142277,lagos,PAID
MDG300109,MUSA OKONKWO,Ministry of Science & Technology,GL-13,09.11.2001,05-Jul-2003,"NGN 421,562","NGN 105,391","N42,156",332260.91,"NGN 100,516","₦653,307.10",9153526831,Lagos,PAID
MDG300009,SEGUN AJAYI,Ministry of Science & Technology,GL-10,04 September 1980,15-Jun-2016,"NGN 666,417",166604.24 naira,"N66,642",417703.38 naira,"N67,967","1,016,153.65 ",9048780120,Delta,Suspended
MDG300122,Bisi Okafor,ministry of agriculture,GL-12,07.11.1994,2018/11/10,"N812,759","₦203,189.80","NGN 81,276",241089.41,"138,643.13 ",,NULL,Delta,paid 
MDG300294,   Emeka Suleiman,Ministry of Works,GL-16,26/05/2002,2021-10-16,  ,195963.03,78385.21 naira,509294.92 naira,"N156,329",,4857374744,Imo,Suspended
MDG300252,Segun Yusuf,Ministry of Justice,GL-13,1993-04-08,25-Nov-2003,"N597,058",149264.55,"₦59,705.82","₦299,137.76","₦141,613.01","₦754,582.95",1168578726,Rivers,paid 
MDG300145,Funmilayo Ajayi,Ministry of Interior,GL-4,11.11.1977,04/28/2008,"505,372.38 ","N126,343","NGN 50,537",185903.47,"₦68,470.32","₦622,805.53",8743302721,Akwa Ibom,Suspended
MDG300255,Ibrahim  Bello,ministry of finance,GL-5,11/12/1986,2016-09-02,"495,092.62 ","NGN 123,773","N49,509","NGN 210,491","₦81,641.86","₦623,941.68",3737302765,Fct Abuja,PAID
MDG300295,Yusuf Nwosu,Ministry of Education,GL7,1980/05/20,04/01/2016,  ,"N109,949",43979.7,"N221,110",NULL,576288.5,8804265085,Plateau,Held
MDG300387,Tobi Adeyemi,ministry of justice,GL-15,19 June 1976,2010/04/15,"NGN 240,781","NGN 60,195","N24,078",178545.53,"13,734.44 ","₦405,592.58",6687401368,Kano,Held
MDG300139,IFEOMA OLAWALE,Ministry of Agriculture,GL-9,03 July 1973,2010/06/16,"₦388,728.27","₦97,182.07","NGN 38,873","188,343.37 ","N89,463","₦487,608.93",2789595558,Enugu,PAID
MDG300243,Segun Nwosu,MINISTRY OF JUSTICE,GL-12,16 March 1989,2006/07/03,"NGN 503,833",unknown,"NGN 50,383","₦112,619.10",119522.07 naira,"N496,930",3035145025,Imo,Pending
MDG300415,  Blessing Okafor,MOF,GL 7,07/21/1972,not set,"₦833,042.33","NGN 208,261",83304.23 naira,,"N145,890","1,027,521.28 ",2814605352,Rivers State,paid
MDG300179,Segun Okafor,Ministry of Education,GL-4,31.07.1994,04-Sep-2018,"₦800,783.78",200195.95 naira,"N80,078","₦250,100.61","₦88,207.07",962677.32 naira,2020789741,Enugu,Suspended
MDG300037,AMARA AFOLABI,Ministry of Agriculture,GL-16,1967/04/01,28 February 2000,"₦214,331.87","NGN 53,583","N21,433","N117,848","₦43,807.87","₦288,372.35",4465119739,Akwa Ibom,Deducted
MDG300065,Tunde  Afolabi,MINISTRY OF EDUCATION,GL-12,1965-04-15,03/23/2001,"815,043.19 ",n/a,"81,504.32 ","NGN 181,338","NGN 96,508","₦899,873.37",1779526330,Plateau,PAID
MDG300212,Ibrahim Yusuf,Ministry of Finance,GL-1,1992-10-16,04/22/2016,"₦260,639.25","NGN 65,160",26063.93,"N79,571",19262.34,"320,947.87 ",--,Akwa Ibom,PAID
MDG300202,Aliyu Adekunle,Ministry of Health,GL-8,15/06/2002,,"₦630,794.82","N157,699","NGN 63,079","₦161,520.92","147,628.02 ",-,8851422954,Anambra,paid 
MDG300377,Kunle Olawale,MINISTRY OF EDUCATION,GL-17,1984-11-26,02/25/2002,"₦467,612.62","N116,903","N46,761",136233.97,99662.23,"N504,184",9637677009,Edo,Suspended
MDG300362,Bisi Mohammed,Finance Ministry,GL-14,1985/07/29,2002/09/14,492848.31 naira,?,"49,284.83 ",280476.64 naira,40211.67,"NGN 733,113",nil,Enugu,PAID
MDG300068,Femi Yusuf,Ministry of Finance,GL-4,05/06/1967,20/07/2012,"NGN 449,479",112369.76,"NGN 44,948",102661.41,"NGN 56,933","N495,207",6462433518,Ogun,paid
MDG300097,chidi eze,MINISTRY OF AGRICULTURE,GL-13,21.07.1968,16/10/2015,--,"NGN 169,746","₦67,898.42","N363,266","N35,886",1006363.7800000001,6060784316,Ogun,paid 
MDG300221,Ngozi Nwosu,Ministry of Education,GL-7,1983-05-28,2021-02-15,"NGN 466,203","N116,551",46620.29,"₦215,667.64","₦25,684.52","₦656,186.02",9578388062,Akwa Ibom,Paid
MDG300423,Obinna Okonkwo,Finance Ministry,GL-9,07/24/1966,2020/08/03,  ,"NGN 50,477",20190.98 naira,135327.51 naira,"NGN 12,832","N324,405",9267401856,Oyo,Held
MDG300183,WALE BELLO   ,MOF,GL-2,1977-12-31,16 December 2012,514621.18,"NGN 128,655","₦51,462.12","NGN 324,815","N125,228","₦714,208.03",1453869538,Ogun,paid 
MDG300404,Segun Okeke,Ministry of Justice,GL-10,05/11/1969,2002/11/25,"₦424,040.74",106010.18,"NGN 42,404",204984.4,"₦46,502.84","NGN 582,522",9102596921,Delta,Deducted
MDG300044,Bisi Okonkwo,Ministry of Finance,GL-15,17-Jun-1975,2004-10-19,"553,577.43 ","₦138,394.36",55357.74,398689.77,"NGN 126,433","₦825,833.78",4026294777,Kano,PAID
MDG300226,Sadiq Adekunle,Ministry of Science & Technology,GL-15,05/25/1980,03 October 2013,"666,678.70 ","NGN 166,670","₦66,667.87","NGN 199,457",56681.79,"₦809,453.79",5519219972,Akwa Ibom,paid
MDG300039,Funmilayo Mohammed,MINISTRY OF WORKS,GL-3,31-Jul-1984,07/23/2007,"₦131,420.06","N32,855","13,142.01 ",89049.9,"₦28,486.97",191982.99,9375959463,Cross River,Pending
MDG300002,Adaeze Ogundimu,Ministry of Interior,GL-4,1989-03-30,20/09/2004,550949.89,"₦137,737.47","NGN 55,095","NGN 135,675","₦43,342.73",643281.72 naira,1253812981,Port Harcourt,Suspended
MDG300027,Wale Yusuf,Min. of Finance,GL-11,13 March 1991,26-Jul-2006,"573,595.50 ","₦143,398.88","NGN 57,360","204,050.21 ",92652.44 naira,684993.27,8720678064,Plateau,PAID
MDG300106,Tunde Ajayi,MINISTRY OF INTERIOR,GL-2,24 March 1989,2007-11-22,,"183,666.10 ",73466.44 naira,"₦271,730.05","₦50,548.24","N955,846",nil,Abuja,paid 
MDG300075,IBRAHIM ADEKUNLE,Ministry Of Interior,GL-5,16-Dec-1969,09 March 2010,"NGN 760,327","190,081.76 ","NGN 76,033","NGN 452,159",89889.67,"NGN 1,122,596",8742419441,Kaduna,Pending
MDG300111,Amara Olawale   ,ministry of finance,GL-9,2002/09/14,31/03/2013,726760.05,181690.01 naira,"N72,676","N219,834",50410.72,"NGN 896,183",9839974996,Cross River,Pending
MDG300220,kemi lawal,MINISTRY OF FINANCE,GL-9,1993-11-17,21/08/2017,N/A,"N111,483","44,593.17 ","N245,619","NGN 63,442","N628,108",5301416762,Rivers,Suspended
MDG300440,Halima Mohammed,Ministry Of Science & Technology,GL7,11.06.1993,23-Sep-2002,"NGN 500,600","N125,150",50060.05 naira,"N318,477","₦85,530.99","NGN 733,546",2333577187,Abuja,Held
MDG300234,Bisi Okonkwo,ministry of justice,GL-1,1987/08/13,01.10.2016,"₦414,795.67","N103,699","41,479.57 ","₦86,625.84","N29,241","₦472,180.28",3863824822,Akwa Ibom,Deducted
MDG300121,Zainab Olawale,Ministry of Works,GL-14,1973/05/02,01/12/2018,"NGN 503,591",125897.77 naira,"NGN 50,359",248935.05,84571.48,"NGN 667,955",--,Edo,paid
MDG300356,Sadiq Afolabi,MINISTRY OF INTERIOR,Level 12,11/06/1989,2003-07-14,667259.65,166814.91 naira,"₦66,725.97","NGN 522,561",96219.94 naira,,?,Imo,paid 
MDG300128,  Kunle Chukwu,Ministry of Science & Technology,GL-10,13 March 1975,03/20/2005,N/A,48473.89,"₦19,389.56",?,"NGN 15,999",264438.37 naira,unknown,Ogun,Paid
MDG300123,Segun Suleiman,Ministry of Agriculture,GL-2,18-Sep-1965,18/05/2002,"₦785,497.18","NGN 196,374",78549.72 naira,"₦466,424.15",143178.87,"₦1,108,742.46",1241834002,Delta,Paid
MDG300230,Kunle Lawal,Ministry of Education,GL-8,N/A,18.12.2015,"N438,002","₦109,500.42","N43,800",216810.15,NULL,"₦554,404.89",7586079329,Abuja,Pending
MDG300206,Kemi Mohammed,Ministry of Interior,GL-4,10/29/1968,19 January 2006,"NGN 431,117","NGN 107,779",43111.74,142980.3,89612.06,"484,485.65 ",2896187492,Lagos,Held
MDG300289,Emeka Mohammed,Ministry of Agriculture,GL-3,07 November 1966,02/02/2005,"NGN 661,806","₦165,451.38",66180.55,449580.83,"NGN 114,249","NGN 997,138",9566410165,Akwa Ibom,paid
MDG300259,musa lawal,MINISTRY OF JUSTICE,GL-17,05/12/1984,13 January 2007,"₦77,555.95",19388.99,"NGN 7,756","NGN 18,325","8,289.40 ","₦87,591.54",6938875612,Plateau,Suspended
MDG300337,  Fatima Balogun,Ministry of Interior,GL-5,1989/10/31,12.05.2015,314020.18 naira,"₦78,505.04","₦31,402.02","NGN 215,287","N45,341","₦483,966.68",7014506186,Kaduna,PAID
MDG300096,Fatima Eze,Ministry of Agriculture,GL 7,03-Jul-1980,11.11.2015,"₦664,158.52","N166,040",66415.85 naira,"N199,408","N46,680",,3511476175,Cross River,PAID
MDG300384,Aliyu Olawale,Ministry of Science & Technology,GL-3,10-Jul-1970,24/02/2009,nil,44331.18,"17,732.47 ",57057.16,"N24,074","N210,308",7840287315,Lagos,Pending
MDG300296,Halima Nwosu,Min. of Finance,GL-9,1974-02-16,2006-11-20,"₦260,307.83","N65,077","NGN 26,031","52,980.35 ",62292.45 naira,250995.73 naira,3144981590,Ogun,Suspended
MDG300092,Blessing Balogun,ministry of science & technology,GL-6,14/04/1980,08/05/2007,"NGN 206,204","NGN 51,551",20620.39,"₦109,064.56","N24,910",290358.74 naira,9926231420,Lag,paid 
MDG300232,Zainab Chukwu,ministry of science & technology,Level 12,23 May 2002,15.10.2010,603832.29,"N150,958",60383.23 naira,"NGN 353,415","N46,275",910972.53 naira,5429092290,Akwa Ibom,Held
MDG300407,  AMARA AFOLABI,Ministry of Justice,GL-12,21 November 1999,08 May 2008,245769.21 naira,"₦61,442.30",24576.92 naira,61403.93,15745.88 naira,,5204778700,Kano,Deducted
MDG300151,Halima Okonkwo,Ministry of Works,GL-8,25.09.1995,02/28/2012,"N163,552","₦40,888.08",16355.23,"NGN 115,836","₦38,975.73","₦240,412.27",7415871793,Anambra,paid 
MDG300165,Ngozi Balogun   ,ministry of works,gl-14,21 February 1990,2013-02-03,"NGN 558,742",139685.46,"55,874.19 ","NGN 284,049",76973.82,,6219622116,Lag,Deducted
MDG300020,Grace Nnamdi,Ministry of Agriculture,Grade Level 9,1970-04-18,07/01/2005,776975.80 naira,194243.95,"NGN 77,698","315,843.35 ",110612.93 naira,982206.22,6916834943,Oyo,PAID
MDG300370,Kunle Okeke,HEALTH MINISTRY,GL-12,07/04/2000,03/22/2019,"₦516,186.26","N129,047","51,618.63 ",317117.2,"NGN 53,822","₦779,480.99",6016595764,Kaduna,Deducted
MDG300070,Segun Okafor,MINISTRY OF EDUCATION,GL-2,03.12.1974,2020-07-25,"N761,099","190,274.81 ","76,109.92 ","N508,438","N156,580",1112957.25 naira,8749951970,Kano,PAID
MDG300426,Tobi Yusuf,Min. Health,GL-10,,12 June 2009,298224.18,"NGN 74,556","₦29,822.42","₦139,287.93","NGN 63,465","374,047.29 ",8273843754,Enugu,paid 
MDG300341,Yusuf Mohammed,MINISTRY OF EDUCATION,GL-1,2002-06-22,2020/08/22,"₦710,579.23","N177,645","₦71,057.92","179,767.57 ","₦154,926.43",,1439329438,Delta,Held
MDG300164,Halima Mohammed   ,Ministry of Works,GL-6,18 January 1975,10.09.2012,"NGN 244,790","₦61,197.62","NGN 24,479","118,717.51 ",--,,2543616795,Delta,paid
MDG300287,femi afolabi,Ministry of Agriculture,GL-7,19/11/1972,10/21/2001,810638.74 naira,"NGN 202,660","₦81,063.87","NGN 499,660",N/A,"1,223,972.03 ",-,Delta,Deducted
MDG300182,Adaeze Suleiman,Ministry Of Finance,GL-12,00/00/0000,05/02/2002,"NGN 561,679","₦140,419.70",56167.88 naira,116564.9,"NGN 82,137",-,2538216328,Rivers,paid 
MDG300146,Obinna Balogun,Min. Health,GL-17,17 January 2000,N/A,133906.83 naira,33476.71 naira,13390.68,27319.33,"N12,998",148228.32 naira,9601279346,Edo,Deducted
MDG300283,BISI OGUNDIMU,Ministry of Interior,GL 7,04-Nov-1967,06-Dec-2011,783056.92,195764.23 naira,78305.69,"N250,300",39661.51,993695.52,7280541798,LAGOS,Deducted
MDG300300,Chinedu Chukwu,Ministry Of Agriculture,GL-11,08/11/1993,08/06/2014,,16091.84,6436.74 naira,"45,432.94 ",9732.18,"100,068.12 ",5839903767,Rivers,PAID
MDG300374,Ibrahim Nwosu,Ministry of Education,GL-8,2002/10/29,28 June 2001,"N236,409","NGN 59,102",23640.94 naira,"NGN 161,845","NGN 54,298","N343,956",7526124944,Anambra,Held
MDG300187,Aliyu Yusuf,ministry of education,GL-3,16/01/1966,22.02.2017,"₦115,995.10",n/a,"₦11,599.51","78,112.43 ","NGN 26,708",167399.14,8447647605,Anambra,Deducted
MDG300363,CHIOMA  OKAFOR,Ministry of Science & Technology,GL-11,1995/05/29,27-Oct-2008,327711.96 naira,"81,927.99 ","N32,771","₦65,769.77","58,326.68 ",--,9170527984,Oyo,PAID
MDG300018,Ngozi Okafor,Ministry of Health,GL-15,24 August 1965,04/09/2005,600615.27 naira,150153.82 naira,"₦60,061.53",341970.4,"₦106,618.29","NGN 835,967",?,Imo,paid 
MDG300248,Femi Adekunle,ministry of justice,GL-13,01/17/1985,20/04/2015,789050.80 naira,197262.7,"N78,905","NGN 193,982","NGN 179,033","₦803,999.82",5644235910,Anambra,Paid
MDG300225,Aliyu Bello,Ministry of Education,GL-7,17/03/1969,03/07/2017,501493.60 naira,125373.4,"NGN 50,149",124696.21,"₦76,058.14","N550,132",8840064507,Rivers,Paid
MDG300436,Chioma Afolabi,Ministry Of Interior,GL-17,03/19/1998,25-Jan-2009,"NGN 123,748",30936.88 naira,"₦12,374.75","₦93,245.90","₦24,907.38",192086.02,3654275027,Rivers,Suspended
MDG300080,tobi ogundimu,Ministry of Finance,GL-4,22-Sep-1978,2007-04-19,351410.61 naira,"N87,853","NGN 35,141",198231.83,"NGN 25,815","₦523,827.55",2160194401,Abuja,Held
MDG300308,Yusuf Eze,Ministry of Agriculture,GL7,23-May-1982,11-Mar-2016,"N746,677","186,669.22 ",74667.69,"₦467,019.05","N81,679","₦1,132,016.74",null,Akwa Ibom,Pending
MDG300087,Funmilayo Eze,Ministry of Health,GL-14,17-Jul-1984,11-Jul-2004,"₦458,035.55","₦114,508.89","₦45,803.56","₦335,462.18","N84,396","N709,102",7412441262,Edo,PAID
MDG300081,halima balogun,Ministry Of Finance,Grade Level 9,02 June 1978,07 April 2020,506945.84 naira,"NGN 126,736",50694.58 naira,?,"NGN 35,702","719,217.72 ",3222473586,Kano,Deducted
MDG300184,Halima Adekunle,ministry of works,gl-14,25-Sep-1995,2015-06-04,229552.73,"57,388.18 ","22,955.27 ",64546.88,"N37,388","NGN 256,711",3082642801,Ibadan,Paid
MDG300161,aliyu suleiman,ministry of education,Grade Level 9,04/04/1974,15-Jun-2020,599066.03,"N149,767","N59,907","N315,829","N129,226",,1963058689,Imo,Suspended
MDG300057,Funmilayo Nnamdi,ministry of interior,Grade Level 9,19.01.1992,10/17/2018,"NGN 551,314","₦137,828.46","₦55,131.38",327009.36 naira,53950.34 naira,"N824,373",8715768100,Cross River,Suspended
MDG300263,Sadiq Adeyemi,Ministry of Education,GL7,11.08.1966,26.02.2008,"NGN 60,788","NGN 15,197","N6,079","39,717.20 ","N5,670",,9404497417,Edo,paid 
MDG300320,Fatima Abubakar,Ministry Of Education,GL-3,14-Oct-1983,15.12.2004,"₦439,967.45","NGN 109,992","NGN 43,997",141991.56,77195.54 naira,504763.47000000003,5500567356,Cross River,Held
MDG300342,  Emeka Okafor   ,Ministry of Justice,gl-14,20/06/1965,08/01/2010,"₦612,973.86","₦153,243.46","N61,297",355875.43,127330.11,"N841,519",2333070486,Oyo,Deducted
MDG300291,Chioma Abubakar,ministry of education,GL-10,11/23/1972,09/22/2004,543305.00 naira,135826.25,54330.5,"₦368,234.71","₦115,279.65",796260.06 naira,4166135185,Lagos,Deducted
MDG300033,tobi mohammed,Ministry of Justice,GL-3,08-May-1977,2006/07/14,639276.60 naira,"NGN 159,819","₦63,927.66","NGN 326,538","104,249.83 ","₦861,564.35",9631949100,Enugu,paid
MDG300305,  CHIOMA OLAWALE,Ministry of Education,GL7,06/10/1976,01/10/2009,595034.97 naira,148758.74 naira,"₦59,503.50","N432,632",100462.58 naira,,4161042861,Cross River,paid
MDG300355,Adaeze Nwosu,Ministry of Agriculture,GL-13,30.10.1999,06.01.2006,"NGN 391,325","NGN 97,831","N39,133","₦299,640.54",62396.82 naira,,9504425660,Lag,Held
MDG300120,Bola Okonkwo,ministry of interior,GL-11,26-Jun-1977,2002-04-06,818937.74 naira,204734.43,"₦81,893.77","₦352,519.23","₦189,476.54",,3122353633,Plateau,Paid
MDG300089,Wale Olawale,ministry of health,GL-1,14-Jan-1982,2009/06/02,"N439,601","N109,900",43960.07,267350.29,"NGN 47,172","NGN 659,779",8642968136,Abuja,Deducted
MDG300239,Blessing Okeke,MINISTRY OF AGRICULTURE,GL 7,03/11/1986,15/08/2009,"49,621.76 ","₦12,405.44",4962.18,32904.35,3678.04,78848.07,3421170396,Rivers,Deducted
MDG300431,Tunde Afolabi,ministry of interior,gl-14,1970/04/19,29 March 2012,"₦776,963.98","₦194,240.99","NGN 77,696",256422.07,"N164,735","₦868,651.01",9893144209,ABUJA,Deducted
MDG300357,Musa Okeke,ministry of agriculture,Grade Level 9,26 April 1986,2006/07/21,345229.80 naira,"NGN 86,307","34,522.98 ",231086.06 naira,"NGN 27,791","NGN 548,525",3394225315,Imo,PAID
MDG300389,ngozi adeyemi,Ministry of Science & Technology,GL-16,unknown date,03/11/2002,"N449,661",112415.31 naira,44966.12,234376.58 naira,"NGN 88,474","NGN 595,564",6674380850,Enugu,Suspended
MDG300188,grace okeke,Ministry of Science & Technology,GL-2,03/11/1985,31 May 2013,579457.53,144864.38 naira,"N57,946","₦414,444.26",36512.64,,9790443938,Lagos,paid 
MDG300017,Wale Olawale,Ministry of Agriculture,GL-1,09/16/1992,2018-10-10,"N85,573","₦21,393.25","NGN 8,557",N/A,"N20,495","NGN 117,893",7196057511,Akwa Ibom,paid
MDG300361,Ifeoma Bello,Ministry of Health ,GL-17,16.08.1999,05/25/2017,"₦544,616.56","136,154.14 ","NGN 54,462","NGN 246,066",79558.59 naira,711123.95 naira,3218809926,Enugu,Deducted
MDG300077,   TOBI CHUKWU,ministry of works,GL-16,25-May-1995,2004-06-01,574899.85 naira,"143,724.96 ",57489.99,143287.34 naira,51702.03,"N666,485",5768459468,Abuja,paid 
MDG300418,Wale Okeke,Ministry Of Education,GL-1,00/00/0000,09/24/2011,"N807,629",201907.17 naira,80762.87 naira,627269.82,113387.95,"1,321,510.54 ",3096842767,Imo,Held
MDG300263,Sadiq Adeyemi,Ministry of Education,GL7,11.08.1966,26.02.2008,"NGN 60,788","NGN 15,197","N6,079","39,717.20 ","N5,670",,9404497417,Edo,paid 
MDG300360,Tobi Lawal,Ministry of Justice,Level 12,1993/06/03,17/11/2012,"₦259,296.81",64824.20 naira,25929.68 naira,"NGN 142,242","18,550.96 ","₦382,987.74",1214160632,Ogun,Deducted
MDG300094,Ifeoma Abubakar,ministry of science & technology,GL7,10-Nov-1970,27 April 2011,209514.92 naira,52378.73,"20,951.49 ","62,748.09 ","NGN 30,317","NGN 241,946",  ,Plateau,paid 
MDG300325,Musa Okeke,MINISTRY OF EDUCATION,GL-12,1999-05-16,09/18/2005,"363,284.06 ","N90,821",36328.41,"N203,175","N51,236","₦515,222.93",6677683692,Lagos,Suspended
MDG300222,ngozi suleiman,ministry of agriculture,GL-10,1983/11/02,11.07.2015,796358.96,"NGN 199,090",79635.90 naira,"₦232,681.21","NGN 122,246","N906,794",3740199245,Enugu,Paid
MDG300333,ZAINAB ADEKUNLE,ministry of education,GL-9,13.11.1968,25-Dec-2003,,"NGN 95,726","N38,290","NGN 181,435","₦33,686.65",530652.19,2163490217,Rivers State,Paid
MDG300319,Chinedu Adekunle,ministry of justice,GL-15,1982/05/17,16-Mar-2013,"NGN 225,197",56299.13,"NGN 22,520","N174,628","N44,199",,unknown,Ogun,Suspended
MDG300043,Emeka Yusuf,MINISTRY OF EDUCATION,Grade Level 9,23.03.1996,06/09/2020,644134.07 naira,161033.52,"64,413.41 ","₦376,641.23",99020.66,"N921,755",7208527040,Kaduna,paid 
MDG300170,EMEKA  NNAMDI,Ministry of Interior,GL7,1978-03-20,2005-11-15,454722.10 naira,"113,680.52 ","N45,472","N181,736","27,693.00 ","N608,765",3684631260,kano,Pending
MDG300339,  Chioma Adeyemi,Ministry of Health,GL-1,17/10/1978,01-Feb-2001,794514.74 naira,"₦198,628.68",79451.47 naira,431144.33,"NGN 97,851",,1946653887,Enugu,Held
MDG300318,Ibrahim Mohammed,MINISTRY OF INTERIOR,GL-6,1989/02/28,11/07/2013,"NGN 378,009","₦94,502.14","₦37,800.86","NGN 267,304","NGN 91,085","₦554,226.78",5582738085,Delta,Suspended
MDG300417,Obinna Adekunle,Ministry of Justice,GL-1,14 June 1999,10 October 2015,"NGN 709,946","₦177,486.48",70994.59 naira,?,"N170,129","N1,064,397",5877475980,Cross River,Deducted
MDG300338,Segun Adeyemi,ministry of justice,Grade Level 9,27.10.2001,not set,"₦480,291.31","NGN 120,073",48029.13,351277.10 naira,81708.92 naira,"N749,859",9117217602,Akwa Ibom,Paid
MDG300323,Bisi Nnamdi,Finance Ministry,Grade Level 9,18/11/1970,06-Feb-2000,"300,488.58 ",75122.15,30048.86,86996.12 naira,47719.60 naira,"₦339,765.10",5589702461,Lagos,Paid
MDG300316,Aliyu Yusuf   ,ministry of works,GL-17,06/02/1978,02.11.2008,808070.98,202017.74 naira,NULL,"₦401,831.37","₦69,617.27","NGN 1,140,285",9578718972,Oyo,paid
MDG300124,Kemi Bello,ministry of works,GL-17,1969-12-31,31 July 2011,"₦736,288.28","₦184,072.07","N73,629",NIL,"₦149,127.84","N1,078,003",5580458102,Delta,Pending
MDG300062,Amaka Nwosu,Ministry of Justice,GL-14,2001/06/01,16 March 2013,"₦747,826.76","N186,957","NGN 74,783",153284.4,123981.06,"₦777,130.10",5418247558,Delta,paid
MDG300264,Segun Olawale,MINISTRY OF AGRICULTURE,GL-12,10.06.1988,2007-11-20,"NGN 327,993","₦81,998.16","₦32,799.27",232781.13 naira,"₦45,252.80","₦515,520.98",2544291910,Akwa Ibom,Held
MDG300189,Amara Olawale,Ministry of Interior,GL-1,21.07.1973,2001/12/03,"₦120,176.09","NGN 30,044","NGN 12,018","62,668.24 ","N11,199",171645.23 naira,9678322585,Enugu,Held
MDG300113,Kunle Eze,ministry of interior,GL-4,06/14/1987,28 February 2006,"₦669,957.76",167489.44,66995.78,"N421,226",88507.07,"1,002,677.14 ",8997474780,Akwa Ibom,Deducted
MDG300004,Tunde Okonkwo,Ministry of Education,GL-3,1971/01/07,29/05/2007,199560.33,"NGN 49,890",19956.03,"₦63,104.31","₦44,033.93",218630.71 naira,2558767250,Delta,PAID
MDG300071,Obinna Adekunle,Ministry Of Works,GL-3,22.07.1973,2007/04/21,,"N187,614","₦75,045.48",529820.44 naira,N/A,1236498.6699999997,2324918063,Edo,paid
MDG300351,Ifeoma Yusuf,Ministry of Science & Technology,GL-1,20.03.1971,14 August 2020,"₦51,241.81","12,810.45 ",5124.18 naira,"NGN 23,171","NGN 8,519","NGN 65,894",6265025165,Abuja,PAID
MDG300057,Funmilayo Nnamdi,ministry of interior,Grade Level 9,19.01.1992,10/17/2018,"NGN 551,314","₦137,828.46","₦55,131.38",327009.36 naira,53950.34 naira,"N824,373",8715768100,Cross River,Suspended
MDG300095,Segun Balogun   ,Ministry of Agriculture,GL-15,1983/01/22,N/A,"N248,712",62178.04,24871.21 naira,"N118,634","₦51,585.95",315760.55 naira,7534376878,Imo,Suspended
MDG300261,Adaeze Yusuf,Ministry Of Science & Technology,GL-5,10/28/1995,2021-04-15,"NGN 77,057",19264.24 naira,7705.70 naira,39502.1,"NGN 14,605","N101,954",4423801858,Kaduna,Paid
MDG300193,kunle chukwu,Ministry of Science & Technology,GL-12,19-May-1978,13 August 2019,"299,031.21 ","N74,758",  ,76395.88,"₦35,202.49",  ,6586462138,Enugu,Suspended
MDG300012,Bola Adeyemi,Ministry Of Works,GL-9,,24.02.2016,"₦309,126.54","₦77,281.63","NGN 30,913",238576.66,"₦39,420.13",508283.07 naira,9835065785,Cross River,paid
MDG300186,Tobi Adekunle,Ministry of Works,GL-4,1971/07/17,01 April 2019,"N90,459","NGN 22,615","NGN 9,046",24057.57,"₦10,725.74",103791.05999999998,7788875273,KANO,paid 
MDG300397,Wale Abubakar,Ministry of Agriculture,GL-7,02 July 1979,unknown date,"NGN 379,282","NGN 94,820",37928.15 naira,"₦272,927.48","NGN 47,318",604890.64,1908867660,Edo,Deducted
MDG300403,Segun Bello,Ministry of Works,GL-3,16/10/1978,05.04.2012,444810.46,n/a,"₦44,481.05",343901.05,"39,276.01 ","NGN 749,436",5415559366,Imo,Suspended
MDG300336,Musa Nwosu,ministry of education,GL-12,1988/01/07,14 July 2009,"749,304.26 ",187326.07,"N74,930",440007.28,60607.3,"₦1,128,704.24",9742881367,Cross River,Pending
MDG300408,  BOLA NWOSU,Ministry of Justice,GL-2,10.09.2000,02.06.2006,"N183,989","45,997.15 ","NGN 18,399","₦116,290.34",30371.96 naira,,n/a,kano,PAID
MDG300391,Funmilayo Afolabi,ministry of finance,GL-12,30.01.1979,04/27/2020,"NGN 342,004","₦85,500.92","₦34,200.37","N205,953","₦57,971.76",N/A,2534655505,Rivers,PAID
MDG300233,Femi Afolabi,Ministry of Works,GL-9,19-Dec-1990,00/00/0000,"N663,546",165886.41,"66,354.56 ","348,829.80 ","NGN 146,193","₦866,182.82",7638765835,abuja,Held
MDG300099,Chioma  Eze,Ministry of Agriculture,GL-14,1986-11-25,14/01/2000,"672,371.73 ","N168,093","N67,237","₦351,070.92","NGN 115,035","₦908,407.48",1235689031,Kaduna,paid
MDG300084,Kemi Okeke,MINISTRY OF WORKS,GL-10,09/04/1990,2010/07/02,"NGN 684,014","N171,003",68401.38 naira,"₦449,311.69","₦152,017.28","₦981,308.26",9699462439,Plateau,Held
MDG300364,Kemi Mohammed,Ministry of Finance,GL 7,03/07/1997,28-Jun-2008,"₦214,761.46","53,690.36 ",21476.15 naira,79706.11 naira,16919.94 naira,277547.63,3396741601,Ogun,paid 
MDG300022,Fatima Mohammed,ministry of works,GL-6,22.05.1982,10 May 2009,814916.78,"203,729.20 ",81491.68,"N516,614","NGN 76,335","₦1,255,194.96",3350115406,Kano,Held
MDG300235,Zainab Adekunle,ministry of works,GL-15,27.04.1989,07/23/2003,631230.77 naira,157807.69 naira,"N63,123",271570.95 naira,"NGN 140,594",,9267180361,Imo,Pending
MDG300156,Sadiq Eze,Ministry of Education,GL-8,00/00/0000,11/02/2015,"N737,099","₦184,274.82",73709.93,  ,"N121,946","₦845,218.28",8241501235,Delta,Pending
MDG300013,Obinna Abubakar,Ministry of Education,GL-14,06/05/1992,00/00/0000,"N690,578",172644.54,69057.81 naira,"₦467,378.30","N96,326","₦1,061,630.27",1925189726,Edo,paid 
MDG300241,Kunle Suleiman,Ministry of Health,GL-2,N/A,13 November 2019,67590.25,16897.56 naira,"N6,759","₦49,797.38",15099.24 naira,"N102,288",1885745240,ABUJA,PAID
MDG300398,Zainab Adeyemi,MINISTRY OF EDUCATION,GL 7,,2004/04/15,821198.95 naira,205299.74,"82,119.90 ","₦184,289.63","N130,194",875294.9099999999,9636571386,Akwa Ibom,paid 
MDG300402,Grace Bello,Ministry of Agriculture,GL-17,08-Aug-1976,2018-12-12,"₦208,332.23","NGN 52,083","NGN 20,833",81868.40 naira,34959.27,"₦255,241.36",4333289390,Kaduna,paid 
MDG300112,Sadiq Eze,ministry of interior,gl-14,09/01/1998,07-Mar-2007,NIL,"NGN 59,656","NGN 23,862",62581.47,"₦35,317.03",265888.28,2502906637,KANO,Deducted
MDG300258,Kemi Chukwu,ministry of education,GL-17,08-Sep-1966,00/00/0000,"₦163,990.86","40,997.71 ","N16,399","₦124,283.08","NGN 8,348","₦279,926.03",4941722699,Lagos State,Held
MDG300064,Wale Nwosu,Ministry of Works,GL-16,10.10.1999,24 February 2008,53434.61 naira,?,"NGN 5,343",26614.01 naira,"₦4,123.13","NGN 75,925",7674762075,Edo,Paid
MDG300176,Amaka Eze,MINISTRY OF INTERIOR,Grade Level 9,1984/05/08,20-Feb-2019,"149,788.33 ","₦37,447.08",14978.83,"NGN 73,834","₦13,838.46","₦209,784.23",2858846803,Akwa Ibom,paid
MDG300201,Ibrahim Okonkwo,Ministry of Health ,GL-12,29.09.1974,06 November 2014,118706.80 naira,29676.7,-,"₦94,348.21",nil,"199,733.41 ",3484255383,Enugu,Held
MDG300118,Halima Eze,Ministry of Interior,GL-6,06/27/1976,01-Apr-2001,"531,515.85 ","N132,879",53151.58 naira,"₦178,480.14",,653571.82,9252417606,Delta,Suspended
MDG300381,Yusuf Adekunle,ministry of works,GL-4,03/17/1981,2020/07/15,529986.17,"NGN 132,497","NGN 52,999","₦391,637.52","₦113,979.80","NGN 807,644",2528872808,Delta,paid
MDG300372,Ifeoma Adeyemi,Ministry Of Justice,Grade Level 9,10/12/1981,2013/01/07,"NGN 646,174",161543.49 naira,"N64,617",296259.94,105806.02 naira,836627.8699999999,9888456869,Imo,Deducted
MDG300421,Halima Suleiman,Ministry Of Agriculture,GL-13,1973-07-10,2003-11-01,"₦398,670.54",99667.63 naira,NIL,210520.38,32391.82,"NGN 576,799",9525823791,Abuja,PAID
MDG300217,Emeka Okafor,Ministry Of Agriculture,GL7,08 February 1979,05-Sep-2014,"561,106.17 ",unknown,"NGN 56,111",145907.61 naira,"NGN 39,555",667458.6,2800278400,abuja,paid 
MDG300192,Funmilayo Nnamdi,MINISTRY OF EDUCATION,GL-14,1972-06-03,18 July 2016,"₦641,194.90",160298.73,"NGN 64,119","NGN 449,372",115450.88 naira,975115.9900000001,1083466428,Edo,Suspended
MDG300228,Kunle Adeyemi,Ministry Of Justice,GL-6,1999/03/09,08/05/2002,"₦633,782.08","N158,446","₦63,378.21","N384,976",89806.62 naira,"₦928,951.49",7930790301,Oyo,Held
MDG300416,Blessing Afolabi,Ministry of Health,GL-15,17.02.1973,20-Jan-2016,"NGN 628,035","NGN 157,009","NGN 62,804","N332,769","₦76,578.74",884225.95 naira,5137114318,Kaduna,paid
MDG300158,Chidi Adeyemi,Ministry of Justice,GL-6,10/31/1968,16.01.2020,278659.87,69664.97 naira,"NGN 27,866","₦148,947.70","N44,381","383,226.43 ",3391927547,Delta,Deducted
MDG300327,Obinna Bello   ,Ministry of Interior,GL-5,1994-01-31,15/08/2020,"N82,418","₦20,604.44",8241.78,"N25,331",4347.14 naira,"₦103,401.65",4840957679,Oyo,Paid
MDG300385,Chidi Balogun,MINISTRY OF AGRICULTURE,GL-17,1966-08-10,13.04.2005,"NGN 563,480","NGN 140,870","₦56,347.95",--,"55,368.94 ","927,900.65 ",6283507492,Akwa Ibom,Paid
MDG300157,Grace Bello,ministry of interior,GL7,20 February 1982,2020-12-31,770609.07,192652.27 naira,"NGN 77,061","₦459,089.87",161610.04,"₦1,068,088.90",7270715863,kano,Deducted
MDG300245,Tobi Lawal,Ministry of Works,GL-1,16 January 1974,10/03/2012,817645.89 naira,204411.47 naira,"₦81,764.59","N320,194",54044.95,"NGN 1,083,795",1064492837,Oyo,Pending
MDG300346,Halima Bello,Ministry Of Agriculture,GL-1,1985/02/01,28 August 2005,"NGN 332,851",83212.67 naira,"NGN 33,285",184097.6,77300.49,"NGN 439,648",1303282223,Anambra,Paid
MDG300424,Wale Mohammed,Ministry of Science & Technology,GL-10,08/31/1966,00/00/0000,"NGN 99,973","NGN 24,993","NGN 9,997","₦71,667.35","N16,384","N155,256",6153797708,Akwa Ibom,Deducted
MDG300326,Aliyu Adekunle,Ministry of Interior,GL-16,26 February 1997,28/04/2013,694215.84,173553.96 naira,"₦69,421.58","NGN 383,427",92032.31,"₦985,610.14",4971353154,Ogun,Held
MDG300056,Bisi Nwosu,Ministry of Justice,Grade Level 9,04/08/1981,14 September 2021,"₦47,433.83",n/a,"4,743.38 ","NGN 17,491",10966.37 naira,,3157425365,abuja,PAID
MDG300083,Fatima Adeyemi,Finance Ministry,GL-2,07/02/1985,2004/02/10,"NGN 237,523","₦59,380.75","N23,752","NGN 189,261","NGN 50,249","376,535.11 ",6000652640,Edo,Pending
MDG300060,Kunle Suleiman,Ministry of Interior,Level 12,not set,13-Dec-2011,584904.39 naira,146226.1,,"NGN 197,319","N99,639","N682,584",2100748834,Lagos,paid
MDG300191,Kunle Mohammed,Ministry of Interior,GL-13,2000/10/07,02/18/2014,"₦458,744.55","₦114,686.14",45874.46 naira,"N125,938","NGN 65,964",518718.29,5813233039,rivers,Pending
MDG300290,Sadiq Bello,Ministry Of Works,GL-11,18 December 1985,unknown date,467208.75,"N116,802","₦46,720.88","282,528.33 ","NGN 65,607","NGN 684,130",2674315542,Plateau,paid
MDG300312,Bisi Mohammed,MINISTRY OF SCIENCE & TECHNOLOGY,GL-1,1986-05-24,2021-09-08,"N535,724","NGN 133,931","N53,572","₦183,988.74","NGN 121,228","₦598,484.78",3180675140,Edo,PAID
MDG300278,Chidi Ajayi,Ministry of Agriculture,GL-8,1979-05-28,2019-02-09,532633.39,"NGN 133,158","₦53,263.34","NGN 259,807",100639.02 naira,"NGN 691,802",4815027506,Abuja,paid 
MDG300090,Adaeze Abubakar,Ministry of Finance,GL-5,1981-04-20,05/23/2002,NULL,"N155,293",62117.18 naira,null,"NGN 73,081",750461.86 naira,5451084058,Akwa Ibom,paid 
MDG300047,  NGOZI OKAFOR,Finance Ministry,GL-15,1967-03-26,12.09.2019,"NGN 801,152","NGN 200,288","80,115.23 ","NGN 319,320","NGN 142,842","NGN 977,630",3960725077,Anambra,PAID
MDG300314,Aliyu Eze,ministry of works,GL-13,1986/03/06,2001-04-26,"₦254,809.68","63,702.42 ","NGN 25,481",79878.05,unknown,"N285,059",4791777036,Enugu,paid 
MDG300167,  Amaka Okeke,ministry of interior,GL-13,06/28/1997,02 April 2019,"N207,642","₦51,910.50","N20,764","₦88,080.80",N/A,"252,634.65 ",  ,Akwa Ibom,Deducted
MDG300185,adaeze ogundimu,Ministry of Education,GL-4,11-Feb-1967,2005-03-17,"₦112,186.48","NGN 28,047","N11,219","NGN 65,800",22315.47 naira,155671.32 naira,9530672633,Akwa Ibom,Deducted
MDG300136,Aliyu Afolabi,MINISTRY OF FINANCE,GL-2,18.08.1975,2013-10-09,"N56,332","₦14,082.90","NGN 5,633","₦37,164.88","₦6,759.08",n/a,7876656395,Anambra,Held
MDG300015,Chidi Bello,Ministry of Works,GL-16,12/10/1985,14/10/2009,"NGN 629,656","NGN 157,414","₦62,965.62","168,207.05 ",130074.23,"667,789.00 ",3399352393,Kaduna,Deducted
MDG300434,Funmilayo Suleiman,Ministry of Agriculture,GL-2,unknown date,06/27/2004,"271,513.07 ","₦67,878.27","NGN 27,151",--,unknown,444181.02 naira,3893248479,Kaduna,paid 
MDG300260,Musa Abubakar,Ministry of Interior,Grade Level 9,1982/01/16,19.08.2005,717531.40 naira,179382.85,71753.14,343967.53,37198.33,1024300.6000000002,5649823678,Edo,Suspended
MDG300413,Chinedu Abubakar,MINISTRY OF JUSTICE,GL-11,1967-09-16,24/06/2001,"N460,286",nil,"N46,029","NGN 221,335","₦50,531.34","₦631,089.37",8935025538,Anambra,Held
MDG300328,amara adekunle,MINISTRY OF EDUCATION,Level 12,13-Aug-1980,28 July 2003,?,"N49,325","₦19,730.14","₦132,631.61",23017.16,NIL,4862534965,Kano,paid 
MDG300061,Ngozi Adekunle,Ministry Of Science & Technology,GL7,27-Dec-1999,2013-08-01,unknown,89643.34 naira,"NGN 35,857","N95,096",56406.89 naira,"NGN 397,262",n/a,Anambra,PAID
MDG300227,Chinedu Ogundimu,ministry of science & technology,GL7,21-Apr-1981,2021/05/27,394941.27,98735.32,39494.13 naira,"NGN 236,379","NGN 57,897",573423.12 naira,5151065390,Anambra,PAID
MDG300088,Yusuf Balogun,ministry of agriculture,GL-15,27 April 1995,2017/05/23,"NGN 456,617",114154.36 naira,45661.74 naira,"NGN 317,219","N53,497","NGN 720,340",NULL,Kaduna,paid
MDG300376,Ngozi Chukwu,Ministry of Works,GL-3,25.06.1988,2007/03/28,"N663,533","NGN 165,883","N66,353","NGN 378,639","N41,887","NGN 1,000,285",1957416451,Lag,Pending
MDG300135,Obinna Suleiman,Ministry Of Agriculture,GL-8,13/08/1999,15/02/2009,"N161,114","NGN 40,279",16111.43 naira,"N38,958",14798.10 naira,"N185,274",7481123737,Abuja,PAID
MDG300353,Amara Nnamdi,ministry of education,GL-6,22-Oct-1981,16-Jul-2018,468860.54 naira,"N117,215","₦46,886.05","237,631.90 ","N38,735","₦667,757.52",5697462236,Ogun,paid 
MDG300133,Bisi Okeke,Ministry of Health ,gl-14,1970-09-19,2019-01-03,"₦502,095.63","N125,524",50209.56 naira,N/A,"N79,146","NGN 603,311",3693226109,Anambra,Held
MDG300265,Ibrahim Ajayi,MINISTRY OF AGRICULTURE,GL-12,16 April 1982,2001-04-20,"N195,556",48889.07 naira,"N19,556","₦138,563.92","₦13,304.60","NGN 320,816",6661274065,Delta,paid
MDG300340,Blessing Adeyemi,MINISTRY OF JUSTICE,GL-5,1978/10/19,2002/04/08,"₦442,013.31","NGN 110,503","NGN 44,201",-,42793.18 naira,523879.64999999997,3963289258,Fct Abuja,PAID
MDG300350,OBINNA ABUBAKAR,MOH,GL-13,1968/03/21,2000/09/04,799105.0,199776.25 naira,79910.50 naira,"NGN 401,141",null,1117758.14,3157470322,Anambra,paid 
MDG300069,Femi Afolabi,Ministry of Justice,GL-2,1987-05-31,21-May-2014,"NGN 414,540",103634.95 naira,"NGN 41,454","NGN 237,665","NGN 36,210",-,9619052162,Ibadan,Deducted
MDG300280,Ifeoma Adeyemi,ministry of interior,GL-16,21.02.1973,2020-10-26,262563.8,65640.95 naira,"26,256.38 ","NGN 130,344","NGN 31,684",?,1928426276,Ogun,Pending
MDG300439,Kunle Chukwu,Ministry of Interior,GL 7,19.06.1970,22 July 2014,"₦616,353.70","N154,088","N61,635","NGN 128,765",54498.52 naira,"₦690,620.11",8046937518,Imo,PAID
