AccountNo,CustomerName,CustomerPhone,DISCO,TariffCategory,AccountType,BillingMonth,UnitsConsumed_kWh,TariffRate_per_kWh,BillAmount,PreviousArrears,TotalAmountDue,PaymentStatus,MeterNumber,State
DISCO574345,Tunde Nwosu,02569961125,IBDC (Ibadan),Residential (R2),Postpaid,01/10/2024,2687.82,-,162855.01380000002,  ,"₦165,976.11",Paid,MTR8326285,Edo
DISCO642387,Obinna Adekunle,+234577242954,AEDC (Abuja),Residential (R2),Postpaid,N/A,2344.59,NGN 127,298536.6447,,"NGN 298,537",UNPAID,MTR1081719,Abuja
DISCO382098,Tobi Olawale,(702) 695-2499,AEDC (Abuja),r1,Pre-paid,29-Apr-2025,3987.92,NGN 119,473685.1376,--,"N473,685",UNPAID,N/A,Enugu
DISCO906974,AMAKA LAWAL,01286716323,EKEDC (Eko),commercial,POSTPAID,09/05/2024,1171.86,₦102.85,120525.80 naira,null,"NGN 120,526",Paid,MTR8777595,Oyo
DISCO216634,Chinedu Bello,0061 593 9982,EEDC (Enugu),Commercial (C1),prepaid,not set,2154.32,171.08 ,"368,561.07 ","₦68,721.71","437,282.78 ",Arrears,MTR1989763,Cross River
DISCO825396,Wale Eze,(308) 069-5814,EEDC (Enugu),Industrial (D3),prepaid,2024-03-18,3587.18,N126,"NGN 452,846","43,289.23 ",,Partial,n/a,Plateau
DISCO220105,Grace Abubakar,28861957612,IBDC (Ibadan),Industrial (D3),Postpaid,22-May-2025,127.91,NIL,24174.989999999998,65912.12,"₦90,087.11",Paid,MTR1879381,Ogun
DISCO410127,Blessing Lawal,22820055778,IKEDC (Ikeja),Industrial (D3),Post paid,2025-02-11,1275.98,NGN 139,"₦177,118.78","₦49,102.45",226221.2338,UNPAID,MTR2855743,Kaduna
DISCO650880,ADAEZE ADEKUNLE,88457831745,KEDCO (Kano),C1 ,Prepaid,22/05/2024,389.9,167.01,"65,117.20 ",N/A,65117.20 naira,Partially Paid,MTR3000237,Kano
DISCO815593,Grace Balogun,invalid,AEDC (Abuja),Industrial (D3),prepaid,15-Jul-2024,2462.66,NULL,461256.218,,"461,256.22 ",Unpaid,nil,Cross River
DISCO860781,Amaka Adekunle   ,(156) 193-1837,EEDC (Enugu),R2,Pre-paid,2024/08/19,678.04,208.68 ,"N141,493","N20,651",162144.84 naira,Partially Paid,n/a,Abuja
DISCO101026,Ibrahim Chukwu,87800384576,KEDCO (Kano),Residential (R2),prepaid,14/05/2025,1628.25,NGN 154,"₦250,506.26",,,Arrears,MTR9736618,Delta
DISCO589434,Zainab Eze,0426 258 2739,EEDC (Enugu),r1,POSTPAID,31.05.2024,,N215,941488.03 naira,?,"NGN 941,488",Partial,MTR9849783,Oyo State
DISCO493136,SEGUN SULEIMAN,+234928557498,PHED (Port Harcourt),Industrial (D3),Postpaid,31 July 2024,2154.68,62.29 naira,"NGN 134,215","NGN 2,247","₦136,461.73",paid ,MTR6622902,Abuja
DISCO839133,Aliyu Okeke,invalid,EEDC (Enugu),C1 ,prepaid,2025/06/19,3069.37,85.8,"₦263,351.95",75051.33 naira,"N338,403",UNPAID,MTR8533096,Kaduna
DISCO889826,Obinna Bello,(569) 902-3557,AEDC (Abuja),R1,Prepaid,01/29/2024,unknown,186.23 naira,"NGN 162,460",unknown,"NGN 162,460",Unpaid,MTR6319888,Cross River
DISCO415808,Adaeze Chukwu,(588) 006-1675,IBDC (Ibadan),Residential,Pre-paid,2025-04-13,1558.9,N189,294928.29 naira,nil,294928.29 naira,UNPAID,MTR1757202,Delta
DISCO862961,Bisi Afolabi,0204 179 2911,AEDC (Abuja),Commercial (C1),prepaid,2025/04/26,2596.47,N226,"NGN 586,620",unknown,"₦586,620.47",Arrears,MTR7071727,Kaduna
DISCO553704,Tobi Bello,234-175-455-884,EEDC (Enugu),commercial,prepaid,14.12.2024,1009.66,65.21 naira,65839.92859999998,47267.77 naira,"₦113,107.70",Partial,MTR7796343,Oyo
DISCO656965,Kemi Mohammed,0912 418 6210,KEDCO (Kano),R1,Pre-paid,2025-06-04,4403.81,190.97,"N840,996",53918.92,"N894,915",paid ,MTR9507289,rivers
DISCO703546,amaka okeke,22031030372,AEDC (Abuja),Residential (R2),POSTPAID,,2822.12,N182,"₦512,779.20","28,499.33 ",541278.534,Partial,MTR1289785,Imo
DISCO359363,Bola Lawal,0046 619 6399,PHED (Port Harcourt),R2,Prepaid,2024/07/12,1646.61,199.43,"₦328,383.43","NGN 30,274","N358,657",Partial,MTR3503866,Kaduna
DISCO187203,Chidi Olawale,234-884-318-848,IBDC (Ibadan),commercial,Post paid,07 April 2024,4222.09,₦193.12,"N815,370",75975.24 naira,--,paid,MTR7608160,Delta
DISCO503713,Amaka Okeke,0497 677 6228,IBDC (Ibadan),Residential (R2),prepaid,2025/01/31,1201.99,NGN 114,"136,534.04 ",,"N136,534",Partially Paid,-,Kano
DISCO194227,Sadiq Yusuf,80053759900,IBDC (Ibadan),Industrial (D3),prepaid,15.10.2024,4495.85,220.64,991964.34 naira,,"N991,964",paid ,MTR7026376,Edo
DISCO367325,Kunle Abubakar,+234649081081,KEDCO (Kano),R2,Pre-paid,2024/11/03,1238.11,131.18,"₦162,415.27",,,Partial,MTR7526187,Imo
DISCO248363,Sadiq Nnamdi,(290) 490-4712,EKEDC (Eko),Residential (R2),Postpaid,03/10/2024,3647.81,₦220.55,"NGN 804,524",,"₦804,524.50",Arrears,MTR2385938,Ogun
DISCO641280,Bisi Lawal,234-564-111-824,EEDC (Enugu),r1,Post paid,08/10/2024,1572.72,₦147.87,"232,558.11 ",,"232,558.11 ",paid,MTR9643954,Enugu
DISCO621448,Yusuf Olawale,+234715041659,EKEDC (Eko),Residential (R1),Postpaid,2024/08/12,2347.97,136.44,"N320,357",,,UNPAID,MTR3392010,Oyo
DISCO219684,Kemi Suleiman,07823298324,EEDC (Enugu),commercial,Pre-paid,04/12/2025,3516.83,₦224.14,"NGN 788,262",,"N788,262",Unpaid,MTR5443133,Oyo State
DISCO392219,Amara Yusuf,05647570512,EKEDC (Eko),R1,POSTPAID,2024-06-17,--,N132,--,34068.84 naira,"₦190,840.73",Paid,MTR8074975,Cross River
DISCO951752,Obinna Eze,0082 404 3350,AEDC (Abuja),Commercial (C1),Post paid,19.02.2025,3305.84,117.30 naira,"NGN 387,775",58277.86 naira,"N446,053",Paid,MTR2472730,Enugu
DISCO944149,Tunde Okonkwo,(702) 814-0693,IKEDC (Ikeja),R2,Pre-paid,15.02.2025,2410.8,NGN 210,"506,171.57 ",,null,UNPAID,MTR6054719,Oyo
DISCO117497,Chidi Okonkwo,+234807823578,EEDC (Enugu),commercial,POSTPAID,15.04.2024,3727.71,₦55.47,206776.0737,20996.45,"NGN 227,773",paid ,MTR9037393,Kano
DISCO985774,Obinna Olawale,04439735971,EKEDC (Eko),Residential (R2),POSTPAID,2024/12/28,4414.75,186.53,"₦823,483.32",,"NGN 823,483",UNPAID,MTR6350660,Kano
DISCO148299,Kemi Olawale,(135) 247-8712,IBDC (Ibadan),commercial,Postpaid,05-Dec-2024,3064.44,unknown,574613.14 naira,,574613.14 naira,paid ,MTR6020214,Plateau
DISCO667167,Fatima Nnamdi,(132) 719-5005,IBDC (Ibadan),Residential (R1),prepaid,02/03/2024,,NGN 74,"₦98,474.53",71970.42 naira,"NGN 170,445",paid,MTR6539379,Edo
DISCO538867,Bola Balogun,+234702793714,KEDCO (Kano),R2,Postpaid,05-Apr-2024,NIL,₦87.93,307602.88 naira,null,307602.8811,Partially Paid,MTR6127619,Rivers
DISCO761964,Tunde Adekunle,(016) 580-4649,EEDC (Enugu),Industrial (D3),Post paid,24/01/2025,3924.26,₦214.84,843088.02 naira,12199.97,855287.99 naira,Unpaid,MTR2710197,Cross River
DISCO904314,Tunde Balogun,04818321928,KEDCO (Kano),C1 ,prepaid,28 November 2024,1864.31,79.99,"₦149,126.16",n/a,149126.15689999997,paid,MTR7357150,Ogun
DISCO886154,Halima Olawale,88608680347,KEDCO (Kano),C1 ,Pre-paid,31/12/2024,3759.88,97.47 ,  ,-,nil,UNPAID,MTR2170040,Plateau
DISCO708685,Sadiq Okonkwo,02530428973,EKEDC (Eko),R2,prepaid,07/13/2024,Unknown,N145,143295.0454,56261.79 naira,199556.84 naira,Arrears,MTR7765338,Oyo
DISCO769669,Emeka Afolabi,24220102762,AEDC (Abuja),Residential (R2),prepaid,03.08.2024,1481.12,181.92,"269,445.35 ","NGN 63,503",NIL,paid,MTR6007297,Kaduna
DISCO355229,Musa Okafor,0985 700 2720,IKEDC (Ikeja),Commercial (C1),Pre-paid,2024-06-24,2446.87,147.07 ,"₦359,861.17","NGN 70,022",429882.90089999995,Partial,MTR6307723,Abuja
DISCO822612,Segun Okeke,+234943533448,EEDC (Enugu),Residential (R1),Pre-paid,15/04/2024,4419.49,85.28 naira,"₦376,894.11",,--,Unpaid,MTR4299102,Kaduna
DISCO897311,Sadiq Bello,234-409-003-486,IBDC (Ibadan),Residential (R2),POSTPAID,27.08.2024,3277.23,N177,N/A,76728.08,"₦656,240.66",Paid,MTR2879291,Kano
DISCO766537,Adaeze Nwosu,(189) 616-4236,KEDCO (Kano),R2,Post paid,06.08.2024,934.72,NGN 182,"N170,138","₦79,363.58","N249,501",Partial,MTR8056596,Cross River
DISCO979943,Blessing Mohammed,0905 510 7620,AEDC (Abuja),Residential (R1),prepaid,01/12/2025,592.91,NGN 71,"₦42,215.19","N28,250",70465.31 naira,paid,MTR9165299,Ogun
DISCO410397,  amaka olawale   ,07779014754,EKEDC (Eko),r1,prepaid,25/04/2025,712.42,210.45 ,149928.789,,"NGN 149,929",Arrears,,Kaduna
DISCO841808,Chioma Adekunle,01126691215,EKEDC (Eko),r1,Postpaid,13/03/2024,630.76,--,122626.05159999999,"NGN 32,084",154710.3516,Unpaid,MTR7734698,Delta
DISCO179028,Sadiq Nwosu,72200543645,PHED (Port Harcourt),Residential (R1),prepaid,06/13/2025,3607.51,NGN 61,220887.8373,,"220,887.84 ",Unpaid,MTR6589859,Akwa Ibom
DISCO506531,Bisi Suleiman,+234503136502,AEDC (Abuja),R2,Post paid,09/05/2024,3047.98,106.13 naira,323482.1174,,323482.1174,Unpaid,MTR4470291,Akwa Ibom
DISCO709545,   tunde okonkwo,invalid,EEDC (Enugu),Residential (R1),Postpaid,24-Dec-2024,367.32,190.23,69875.28 naira,,69875.2836,Unpaid,--,Imo
DISCO367833,Funmilayo Okonkwo,0011 117 8309,IKEDC (Ikeja),Residential,Postpaid,19 July 2024,542.78,₦175.95,"NGN 95,502","NGN 29,952",,UNPAID,MTR5468519,Cross River
DISCO436307,Fatima Adeyemi,07142241098,EKEDC (Eko),C1 ,Post paid,05 March 2024,3974.29,N117,"NGN 466,423",4317.91 naira,470740.5844,paid,MTR6124211,Imo
DISCO952441,Chinedu Afolabi,0639 343 6262,KEDCO (Kano),r1,Post paid,2025-04-30,2384.05,₦99.08,"236,211.67 ","N69,728","NGN 305,940",Arrears,MTR8176399,Oyo
DISCO306543,Blessing Balogun,02321298338,AEDC (Abuja),Residential,Postpaid,2024-10-17,2978.93,228.57,680894.0301,,"NGN 680,894",Partial,MTR9415336,Abuja
DISCO935928,Amara Eze,55460158517,KEDCO (Kano),Residential,prepaid,05-Jan-2025,NULL,195.25,70635.59 naira,,"₦70,635.59",Unpaid,MTR1693359,Delta
DISCO837815,Segun Okeke,0596 555 5356,EKEDC (Eko),Residential (R1),Post paid,01/02/2025,4465.93,124.28 naira,"NGN 555,026",--,555025.78 naira,Partially Paid,n/a,Rivers
DISCO721806,Segun Suleiman,+234938276153,KEDCO (Kano),Commercial (C1),Post paid,01/06/2024,3759.51,₦113.05,"NGN 425,013",NULL,,Partial,MTR8165446,Oyo
DISCO508895,Chinedu Lawal,03243298395,EKEDC (Eko),Residential (R1),prepaid,01 August 2024,2160.81,N137,"₦296,290.27",null,"NGN 296,290",Paid,MTR4965830,Cross River
DISCO275982,Kunle Ogundimu,04864015577,IBDC (Ibadan),commercial,Prepaid,17-Aug-2024,1832.25,N108,"₦197,113.45","₦30,824.67",227938.12 naira,Partial,MTR5954692,abuja
DISCO385521,Tobi Balogun,(544) 518-9520,IBDC (Ibadan),C1 ,Pre-paid,2024/07/19,3500.3,N66,N/A,,229759.692,paid ,MTR3124764,Edo
DISCO627716,Ngozi Adekunle,06479473864,EEDC (Enugu),C1 ,POSTPAID,09.01.2025,--,100.27,406983.90 naira,,"406,983.90 ",Partial,MTR3967621,kano
DISCO886791,  emeka nwosu,N/A,KEDCO (Kano),commercial,Postpaid,02/19/2024,1111.27,151.16,167979.57319999998,"N13,802",,Arrears,MTR9774012,Cross River
DISCO498222,Kemi Nwosu,09317342069,PHED (Port Harcourt),Residential (R1),Postpaid,09.09.2024,1176.76,N185,"NGN 217,430",,"NGN 217,430",Arrears,NULL,Lagos
DISCO280765,Kunle Adeyemi,+234712863917,IKEDC (Ikeja),Industrial (D3),Prepaid,03/05/2025,3421.62,--,"₦779,992.50",44311.89 naira,"₦824,304.39",Arrears,MTR5338420,Edo
DISCO444600,TUNDE ADEYEMI,06780856271,AEDC (Abuja),Industrial (D3),Pre-paid,2024/08/11,134.58,174.34,"₦23,462.68",null,"NGN 23,463",Arrears,MTR9087141,Kano
DISCO129874,Bisi Adeyemi,0326 667 8507,PHED (Port Harcourt),commercial,Post paid,23 April 2025,3539.0,N218,772386.75,34570.88 naira,806957.63,Paid,MTR3195026,Ogun
DISCO796244,Tunde Olawale,234-267-969-278,IKEDC (Ikeja),Residential (R2),Post paid,22 February 2024,963.08,₦158.90,Unknown,null,"NGN 153,033",paid ,Unknown,Kaduna
DISCO251666,blessing mohammed,92548121478,KEDCO (Kano),C1 ,Post paid,05/19/2025,3973.46,119.81 ,476060.2426,55033.81,"N531,094",Partially Paid,MTR4683109,Abuja
DISCO340008,Bisi Chukwu,+234465111312,AEDC (Abuja),R2,Prepaid,10 June 2024,3716.24,NGN 216,801555.8056,53335.7,854891.5055999999,UNPAID,MTR7010211,Enugu
DISCO626785,chioma adekunle,234-695-832-197,EEDC (Enugu),C1 ,POSTPAID,22/05/2025,3746.48,N140,"₦524,020.16",-,524020.15760000004,Partially Paid,MTR9438039,Delta
DISCO673719,Zainab Balogun,07389877515,IKEDC (Ikeja),Residential (R2),Pre-paid,31/10/2024,2405.81,₦144.15,"₦346,797.51","₦56,398.74",  ,paid ,MTR9941565,Cross River
DISCO719583,Musa Bello,234-214-565-328,IBDC (Ibadan),R2,prepaid,05/25/2024,88.21,N123,"N10,837",22892.47 naira,"N33,729",Partial,MTR4804764,Kano
DISCO577017,Aliyu Olawale,08896792408,IKEDC (Ikeja),R1,Pre-paid,2025-04-19,4194.47,N142,"NGN 596,747",,"₦596,747.25",Paid,MTR3343945,Kano
DISCO850108,SEGUN  MOHAMMED,234-614-987-283,IBDC (Ibadan),Residential (R1),prepaid,2025/04/11,4413.47,NGN 144,"636,731.32 ",,,Unpaid,MTR5414274,Imo
DISCO899918,Tunde Balogun,234-217-762-534,AEDC (Abuja),Residential (R1),prepaid,11.12.2024,1892.0,120.20 naira,nil,,"N227,418",paid,,Rivers State
DISCO983328,Kemi Ogundimu,N/A,AEDC (Abuja),Commercial (C1),prepaid,24.05.2024,4462.56,204.53 naira,"NGN 912,727",,"NGN 912,727",Partial,MTR1985114,Kano
DISCO247859,Sadiq Ogundimu,0603 408 4872,KEDCO (Kano),R1,Postpaid,,378.17,NGN 186,"NGN 70,272",null,"N70,272",paid,MTR9192945,Plateau
DISCO950141,Aliyu Nwosu,+234111751868,AEDC (Abuja),r1,prepaid,23/08/2024,3312.69,₦220.39,730083.7491,"NGN 49,338",779422.0991,UNPAID,MTR3605524,Edo
DISCO855108,Amaka Okafor,09685270171,AEDC (Abuja),Residential (R1),Prepaid,30-Mar-2025,4214.23,NGN 102,"NGN 428,671",,,Paid,MTR5660351,Abuja
DISCO410160,zainab  chukwu,09759230450,KEDCO (Kano),Industrial (D3),POSTPAID,01/30/2025,2579.72,₦122.49,"NGN 315,990","₦78,179.48","₦394,169.38",Arrears,MTR9764329,Ogun
DISCO721130,Zainab Okafor,234-111-780-068,IKEDC (Ikeja),C1 ,Post paid,00/00/0000,2495.42,222.62 naira,"N555,530",,"₦555,530.40",Arrears,MTR1247844,Plateau
DISCO179761,chioma adekunle   ,(242) 875-7215,IKEDC (Ikeja),Residential (R1),Pre-paid,02.05.2024,29.09,182.35,"NGN 5,305",NIL,"N84,412",Partial,MTR4099165,Plateau
DISCO446336,halima eze,00409157018,KEDCO (Kano),Industrial (D3),prepaid,19 January 2025,3054.83,225.36,688436.4888,,"₦688,436.49",UNPAID,MTR7462239,Rivers
DISCO595967,Fatima Ajayi,0123 476 4907,EKEDC (Eko),Commercial (C1),POSTPAID,10.01.2025,3289.78,95.81,"₦315,193.82",,315193.82180000003,Unpaid,null,Ogun
DISCO534693,Chioma Adekunle,48964652809,AEDC (Abuja),Residential (R2),Prepaid,21 May 2024,2223.9,228.87,508983.993,"16,649.49 ",525633.483,UNPAID,MTR2224473,Imo
DISCO177336,Obinna Adeyemi,08338848792,IBDC (Ibadan),r1,Post paid,10 December 2024,1953.06,  ,114312.6018,NULL,"₦114,312.60",Partially Paid,MTR4612353,Kano
DISCO563330,Grace Ajayi,03027642086,EEDC (Enugu),commercial,Postpaid,2024-06-16,3236.13,56.36,"₦182,388.29",,"₦182,388.29",Arrears,?,Ogun
DISCO184883,Aliyu Suleiman,234-381-447-443,EKEDC (Eko),C1 ,Postpaid,2025/03/02,511.96,NGN 112,"N57,283",-,"N57,283",Unpaid,MTR2203787,Ogun
DISCO595504,Chidi Suleiman,62252237281,PHED (Port Harcourt),commercial,Postpaid,10.06.2024,3740.67,₦93.95,351435.9465,"4,043.13 ",,Partially Paid,MTR1728150,Imo
DISCO235766,Blessing Bello,0466 572 9341,AEDC (Abuja),Commercial (C1),Post paid,31-Jan-2025,NULL,NGN 224,18859.97 naira,--,"N18,860",Arrears,MTR9105355,Fct Abuja
DISCO432798,Blessing Okeke,+234674916016,PHED (Port Harcourt),r1,POSTPAID,04 August 2024,1153.22,134.59 ,"N155,212",Unknown,"N155,212",Arrears,  ,Anambra
DISCO158317,Funmilayo Abubakar,+234213760375,IBDC (Ibadan),Residential,Pre-paid,05/12/2024,3728.52,133.18,496564.29360000003,N/A,"₦496,564.29",UNPAID,MTR2379079,Oyo
DISCO674158,Zainab Ajayi,invalid,IBDC (Ibadan),Commercial (C1),prepaid,27 January 2025,2634.31,₦124.98,"N329,236",NIL,"NGN 329,236",paid,MTR1060547,Ogun
DISCO166979,Tunde Suleiman,+234156956201,KEDCO (Kano),Commercial (C1),Postpaid,2025/06/15,1760.93,--,"N225,751",,"NGN 225,751",paid ,--,Edo
DISCO396780,Amara Eze,+234836655289,IKEDC (Ikeja),Residential (R2),POSTPAID,25/07/2024,?,183.24 ,"NGN 542,832",N/A,"₦542,832.01",Partial,MTR4135699,Enugu
DISCO769488,Grace Adeyemi,invalid,EKEDC (Eko),r1,Pre-paid,03/12/2024,3553.16,₦179.28,637010.52 naira,,"₦637,010.52",paid,MTR9650750,Plateau
DISCO664655,Tobi Yusuf,0050 505 7397,AEDC (Abuja),C1 ,Prepaid,00/00/0000,2915.92,NGN 159,"NGN 462,290",null,"NGN 510,567",Paid,MTR6189138,Enugu
DISCO682936,Chioma Adekunle,07908075957,IKEDC (Ikeja),Residential (R2),prepaid,01/20/2024,1917.78,NGN 139,267242.643,-,"267,242.64 ",Partially Paid,MTR7519633,Ibadan
DISCO307304,   Chinedu Suleiman,04950136497,AEDC (Abuja),r1,Prepaid,31.01.2024,535.15,₦118.14,"NGN 63,223",unknown,63222.62 naira,paid ,MTR6864452,Cross River
DISCO637393,Amara Eze,234-046-152-654,IBDC (Ibadan),Residential (R1),Pre-paid,2024/10/28,1756.81,173.16 naira,"NGN 304,209","NGN 65,965",370173.79 naira,Arrears,MTR7058451,Kaduna
DISCO571346,Ibrahim Nwosu,+234076986407,EEDC (Enugu),R2,Post paid,2024/05/13,3901.42,--,"N875,362","₦2,809.86","878,171.47 ",Partial,MTR8019080,Abuja
DISCO841063,  Fatima Bello,01652669300,EEDC (Enugu),Industrial (D3),POSTPAID,25 April 2024,1226.71,NGN 195,239048.97770000002,14261.01,253309.98770000003,UNPAID,MTR7359971,Imo
DISCO602894,Femi Adeyemi,,EEDC (Enugu),commercial,Prepaid,20.06.2024,3421.77,193.58,"₦662,386.24","61,783.47 ",724169.71 naira,paid,MTR7286891,Anambra
DISCO349448,Tobi Olawale,+234089071401,IKEDC (Ikeja),Commercial (C1),Postpaid,14-Apr-2025,4185.04,174.59 naira,"N730,666",15645.4,"NGN 746,312",Partial,MTR8574654,Lagos
DISCO405192,Musa Mohammed,(412) 094-8181,EKEDC (Eko),C1 ,Prepaid,08.01.2024,3899.99,170.49 ,664909.30 naira,,"664,909.30 ",UNPAID,MTR5122237,ABUJA
DISCO876103,Bola Okeke,(661) 794-5491,KEDCO (Kano),Industrial (D3),POSTPAID,06.11.2024,4443.4,₦151.80,"674,508.12 ",,674508.12 naira,Arrears,MTR3646482,Lagos
DISCO387366,Halima Chukwu,(167) 423-3629,AEDC (Abuja),Commercial (C1),POSTPAID,2024-03-09,1321.31,₦149.36,"N197,351",NIL,"197,350.86 ",Partially Paid,MTR3058110,Cross River
DISCO380017,Fatima Okonkwo,+234121416141,IBDC (Ibadan),Residential (R1),Post paid,N/A,1146.4,NIL,142073.35 naira,unknown,"142,073.35 ",paid ,MTR6362126,abuja
DISCO921498,Ngozi Adekunle,+234397767199,PHED (Port Harcourt),Residential (R1),POSTPAID,08/24/2024,3525.31,₦88.58,312271.96 naira,null,312271.96 naira,paid,MTR4995158,Delta
DISCO982390,Halima Afolabi,invalid,EEDC (Enugu),Residential (R1),Prepaid,04/26/2024,3610.42,N149,"N536,220",,"536,219.58 ",paid ,MTR6864992,Lagos
DISCO856990,Grace Okeke,0504 892 6738,KEDCO (Kano),Commercial (C1),Post paid,02-Nov-2024,985.41,null,89721.58 naira,,"NGN 89,722",UNPAID,MTR4449126,Anambra
DISCO114778,Kunle Ajayi,234-175-207-167,AEDC (Abuja),R2,POSTPAID,24/09/2024,3133.05,₦137.12,429603.81600000005,,"₦429,603.82",UNPAID,MTR3601528,Lagos
DISCO829136,Tobi Eze,(763) 655-6472,EKEDC (Eko),Industrial (D3),Pre-paid,03/03/2024,718.59,65.48 naira,"47,053.27 ",5974.97,"53,028.24 ",Unpaid,MTR6191492,Akwa Ibom
DISCO853151,Bola Yusuf,82806479695,PHED (Port Harcourt),C1 ,Post paid,14-Apr-2024,2336.35,₦209.76,"₦490,072.78",unknown,490072.78 naira,UNPAID,MTR8959777,Imo
DISCO968713,  fatima afolabi,+234547492975,PHED (Port Harcourt),C1 ,Pre-paid,16.08.2024,302.82,NGN 165,"50,025.86 ",nil,"₦50,025.86",paid,MTR4014611,Rivers
DISCO898661,Tunde Suleiman,05201777490,IKEDC (Ikeja),r1,Post paid,26 August 2024,172.45,₦185.04,31910.15 naira,15801.09 naira,"47,711.24 ",Partial,MTR2907096,Enugu
DISCO346427,Kemi Adeyemi,234-719-597-964,IBDC (Ibadan),Industrial (D3),Pre-paid,07.11.2024,885.12,₦134.81,"NGN 119,323",-,"N119,323",Partially Paid,MTR8767965,Anambra
DISCO119929,Tobi Ajayi,(717) 833-3211,AEDC (Abuja),C1 ,Post paid,17.09.2024,4243.06,N163,"NGN 690,813","77,749.07 ","NGN 768,562",paid,MTR2702834,Anambra
DISCO954056,Femi Ogundimu,18344049639,EEDC (Enugu),Commercial (C1),Postpaid,20/06/2024,710.44,97.44 naira,"NGN 69,225",null,69225.27 naira,paid ,MTR7529675,Anambra
DISCO623979,Bisi Adeyemi,234-514-846-853,IKEDC (Ikeja),r1,Pre-paid,08 April 2025,1925.27,₦88.75,"₦170,867.71",NIL,"170,867.71 ",Partially Paid,MTR6777920,Cross River
DISCO715772,Ibrahim Yusuf,(579) 055-2818,PHED (Port Harcourt),Residential,Prepaid,2025-03-31,404.94,178.18 ,null,"N50,894",123046.68 naira,Unpaid,MTR1365423,Oyo
DISCO698358,Ifeoma Nnamdi,(870) 320-3207,PHED (Port Harcourt),C1 ,Postpaid,2024/02/05,1027.09,61.4,63063.33 naira,,"₦63,063.33",Arrears,unknown,Cross River
DISCO485501,Grace Okeke,(393) 852-5800,KEDCO (Kano),Residential (R1),Postpaid,04.12.2024,416.15,214.40 naira,89222.56 naira,6942.44 naira,"N96,165",paid,MTR1547915,Anambra
DISCO792847,Musa Okonkwo,invalid,KEDCO (Kano),Residential,POSTPAID,29-Oct-2024,1006.43,  ,"₦223,950.80",55370.92 naira,279321.72 naira,Paid,MTR6124603,Delta
DISCO601038,Amaka Adeyemi,+234205664742,IKEDC (Ikeja),R1,Post paid,21/06/2025,1648.28,91.31,--,"NGN 43,558","NGN 194,062",Unpaid,MTR2201556,Enugu
DISCO498661,Halima Adeyemi,N/A,IBDC (Ibadan),R2,Postpaid,2024/06/13,2832.14,N171,"N483,305",n/a,562765.57 naira,Partial,MTR8046010,Delta
DISCO192915,Bola Afolabi,+234500369155,EKEDC (Eko),Residential (R2),prepaid,28/09/2024,1245.87,₦194.05,"NGN 241,761","N66,042","N307,803",Paid,MTR1797935,Edo
DISCO906037,Femi Okafor,(415) 148-8814,PHED (Port Harcourt),r1,prepaid,05/08/2024,1712.92,N128,"NGN 218,963",NULL,218962.5636,Unpaid,MTR6889117,Ogun
DISCO605529,Chinedu Abubakar,0292 983 1687,IBDC (Ibadan),commercial,POSTPAID,03.05.2025,1939.78,187.72 naira,"NGN 364,136",61642.43 naira,"₦425,777.93",Unpaid,MTR3408827,LAGOS
DISCO690500,Bola Ogundimu,(242) 044-8207,PHED (Port Harcourt),R1,Prepaid,17 May 2024,4036.55,₦97.00,"NGN 391,545",,"NGN 391,545",Paid,MTR8602276,Cross River
DISCO727941,Wale Okafor,09196570132,KEDCO (Kano),Industrial (D3),prepaid,26.06.2025,1411.85,74.53 ,"NGN 105,225",,105225.18049999999,paid ,MTR3604390,Oyo State
DISCO180593,Obinna Chukwu,99880817703,IBDC (Ibadan),Commercial (C1),Prepaid,26.05.2025,529.95,₦91.26,48363.23700000001,unknown,48363.24 naira,UNPAID,MTR1614565,Lag
DISCO290451,CHIOMA BELLO,234-035-533-803,AEDC (Abuja),commercial,Postpaid,08 November 2024,NULL,₦192.84,NULL,"18,730.28 ","N520,299",Partially Paid,MTR9650043,Plateau
DISCO394040,musa okonkwo,0017 226 0164,KEDCO (Kano),r1,Postpaid,02/03/2025,2311.54,N155,"NGN 357,965",,"₦357,965.08",Paid,MTR4516117,Oyo State
DISCO821520,Zainab Adekunle,01871863759,AEDC (Abuja),Residential,Post paid,N/A,2165.51,161.71 naira,"₦350,184.62",28506.46,"NGN 378,691",paid ,MTR8858567,Plateau
DISCO687339,Kunle Chukwu,98926256609,IKEDC (Ikeja),r1,Prepaid,2024-09-15,2075.19,94.11,"195,296.13 ",nil,"N195,296",Unpaid,MTR9250596,Cross River
DISCO807018,Fatima Nwosu,39660558303,AEDC (Abuja),Residential (R2),POSTPAID,2024/03/14,1711.29,184.28 naira,"NGN 315,357","₦8,396.13","NGN 323,753",Partial,MTR8734029,Enugu
DISCO657854,  Blessing Okonkwo,(376) 938-9833,EEDC (Enugu),Industrial (D3),Pre-paid,00/00/0000,1389.1,n/a,"270,805.04 ","N57,658",328463.52499999997,Partial,MTR1080315,Imo
DISCO830357,Chioma Adeyemi,0526 772 2330,PHED (Port Harcourt),R2,Pre-paid,02.04.2025,2343.3,58.57 naira,"NGN 137,247",,"N137,247",paid ,MTR1954291,Imo
DISCO655092,amara okonkwo,0915 671 6493,KEDCO (Kano),Commercial (C1),Postpaid,17.01.2024,2284.9,208.79 naira,"477,064.27 ",  ,477064.271,Arrears,MTR3779093,Lagos
DISCO178265,Segun Bello,09634807970,KEDCO (Kano),Commercial (C1),Prepaid,2025/01/15,1517.31,NIL,344778.3513,20863.93,"N365,642",UNPAID,MTR9818011,Cross River
DISCO301474,Fatima Balogun,22694053967,IBDC (Ibadan),Residential (R2),prepaid,18 May 2024,1684.16,96.13,"₦161,898.30","₦49,461.51","₦211,359.81",Partially Paid,unknown,Oyo
DISCO953696,YUSUF OLAWALE,invalid,PHED (Port Harcourt),R2,Post paid,2024/09/16,1961.37,170.83 naira,335060.8371,"NGN 32,522",?,UNPAID,MTR9500739,Ogun
DISCO498649,Femi  Abubakar,,IBDC (Ibadan),R1,Prepaid,22/05/2025,2808.74,139.05,"NGN 390,555","N25,817","₦416,372.59",Partially Paid,MTR6913626,Kaduna
DISCO157393,Femi Bello,01137995635,PHED (Port Harcourt),Industrial (D3),Post paid,06-Jun-2024,Unknown,₦131.27,3082.2196000000004,"₦3,322.84",,UNPAID,MTR8006128,Akwa Ibom
DISCO955058,Kunle Okeke,234-268-768-118,IKEDC (Ikeja),Residential (R2),prepaid,28-Jan-2025,2993.61,N109,"₦324,926.43",n/a,324926.4294,Paid,MTR7291982,Ogun
DISCO557367,Kemi Adeyemi,234-849-830-220,EEDC (Enugu),R1,Postpaid,2025/01/25,1681.75,NGN 219,"N368,875",-,368875.04 naira,paid,MTR6704686,Lagos
DISCO419894,tobi ajayi,0000000000,KEDCO (Kano),R2,Postpaid,2024-10-10,2236.79,NGN 192,"NGN 429,083",51360.08,"N480,444",Arrears,MTR6938057,Anambra
DISCO751339,tobi afolabi,(314) 181-8615,KEDCO (Kano),C1 ,Prepaid,28.06.2024,781.14,82.61 naira,"NGN 64,530",,64529.975399999996,Partial,MTR2378217,Oyo State
DISCO266794,Grace Afolabi,(864) 168-6227,KEDCO (Kano),Industrial (D3),Post paid,2024-09-06,40.5,143.88 ,5827.139999999999,,"5,827.14 ",Paid,NIL,Cross River
DISCO410155,Adaeze Nnamdi,97740633569,EKEDC (Eko),C1 ,Pre-paid,16.12.2024,4299.77,105.76 ,454743.68 naira,52654.74 naira,507398.42 naira,UNPAID,NULL,LAGOS
DISCO170966,Ngozi Afolabi,0504 427 1739,AEDC (Abuja),C1 ,prepaid,21.02.2025,3261.57,N183,--,"NGN 69,240","₦664,672.38",paid ,MTR2170363,Fct Abuja
DISCO470653,TOBI OKAFOR   ,78519610646,KEDCO (Kano),R1,Post paid,01-Dec-2024,3433.91,NGN 92,"₦314,649.17","NGN 5,298",,paid ,MTR3258890,Kaduna
DISCO143826,  halima nnamdi,+234395041027,EKEDC (Eko),Industrial (D3),Post paid,30.05.2024,3775.75,NGN 166,628247.04 naira,"N7,505","₦635,751.77",Unpaid,NIL,Imo
DISCO957928,Wale Okafor,62095935186,AEDC (Abuja),Industrial (D3),Pre-paid,23.04.2025,1680.36,107.47 naira,180588.29 naira,19084.25 naira,199672.5392,Unpaid,MTR9409792,Kaduna
DISCO970795,Aliyu Okonkwo,234-405-147-705,EKEDC (Eko),Commercial (C1),POSTPAID,unknown date,1746.02,229.60 naira,400886.192,6949.52 naira,"N407,836",Paid,MTR8111802,Abuja
DISCO410160,zainab  chukwu,09759230450,KEDCO (Kano),Industrial (D3),POSTPAID,01/30/2025,2579.72,₦122.49,"NGN 315,990","₦78,179.48","₦394,169.38",Arrears,MTR9764329,Ogun
DISCO779586,Tobi Okonkwo,53907895677,EKEDC (Eko),R1,Postpaid,01/25/2025,778.28,217.38,"NGN 169,183",,"N169,183",Unpaid,MTR2352974,Edo
DISCO937204,Kunle Ogundimu,0014 556 1681,AEDC (Abuja),r1,POSTPAID,2024-08-08,-,₦213.93,599665.0437,77069.92 naira,,Unpaid,MTR7448481,oyo
DISCO708571,Aliyu Chukwu,08430894870,PHED (Port Harcourt),Commercial (C1),POSTPAID,N/A,2388.78,N116,"₦277,528.46",null,277528.46040000004,paid,MTR1750733,Akwa Ibom
DISCO925814,Amaka Ogundimu,01027079032,EEDC (Enugu),R1,Postpaid,20.01.2024,2727.52,NGN 133,361778.25 naira,"NGN 13,190","₦374,968.14",paid,MTR2175912,Edo
DISCO558905,Chioma Olawale,(101) 194-7072,PHED (Port Harcourt),Residential (R2),Postpaid,12/15/2024,4128.74,124.79 ,"₦515,225.46","NGN 10,441","NGN 525,667",Partial,MTR5819564,Cross River
DISCO788091,Chinedu Chukwu,234-495-528-938,AEDC (Abuja),commercial,Post paid,2024/08/30,null,NGN 73,"NGN 242,114",69544.29,,Arrears,MTR4560896,Enugu
DISCO422862,Femi Balogun,(612) 590-4729,IBDC (Ibadan),commercial,Prepaid,26/01/2024,3735.98,133.37,"498,267.65 ",,498267.65 naira,Arrears,MTR8796743,Imo
DISCO616256,Kemi Yusuf,234-380-701-765,KEDCO (Kano),Residential,prepaid,04/29/2025,--,NGN 107,"₦379,271.97",14466.73 naira,393738.70 naira,Partially Paid,MTR7546043,Enugu
DISCO776383,Emeka Lawal,33898881671,EEDC (Enugu),R1,prepaid,2024/01/09,1793.75,N97,"174,836.81 ",N/A,"₦174,836.81",Arrears,MTR3858105,Rivers State
DISCO246728,Fatima Nnamdi,38055257828,AEDC (Abuja),C1 ,Pre-paid,not set,1054.83,63.20 naira,"₦66,665.26",,,UNPAID,MTR5402331,Delta
DISCO881981,segun okeke,234-160-166-299,AEDC (Abuja),Commercial (C1),Postpaid,29-Mar-2024,NULL,₦155.26,"₦191,597.05",,-,paid ,MTR3161205,Kano
DISCO127168,Obinna Yusuf,11150835354,IKEDC (Ikeja),Residential,Postpaid,2024-04-11,1872.35,₦170.40,"319,048.44 ",73657.52,392705.96 naira,paid ,MTR3388446,Ibadan
DISCO759921,Ifeoma Adekunle,0644 726 4908,IKEDC (Ikeja),Residential (R2),Post paid,2024/03/09,3334.15,111.47 ,"₦371,657.70",,"N371,658",Partial,NULL,Plateau
DISCO341679,Amaka Eze,(580) 778-7956,EKEDC (Eko),Residential (R2),prepaid,06 August 2024,593.83,148.45 ,"₦88,154.06","N62,327","NGN 150,481",Arrears,MTR4775141,Plateau
DISCO319256,segun nwosu,07700284276,IBDC (Ibadan),Residential (R1),Post paid,23.03.2025,1164.6,₦112.87,131448.40 naira,--,"N131,448",Partial,MTR4730791,ABUJA
DISCO127007,  sadiq ajayi,N/A,IKEDC (Ikeja),Residential (R2),Post paid,06/16/2024,289.34,86.5,"N25,028",Unknown,N/A,Paid,MTR4984820,Lagos
DISCO950838,Obinna Nwosu,08519611594,EEDC (Enugu),R1,Prepaid,2024/10/10,1721.39,NGN 226,"388,689.86 ",,"NGN 388,690",Paid,MTR3368143,Anambra
DISCO626470,Wale Balogun   ,0698 042 0439,PHED (Port Harcourt),r1,Prepaid,11/11/2024,2398.95,152.31,"NGN 365,384",n/a,365384.0745,paid ,MTR7351799,Ogun
DISCO770870,Ifeoma Afolabi,0033 373 6346,PHED (Port Harcourt),Residential (R1),Pre-paid,20.05.2025,2793.48,183.05 ,"₦511,346.51",-,"NGN 511,347",Paid,MTR1343331,Kano
DISCO831550,NGOZI EZE,0284 567 9723,PHED (Port Harcourt),Residential,Prepaid,17-May-2024,2241.02,NGN 64,"N142,775","NGN 47,094","N189,869",Partially Paid,N/A,Kano
DISCO866113,Bisi Okafor,0432 806 3461,PHED (Port Harcourt),R1,prepaid,12/06/2024,1418.74,174.84 naira,"N248,053","N1,696","₦249,748.68",UNPAID,MTR7808038,Akwa Ibom
DISCO810783,Grace Lawal,234-810-220-317,IBDC (Ibadan),C1 ,POSTPAID,03-May-2024,4177.08,179.57 naira,"NGN 750,078",,"NGN 750,078",paid,MTR4267721,Oyo State
DISCO696467,TOBI NWOSU,87189813129,IKEDC (Ikeja),Residential (R2),Prepaid,06/05/2025,357.32,147.58 naira,"NGN 52,733",,52733.29 naira,Arrears,MTR3818423,Plateau
DISCO826139,Musa Okeke,0236 458 7506,KEDCO (Kano),R1,Post paid,2024/02/17,4156.94,N112,"NGN 466,533",,"NGN 466,533",Arrears,MTR9811573,Akwa Ibom
DISCO903729,Yusuf Lawal,0537 950 2097,AEDC (Abuja),Industrial (D3),POSTPAID,2024/07/17,1870.37,₦103.09,"N192,816",37048.00 naira,"NGN 229,864",Partially Paid,MTR6219393,Delta
DISCO220105,Grace Abubakar,28861957612,IBDC (Ibadan),Industrial (D3),Postpaid,22-May-2025,127.91,NIL,24174.989999999998,65912.12,"₦90,087.11",Paid,MTR1879381,Ogun
DISCO661339,Kemi Chukwu,0450 090 2559,KEDCO (Kano),commercial,Pre-paid,10-Dec-2024,827.47,100.89 naira,83483.45 naira,14652.92 naira,"NGN 98,136",UNPAID,MTR8581944,Abuja
DISCO267811,Ngozi Eze,+234149587020,AEDC (Abuja),commercial,Postpaid,15/05/2024,3784.11,177.91 naira,  ,,"N673,231",Arrears,NULL,Edo
DISCO808615,Halima Mohammed,234-102-574-326,IKEDC (Ikeja),R2,Pre-paid,00/00/0000,,74.17 naira,"N293,497",N/A,"293,497.37 ",Partial,MTR7608750,Rivers
DISCO566088,Zainab Adeyemi,(441) 448-8501,KEDCO (Kano),R2,POSTPAID,05-Feb-2025,795.31,127.36 ,"N101,291","N19,600",120890.9216,Partial,MTR3320915,Akwa Ibom
DISCO651967,Kunle Mohammed,(714) 628-3143,IBDC (Ibadan),Industrial (D3),prepaid,04/16/2024,632.77,109.39 ,"N69,219",unknown,unknown,Arrears,MTR7082101,Kaduna
DISCO983846,musa yusuf,234-442-944-401,AEDC (Abuja),r1,Post paid,2024-05-30,2211.76,NGN 167,"NGN 370,094",Unknown,370093.8008000001,Partial,MTR2431567,Imo
DISCO302399,Chinedu Eze,07697499564,EKEDC (Eko),Commercial (C1),prepaid,08.05.2025,21.45,-,"N4,418","NGN 27,099","31,516.72 ",UNPAID,MTR2945079,Enugu
DISCO149623,Bisi Mohammed,+234075536668,IBDC (Ibadan),Industrial (D3),Pre-paid,16-May-2024,1516.13,  ,"₦281,105.66",nil,,paid ,MTR8616105,Delta
DISCO273495,  tunde lawal,234-961-122-338,IBDC (Ibadan),Residential (R2),Pre-paid,2024-06-23,1183.72,₦188.45,"N223,072",14185.69 naira,"237,257.72 ",Partially Paid,MTR9688728,Ogun
DISCO229501,ALIYU BALOGUN,(056) 641-8775,KEDCO (Kano),R2,prepaid,01/10/2025,47.95,₦139.70,n/a,NULL,"₦6,698.61",UNPAID,MTR5176029,Port Harcourt
DISCO915915,Segun Balogun,31952569040,AEDC (Abuja),R1,POSTPAID,06/06/2025,1403.91,N97,135800.21430000002,n/a,135800.21 naira,Partially Paid,MTR1556646,lagos
DISCO349338,Femi Chukwu,234-765-326-909,KEDCO (Kano),Residential (R1),Post paid,04.06.2024,3942.4,NGN 120,474940.928,"NGN 53,215",--,Arrears,MTR1743420,Imo
DISCO729274,Ibrahim Okeke,65094801413,KEDCO (Kano),Residential,Post paid,2024-04-01,2261.76,NGN 91,"₦206,340.36",,n/a,Arrears,MTR8101503,Cross River
DISCO533923,Funmilayo Nnamdi,N/A,PHED (Port Harcourt),R2,prepaid,03/29/2024,1594.23,204.78,"N326,466",16099.71 naira,342566.12940000003,Partially Paid,MTR8628509,FCT
DISCO921352,yusuf chukwu   ,0064 256 9087,AEDC (Abuja),R1,Postpaid,16.06.2025,Unknown,97.95 ,417553.99350000004,"N46,293","NGN 463,847",Partially Paid,MTR1705368,Ogun
DISCO862438,Ibrahim Suleiman,234-868-528-975,EKEDC (Eko),r1,Pre-paid,26 April 2024,2657.13,N67,"₦176,805.43",,,UNPAID,MTR4701474,Enugu
DISCO781691,Sadiq Balogun   ,234-159-416-516,IBDC (Ibadan),R1,prepaid,07.02.2025,2392.58,225.89,"N540,460",60744.60 naira,"N601,204",UNPAID,MTR8771699,Anambra
DISCO496939,Halima Yusuf,234-312-241-797,AEDC (Abuja),Industrial (D3),POSTPAID,2024-05-21,3084.12,N77,"₦236,058.54","₦12,424.99","NGN 248,484",Partial,MTR5121459,Anambra
DISCO109699,sadiq okafor,0049 478 7300,AEDC (Abuja),R1,Pre-paid,08/11/2024,2762.73,NGN 201,556220.4309,,556220.4309,Unpaid,MTR9217504,Rivers
DISCO277898,Wale Olawale,75859883103,EEDC (Enugu),C1 ,prepaid,2025-01-12,3800.85,N216,"NGN 819,235",78380.45,897615.6589999999,Partially Paid,-,Delta
DISCO436231,Bola Lawal,234-149-828-246,KEDCO (Kano),C1 ,Pre-paid,03 December 2024,4178.9,N204,851367.30 naira,"₦34,863.23",886230.5269999999,Partially Paid,N/A,Edo
DISCO761963,Wale Okafor,04958803955,PHED (Port Harcourt),R2,Prepaid,02 February 2024,3894.84,₦77.77,302901.7068,,302901.7068,Partial,?,Plateau
DISCO535453,Sadiq Nwosu   ,+234333395211,IBDC (Ibadan),R2,Prepaid,,3389.19,NGN 188,"₦636,523.77",NIL,"636,523.77 ",Paid,MTR2600862,Ogun
DISCO291252,Fatima Ajayi,0140 369 6566,IBDC (Ibadan),commercial,prepaid,30-Jan-2025,Unknown,N79,"115,250.13 ",,"₦115,250.13",Unpaid,unknown,Kaduna
DISCO295346,Chioma Okeke,(153) 779-5995,IKEDC (Ikeja),R1,Post paid,26-Apr-2024,4303.35,99.38,"₦427,666.92",unknown,427666.92 naira,Partial,MTR1135474,Ogun
DISCO566036,Wale Mohammed,234-624-058-008,IBDC (Ibadan),Residential (R1),Postpaid,2025-02-22,706.14,147.88,"104,423.98 ",,"N104,424",Paid,MTR9340414,Akwa Ibom
DISCO741158,Emeka Adeyemi,71215134228,AEDC (Abuja),R1,prepaid,2025-02-10,688.26,NGN 88,"₦60,243.40",,nil,UNPAID,MTR1658042,kano
DISCO514815,Obinna Afolabi,234-337-504-793,KEDCO (Kano),R1,Postpaid,05/14/2024,29.54,₦210.17,6208.42 naira,"NGN 67,978","₦74,186.79",UNPAID,MTR5247904,Lagos
DISCO169356,Grace Adekunle,0675 661 8443,EEDC (Enugu),Residential (R2),Post paid,06/03/2024,197.14,NGN 60,"NGN 11,860","32,098.38 ",43958.32 naira,Arrears,MTR4275627,FCT
DISCO659718,Chinedu Nnamdi,08556659398,IKEDC (Ikeja),Commercial (C1),Post paid,23 June 2024,nil,N97,187322.8152,,187322.8152,Paid,MTR6829790,Kano
DISCO802192,Grace Olawale,+234815118567,KEDCO (Kano),commercial,Prepaid,30.07.2024,2677.37,₦199.46,534028.22 naira,,"N534,028",paid ,MTR4553726,Cross River
DISCO793816,ngozi adeyemi,+234974121820,AEDC (Abuja),Residential (R2),Post paid,2024-09-01,--,NGN 227,"NGN 112,520",unknown,,Paid,MTR8856113,Abuja
DISCO543089,Chidi Nnamdi,,AEDC (Abuja),Residential (R1),POSTPAID,15/06/2024,3676.19,179.53,"NGN 659,986",,659986.3907,paid,MTR1687095,Akwa Ibom
DISCO993902,Chioma Chukwu,invalid,AEDC (Abuja),Commercial (C1),Prepaid,2025/05/24,2577.78,₦217.99,N/A,"N1,716",563646.60 naira,Partially Paid,MTR7426092,Akwa Ibom
DISCO491665,Grace Adeyemi,0465 217 0730,IBDC (Ibadan),R2,Post paid,25.03.2025,2936.58,174.99 naira,"NGN 513,872",,"NGN 513,872",Partial,MTR4462747,Anambra
DISCO609563,Chioma Okeke,06334141115,EKEDC (Eko),Residential (R1),Post paid,12 April 2025,101.39,203.43,"₦20,625.77",53046.93 naira,"73,672.70 ",paid,MTR3921984,Akwa Ibom
DISCO895597,Sadiq Suleiman,48995299787,AEDC (Abuja),Industrial (D3),prepaid,09/07/2024,N/A,₦98.64,"₦338,083.67",,"N338,084",Partial,MTR2410278,Ogun
DISCO380505,Ifeoma Bello,234-416-335-658,EEDC (Enugu),Industrial (D3),Post paid,08 March 2024,4418.63,125.75 naira,"₦555,642.72",-,555642.72 naira,Partial,MTR3671838,Delta
DISCO125630,kemi okafor   ,0000000000,EKEDC (Eko),commercial,Postpaid,2025-04-21,2637.47,NGN 220,579056.5385,  ,579056.54 naira,Partial,MTR6757060,Enugu
DISCO197330,Sadiq Adeyemi,34327560417,EEDC (Enugu),R2,Prepaid,19.03.2024,897.39,N142,"127,483.22 ",--,127483.22 naira,Paid,MTR6794346,Ibadan
DISCO470757,Funmilayo Okeke,39155963632,EKEDC (Eko),R1,POSTPAID,2024-06-17,416.69,151.54 ,"N63,145",--,,Unpaid,MTR2910141,Oyo
DISCO594626,Fatima Nnamdi,05587716947,PHED (Port Harcourt),Commercial (C1),Postpaid,08 January 2024,3423.44,₦140.03,"₦479,384.30",null,"479,384.30 ",paid,MTR7004831,Ogun
DISCO936959,Wale Balogun,234-033-521-103,EKEDC (Eko),Residential (R2),POSTPAID,2024-02-11,4296.43,NGN 100,431447.5006,unknown,unknown,Partially Paid,MTR2806126,kano
DISCO450421,Aliyu Ogundimu,+234723804682,IKEDC (Ikeja),commercial,prepaid,2024/12/31,1220.86,106.4,"NGN 129,900",,  ,Paid,MTR4541937,Kaduna
DISCO395039,grace  yusuf,04849102562,IBDC (Ibadan),C1 ,Postpaid,25-Oct-2024,3326.17,173.54 naira,577223.5418,"N65,216",,paid,MTR7971003,Plateau
DISCO660544,Blessing Yusuf   ,0487 282 9979,EKEDC (Eko),Commercial (C1),prepaid,01-Dec-2024,nil,NGN 208,"N233,716",,"N233,716",Partial,MTR4041426,Akwa Ibom
DISCO112831,Adaeze Okonkwo,+234118489554,KEDCO (Kano),Residential,prepaid,2024/07/19,3252.26,-,null,56538.3,447297.33900000004,Paid,MTR7773227,Lagos
DISCO512908,Wale Bello,234-753-998-935,EEDC (Enugu),C1 ,Pre-paid,2025-06-21,2724.62,70.23 naira,191350.06 naira,,"N191,350",Arrears,MTR8747549,Enugu
DISCO525323,Kemi Nwosu,0717 911 0065,EKEDC (Eko),Commercial (C1),Prepaid,02/05/2024,32.98,198.44,6544.55 naira,n/a,6544.551199999999,Partially Paid,MTR4757673,Imo
DISCO827622,Zainab Abubakar,06524077848,AEDC (Abuja),Residential (R2),Prepaid,23-Jun-2025,4105.3,72.97,?,,"NGN 299,564",Partial,MTR9746235,Kano
DISCO995521,Tobi Mohammed,66377805292,IKEDC (Ikeja),R1,prepaid,04/05/2025,2852.86,₦87.15,"₦248,626.75","₦45,429.76","₦294,056.51",Paid,MTR5903912,FCT
DISCO425912,Yusuf Nwosu,(345) 911-2382,KEDCO (Kano),Industrial (D3),Pre-paid,08/07/2024,4025.86,N222,"N894,103",NULL,"₦894,103.25",paid,MTR7898699,Kaduna
DISCO418529,Aliyu Suleiman,+234319508501,PHED (Port Harcourt),Residential (R2),Prepaid,26/05/2024,3602.18,₦76.91,"₦277,043.66","₦75,841.12",352884.7838,Unpaid,-,Imo
DISCO913674,Emeka Okafor,(771) 812-9826,EKEDC (Eko),C1 ,POSTPAID,2024-08-10,3481.07,99.05,344799.98 naira,"₦25,116.10",369916.0835,Partially Paid,MTR2805415,Edo
DISCO479273,Ngozi Yusuf,18435797863,IKEDC (Ikeja),C1 ,Postpaid,2024/07/24,2526.85,₦76.33,192874.4605,,192874.4605,Paid,MTR8732036,Edo
DISCO359305,Blessing Olawale,07912868578,AEDC (Abuja),R1,prepaid,07 May 2024,3115.82,nil,"₦251,446.67","₦63,943.19",,Partial,MTR3305088,Kaduna
DISCO223911,Yusuf Abubakar,0492 683 1589,KEDCO (Kano),C1 ,POSTPAID,2025-02-07,2045.37,N226,462499.06 naira,,"NGN 462,499",paid ,MTR4279429,Imo
DISCO162911,Fatima Mohammed,09377100409,EEDC (Enugu),Residential,Post paid,14-Feb-2024,863.83,NGN 186,"NGN 160,983",1141.18 naira,"N162,125",UNPAID,MTR8759816,kano
DISCO661339,Kemi Chukwu,0450 090 2559,KEDCO (Kano),commercial,Pre-paid,10-Dec-2024,827.47,100.89 naira,83483.45 naira,14652.92 naira,"NGN 98,136",UNPAID,MTR8581944,Abuja
DISCO341679,Amaka Eze,(580) 778-7956,EKEDC (Eko),Residential (R2),prepaid,06 August 2024,593.83,148.45 ,"₦88,154.06","N62,327","NGN 150,481",Arrears,MTR4775141,Plateau
DISCO881421,Adaeze Balogun,+234910371705,AEDC (Abuja),Residential (R1),Prepaid,02/08/2024,2648.61,N69,183972.45059999998,,183972.45059999998,paid,MTR4702011,Anambra
DISCO405891,KUNLE CHUKWU,(187) 734-7784,EEDC (Enugu),Industrial (D3),POSTPAID,27.03.2025,1293.28,116.11,150162.7408,,150162.74 naira,Arrears,MTR1080505,Kaduna
DISCO146981,Ifeoma  Chukwu   ,234-232-971-674,IKEDC (Ikeja),R1,Postpaid,2024-10-29,725.16,142.09 ,"NGN 103,038",Unknown,"103,037.98 ",UNPAID,MTR7551149,Delta
DISCO825396,Wale Eze,(308) 069-5814,EEDC (Enugu),Industrial (D3),prepaid,2024-03-18,3587.18,N126,"NGN 452,846","43,289.23 ",,Partial,n/a,Plateau
DISCO903070,ZAINAB OGUNDIMU,07656124815,KEDCO (Kano),R2,Prepaid,20/05/2024,1799.51,₦160.80,"₦289,361.21",,289361.21 naira,paid ,MTR5918284,Plateau
DISCO974038,Bola Balogun,234-405-682-996,AEDC (Abuja),Residential,Prepaid,2025-02-12,3448.92,142.83 naira,"₦492,609.24",,492609.24 naira,Paid,MTR5708762,Plateau
DISCO207257,Sadiq Okonkwo,(632) 543-1074,EKEDC (Eko),r1,Prepaid,25-Sep-2024,Unknown,145.76 ,"433,437.77 ",n/a,"N433,438",UNPAID,MTR9152287,Lagos
DISCO628947,sadiq chukwu,24124620952,EKEDC (Eko),r1,prepaid,04/10/2024,Unknown,₦204.09,856045.30 naira,,"NGN 856,045",UNPAID,MTR5392305,Delta
DISCO889253,Bisi Ogundimu,+234398554743,IBDC (Ibadan),R1,Postpaid,11 April 2024,1351.25,221.70 naira,"₦299,572.12",NIL,299572.12 naira,paid ,MTR5665644,Akwa Ibom
DISCO960668,Bola Eze,234-230-085-766,KEDCO (Kano),commercial,prepaid,04-Sep-2024,870.83,₦154.17,"NGN 134,256",--,"₦134,255.86",paid,MTR7913356,Imo
DISCO131361,Ibrahim Nwosu,(392) 906-0078,PHED (Port Harcourt),C1 ,Postpaid,29-Jan-2024,1134.31,93.46,"₦106,012.61",,"N106,013",Partial,MTR5554508,Enugu
DISCO827622,Zainab Abubakar,06524077848,AEDC (Abuja),Residential (R2),Prepaid,23-Jun-2025,4105.3,72.97,?,,"NGN 299,564",Partial,MTR9746235,Kano
DISCO165073,Kunle Ajayi,234-615-347-355,AEDC (Abuja),Residential (R1),Post paid,27-Jan-2025,nil,NGN 98,"N331,806","22,095.59 ",,paid ,MTR6997357,Kano
DISCO555398,Tobi Nwosu,(043) 416-5182,KEDCO (Kano),Residential,Postpaid,07.02.2025,3503.0,221.07,"₦774,408.21",NIL,"NGN 774,408",Partially Paid,MTR5996426,Delta
DISCO389947,adaeze lawal,18362644886,PHED (Port Harcourt),Commercial (C1),Prepaid,2024-04-03,1737.01,₦111.53,null,nil,"N193,729",paid,MTR4088624,Akwa Ibom
DISCO476482,Segun Olawale,70231643348,PHED (Port Harcourt),R1,prepaid,20.12.2024,nil,152.81,"N138,070",4413.59 naira,142483.5374,Partially Paid,MTR3272041,Cross River
DISCO321505,Obinna Suleiman,84576521328,PHED (Port Harcourt),Commercial (C1),Pre-paid,2024/08/13,4080.51,N112,"N458,894","NGN 3,891",462785.24 naira,UNPAID,MTR4940163,Delta
DISCO956416,Bola Yusuf,(669) 078-2633,KEDCO (Kano),Residential,Postpaid,24/05/2025,3376.44,220.9,"NGN 745,856",,"N745,856",Paid,MTR1448808,Imo
DISCO875626,Chinedu Ajayi,04618723460,IKEDC (Ikeja),C1 ,Prepaid,24.08.2024,2023.95,NGN 128,"₦259,328.71",NULL,259328.71 naira,Paid,MTR5812955,Delta
DISCO600895,Amaka Olawale,+234242437540,EKEDC (Eko),Residential (R2),POSTPAID,13/04/2024,1992.63,60.84 ,"N121,232","₦29,107.00",150338.6092,Arrears,MTR6071075,Akwa Ibom
DISCO485976,funmilayo suleiman,234-993-908-926,EEDC (Enugu),Industrial (D3),POSTPAID,05.05.2025,2326.93,unknown,187690.17 naira,"NGN 37,199","₦224,888.91",Partial,MTR7715027,Cross River
DISCO400199,Ifeoma Okonkwo,234-583-230-241,EEDC (Enugu),r1,prepaid,02/25/2025,n/a,71.19,"NGN 18,394",--,"N18,394",Partially Paid,MTR5193608,Lagos
DISCO576084,Funmilayo Yusuf,234-275-480-157,AEDC (Abuja),commercial,Pre-paid,05.07.2024,1064.62,136.08 naira,"₦144,873.49",n/a,"N144,873",Paid,MTR2327921,Rivers
DISCO135843,Bola Ajayi,234-618-306-719,KEDCO (Kano),Residential,POSTPAID,07 May 2025,4280.28,N85,361854.87 naira,6012.86 naira,367867.73 naira,paid ,MTR4405484,Plateau
DISCO819146,Grace Yusuf,234-975-817-246,EEDC (Enugu),Residential (R2),Post paid,30.03.2024,1249.93,178.99 naira,"NGN 223,725",?,223724.97070000003,Unpaid,MTR7009438,Enugu
DISCO426155,Ngozi Yusuf,02064474212,IBDC (Ibadan),C1 ,Prepaid,23.11.2024,3185.93,212.02 ,"N675,481",,,paid,MTR6340289,Ogun
DISCO922741,Kunle Okeke,0000000000,IBDC (Ibadan),Residential (R1),Postpaid,2025-01-31,3087.39,95.37,"N294,444",,"₦294,444.38",Partial,MTR2675054,Anambra
DISCO442146,aliyu  okafor,0354 946 5190,EEDC (Enugu),R1,Post paid,20-Dec-2024,1808.11,₦227.68,"₦411,670.48",,"NGN 411,670",UNPAID,MTR2056402,Plateau
DISCO809175,Amaka Nwosu,00910939111,EEDC (Enugu),R2,Postpaid,N/A,1409.53,N220,309814.69 naira,,"NGN 309,815",paid ,MTR5429641,Kaduna
DISCO688842,Emeka Chukwu,0364 622 5179,IBDC (Ibadan),Commercial (C1),POSTPAID,10/30/2024,909.85,NGN 186,"NGN 169,068","NGN 15,864","184,932.26 ",paid ,MTR8931634,Delta
DISCO245431,Amara Okeke,234-728-463-920,EKEDC (Eko),Industrial (D3),POSTPAID,2025-04-16,938.91,N198,  ,--,"N185,707",Unpaid,MTR7878625,Edo
DISCO499647,tunde olawale,(492) 515-8377,IBDC (Ibadan),Residential,Postpaid,2025-04-25,24.34,NULL,"N3,586","NGN 11,731","NGN 15,317",Partial,MTR8306137,Edo
DISCO600107,Blessing Adekunle,97794523219,KEDCO (Kano),Residential (R2),Post paid,05/08/2024,1730.29,₦55.12,"₦95,373.58","NGN 64,190","NGN 159,564",Arrears,MTR6251431,Anambra
DISCO694919,Segun Olawale,07932302346,PHED (Port Harcourt),Commercial (C1),Prepaid,05/09/2024,521.41,N160,NIL,"NGN 35,328","N118,801",Unpaid,null,Akwa Ibom
DISCO785603,Amara Yusuf,+234116241124,EEDC (Enugu),Residential (R1),POSTPAID,15/08/2024,2011.43,₦221.19,"₦444,908.20",,"₦444,908.20",Paid,MTR5664602,Rivers
DISCO266794,Grace Afolabi,(864) 168-6227,KEDCO (Kano),Industrial (D3),Post paid,2024-09-06,40.5,143.88 ,5827.139999999999,,"5,827.14 ",Paid,NIL,Cross River
DISCO651107,Blessing Mohammed,11284971859,AEDC (Abuja),r1,Pre-paid,05/25/2025,936.13,N210,"₦196,493.69","₦42,176.81","₦238,670.50",Unpaid,NULL,Kano
DISCO434254,Segun Ajayi,(303) 477-8660,PHED (Port Harcourt),R2,Post paid,2024/03/13,2035.34,NGN 84,170968.56 naira,,"NGN 170,969",Partial,MTR1426444,Kaduna
DISCO471560,ngozi okafor,+234659116655,PHED (Port Harcourt),Industrial (D3),Prepaid,22-Apr-2024,148.03,128.8,"N19,066","N79,425",98490.804,Partial,NIL,Plateau
DISCO152925,emeka afolabi,05608331819,IBDC (Ibadan),C1 ,Pre-paid,2024/08/01,1061.35,₦114.57,"NGN 121,599",-,"NGN 121,599",Partially Paid,MTR5169777,Kaduna
DISCO156177,  SADIQ BALOGUN,74996165926,AEDC (Abuja),Industrial (D3),Post paid,02/02/2024,1668.65,NGN 68,113534.94600000001,"NGN 39,248","₦152,782.97",paid,MTR5782865,Delta
DISCO695638,Chioma Okafor,+234207545279,KEDCO (Kano),commercial,prepaid,2024/12/29,1295.95,N96,"₦123,957.62",,"N123,958",Arrears,MTR7104797,Kaduna
DISCO968908,Emeka Adekunle,0389 097 2832,EKEDC (Eko),Industrial (D3),Prepaid,02/03/2024,1406.95,₦68.43,96277.59 naira,,96277.58850000001,Arrears,MTR5499558,Kaduna
DISCO631938,IFEOMA  EZE,(515) 093-9834,IBDC (Ibadan),commercial,Prepaid,21-Mar-2025,1132.44,216.31 ,"NGN 244,958",  ,"N244,958",Arrears,MTR3800108,Anambra
DISCO555989,Musa Mohammed,invalid,AEDC (Abuja),R1,Pre-paid,19/10/2024,1523.35,₦173.51,"NGN 264,316",N/A,  ,Paid,MTR2299316,Kaduna
DISCO508347,Chinedu Adeyemi,02310592745,IBDC (Ibadan),Residential (R1),Prepaid,26-Jun-2024,3755.2,₦168.48,"N632,676","₦49,691.04","NGN 682,367",Unpaid,MTR3337318,Akwa Ibom
DISCO826233,Funmilayo Adeyemi,07174773329,PHED (Port Harcourt),Residential (R2),Post paid,2025/02/12,1365.95,NGN 138,"NGN 189,170",,"₦189,170.42",Arrears,MTR6523544,Kaduna
DISCO425367,Segun Nnamdi,,KEDCO (Kano),Residential (R1),Prepaid,03 May 2025,2952.3,NGN 103,304175.47 naira,unknown,"₦304,175.47",Paid,MTR3596571,Cross River
DISCO233973,Chioma Afolabi,00326642147,AEDC (Abuja),R2,Postpaid,31-Jan-2024,1645.37,₦69.12,"NGN 113,728",,113727.97 naira,Partially Paid,MTR7012532,Abuja
DISCO413456,Ibrahim Ajayi,(683) 272-3865,IKEDC (Ikeja),commercial,Post paid,10 October 2024,1679.06,NGN 82,"N137,364",unknown,"NGN 137,364",Partial,MTR1615730,Kaduna
DISCO560795,Halima Nwosu,+234752308370,IBDC (Ibadan),R1,Prepaid,27 May 2024,3270.9,NGN 141,"N462,113",--,462112.75 naira,UNPAID,MTR1510014,Oyo
DISCO874668,CHINEDU NWOSU,234-919-541-987,AEDC (Abuja),Residential (R2),Post paid,N/A,3166.86,NGN 191,"NGN 605,219","N11,522","616,740.62 ",Partial,MTR9058745,Imo
DISCO445889,Kunle Suleiman,0524 013 2234,KEDCO (Kano),R1,Postpaid,2025/05/23,NIL,NGN 187,381834.0592,  ,381834.06 naira,Arrears,MTR2575706,Edo
DISCO609501,Tunde Chukwu,0465 796 7842,AEDC (Abuja),Residential (R2),Post paid,13-Feb-2025,550.88,₦55.21,"NGN 30,414",Unknown,30414.0848,Arrears,MTR8600275,Edo
DISCO530487,Fatima Yusuf,0384 689 5009,IBDC (Ibadan),Residential (R2),prepaid,17-Jul-2024,4096.57,190.35 naira,"779,782.10 ","51,222.00 ","NGN 831,004",Partial,MTR6357665,Lagos
DISCO720887,Aliyu  Afolabi,+234889921075,AEDC (Abuja),Residential,Prepaid,25.06.2024,3958.36,₦191.91,759648.8676,73945.47,833594.34 naira,paid,MTR6335005,FCT
DISCO935799,  HALIMA AJAYI,234-024-968-549,EEDC (Enugu),commercial,POSTPAID,04/15/2025,3852.56,₦182.63,"₦703,593.03",NIL,703593.03 naira,UNPAID,MTR9373946,KANO
DISCO561822,Ngozi Olawale,26620157201,IKEDC (Ikeja),Residential (R1),Pre-paid,2024/06/15,4308.49,N108,467169.57 naira,,467169.5707,Partial,MTR9422687,Delta
DISCO853681,Segun Afolabi,03491141520,PHED (Port Harcourt),Residential,Pre-paid,03/08/2025,1302.82,106.56,"NGN 138,828",,"138,828.50 ",Paid,MTR8027733,Oyo
DISCO902693,Yusuf Mohammed,0933 051 7289,EKEDC (Eko),Residential,prepaid,2024-03-21,null,₦94.87,393140.3313,,"₦393,140.33",paid ,MTR3857812,Rivers
DISCO660133,EMEKA OKEKE,08184518489,EEDC (Enugu),Industrial (D3),Postpaid,19 September 2024,2770.49,63.11 ,174845.62 naira,"NGN 60,653","NGN 235,499",Arrears,MTR6006338,Oyo
DISCO338896,Amara Adekunle,00501508124,EKEDC (Eko),Residential (R2),Prepaid,05.10.2024,1433.1,57.9,82976.49 naira,,"82,976.49 ",Partially Paid,MTR2924885,Lag
DISCO726666,Ngozi Afolabi,(138) 585-4249,PHED (Port Harcourt),r1,Postpaid,unknown date,1380.02,192.04,"265,019.04 ",N/A,265019.04079999996,Arrears,nil,Imo
DISCO614188,Kemi Okonkwo,+234331060053,PHED (Port Harcourt),R1,Postpaid,03/06/2025,2375.98,NIL,429292.0664,62387.5,"NGN 491,680",Arrears,-,abuja
DISCO317616,Bola Abubakar,234-683-147-276,IKEDC (Ikeja),Commercial (C1),Prepaid,13.08.2024,3164.94,NGN 160,"N506,485",77027.11,"N583,512",paid ,MTR9321947,Anambra
DISCO487512,Adaeze Abubakar,0000000000,KEDCO (Kano),Commercial (C1),Pre-paid,2024/08/03,2567.32,NGN 223,"NGN 573,488",,"N573,488",Paid,MTR3277531,Oyo
DISCO625165,Femi Ajayi,234-531-363-631,EEDC (Enugu),Residential,Post paid,06/21/2025,244.25,₦92.90,Unknown,66484.64,"89,175.46 ",Partial,MTR8054216,Lagos
DISCO990791,Segun Okafor,,EKEDC (Eko),Industrial (D3),Pre-paid,2025-05-16,2221.42,₦77.80,"NGN 172,826",48554.57,"NGN 221,381",Partially Paid,MTR2251341,Ogun
DISCO317243,Aliyu Chukwu,0973 502 0802,EEDC (Enugu),commercial,Post paid,15-Mar-2024,2549.4,NGN 177,"N451,142",?,,Partial,MTR4528404,Rivers
DISCO986904,Amara Bello,234-840-767-899,EKEDC (Eko),r1,Postpaid,04/17/2024,2281.93,160.93 ,367230.9949,N/A,"NGN 367,231",Unpaid,MTR1223625,Plateau
DISCO978425,Blessing Okafor,(771) 333-4476,IKEDC (Ikeja),R1,Prepaid,28 November 2024,2968.38,208.08 naira,Unknown,NULL,"N617,661",UNPAID,MTR1323137,Akwa Ibom
DISCO668016,CHIOMA OKAFOR,0051 292 7663,EKEDC (Eko),C1 ,Prepaid,2024/06/22,1215.99,65.44 naira,unknown,"NGN 14,767","NGN 94,341",paid ,MTR8064344,Plateau
DISCO233689,Bisi Yusuf,(711) 991-8081,IKEDC (Ikeja),Industrial (D3),Post paid,21-Dec-2024,2043.43,₦104.39,"NGN 213,314",,"NGN 213,314",Partial,unknown,Anambra
DISCO828240,Chinedu  Abubakar,0442 094 9407,IBDC (Ibadan),Industrial (D3),prepaid,05-Mar-2024,3478.07,N154,"₦536,874.89",,  ,Arrears,MTR4980974,Delta
DISCO245345,Chinedu Yusuf,(449) 734-7156,PHED (Port Harcourt),r1,POSTPAID,04.08.2024,126.67,NGN 136,"17,186.59 ",NIL,"N17,187",Arrears,-,Enugu
DISCO678735,GRACE AJAYI,234-596-309-938,IKEDC (Ikeja),R1,Pre-paid,23/11/2024,3604.56,66.78 ,"N240,713",null,"N240,713",UNPAID,MTR9451978,Abuja
DISCO410347,Grace Olawale,05472928422,EEDC (Enugu),Industrial (D3),Pre-paid,2024-04-14,2674.53,176.44 naira,"471,894.07 ",Unknown,"NGN 471,894",Partially Paid,MTR7075296,Ogun
DISCO380128,Femi Suleiman,234-890-983-780,IBDC (Ibadan),C1 ,Postpaid,N/A,1478.79,₦164.23,"N242,862",,"242,861.68 ",Partially Paid,MTR8102223,Cross River
DISCO941300,blessing okeke,234-600-412-577,IBDC (Ibadan),Residential,Prepaid,01/08/2025,584.06,unknown,"₦107,934.29",nil,107934.288,Arrears,--,Lagos
DISCO716736,Sadiq Balogun,+234638361517,KEDCO (Kano),Residential,Post paid,24/08/2024,-,NGN 175,512445.83 naira,--,,Paid,MTR3112643,Anambra
DISCO515461,Ngozi Chukwu   ,06424008254,PHED (Port Harcourt),commercial,prepaid,N/A,N/A,N122,"₦493,977.45","N68,675","NGN 562,652",paid,MTR9210920,Abuja
DISCO580762,  Obinna Suleiman   ,06241502745,IKEDC (Ikeja),Residential (R2),Post paid,22 May 2025,3017.59,N225,"₦678,474.94",unknown,"N678,475",Arrears,MTR7809306,Lagos State
DISCO428799,Chioma Yusuf,0014 870 6827,PHED (Port Harcourt),r1,Postpaid,09 October 2024,null,₦113.42,"NGN 347,130",n/a,"347,129.85 ",Arrears,MTR9313362,Kaduna
DISCO143787,Ngozi Olawale,234-498-782-082,AEDC (Abuja),commercial,Pre-paid,2024/09/17,2027.77,214.53,435017.4981,"N13,057","₦448,074.86",paid ,MTR2160153,Ogun
DISCO758641,Sadiq Chukwu,41067275208,AEDC (Abuja),Residential (R2),Pre-paid,07/09/2024,3049.69,220.19 naira,"₦671,511.24",--,"₦671,511.24",Arrears,MTR5822224,Enugu
DISCO204622,Kunle Bello,234-867-177-318,IKEDC (Ikeja),R2,prepaid,02/01/2025,n/a,NGN 163,"₦114,951.53",,"NGN 114,952",paid ,MTR8576723,Abuja
DISCO574320,Segun Ogundimu,01492164334,AEDC (Abuja),r1,Postpaid,27/08/2024,237.15,113.02 naira,"N26,803",Unknown,,Partial,MTR4690182,Anambra
DISCO109564,Obinna Okeke,0577 245 9928,EKEDC (Eko),C1 ,Pre-paid,not set,-,₦194.89,870273.4994,Unknown,NULL,Partially Paid,MTR5862847,Ogun
DISCO727882,Halima Nwosu,,EEDC (Enugu),Residential (R2),Prepaid,11/02/2024,3156.94,171.36,"NGN 540,973",?,540973.2384,Unpaid,MTR5406317,Anambra
DISCO716249,  bisi eze,+234924195625,AEDC (Abuja),Residential,Pre-paid,06-Jan-2024,2190.98,₦114.62,251130.13 naira,Unknown,"NGN 251,130",Partially Paid,MTR1660353,Imo
DISCO639984,  Ifeoma Yusuf,+234811556260,IKEDC (Ikeja),C1 ,prepaid,12/08/2024,2666.62,142.35 naira,"NGN 379,593","NGN 36,508","NGN 416,101",paid,MTR7649529,Ibadan
DISCO148218,Zainab Adekunle,+234715099768,EKEDC (Eko),R2,POSTPAID,11/27/2024,1032.32,N152,"NGN 156,758",,156757.79 naira,Arrears,MTR8535192,Lag
DISCO308057,MUSA  ADEYEMI   ,234-878-294-565,IKEDC (Ikeja),Industrial (D3),prepaid,03-Feb-2025,594.66,N183,"₦108,935.77",,"108,935.77 ",paid ,?,Akwa Ibom
DISCO740361,Aliyu Okeke,07214586833,PHED (Port Harcourt),r1,Prepaid,11.01.2025,935.76,176.50 ,"N165,162",,"NGN 165,162",Partially Paid,MTR5434109,Cross River
DISCO846198,Sadiq Abubakar,(528) 506-7625,EEDC (Enugu),Residential,POSTPAID,29 May 2025,3796.78,₦140.36,"NGN 532,916","₦14,334.58","NGN 547,251",Unpaid,MTR6830521,Delta
DISCO369966,Grace Adekunle,0312 206 8155,EEDC (Enugu),r1,Postpaid,10/03/2024,1719.51,NGN 141,"NGN 241,935",,"₦241,935.06",paid,MTR2098795,KANO
DISCO538406,Kemi Chukwu,0011 939 3250,EEDC (Enugu),Residential,Prepaid,18/07/2024,686.61,NGN 62,"N42,687","₦20,118.12",62804.66 naira,Paid,MTR8020861,Delta
DISCO229489,  ifeoma mohammed,0096 105 5661,PHED (Port Harcourt),Commercial (C1),Pre-paid,19/01/2024,2898.67,N190,"NGN 552,023",,"552,022.71 ",Arrears,MTR4536982,Edo
DISCO553324,BLESSING AFOLABI,+234946723248,EEDC (Enugu),r1,prepaid,26/02/2024,91.23,NGN 62,"N5,623",?,"₦5,623.42",Paid,MTR8262318,Kaduna
DISCO479256,Blessing Mohammed,+234158148769,IBDC (Ibadan),Residential (R1),Pre-paid,02/18/2024,3206.61,76.36,244856.74 naira,,244856.74 naira,Arrears,MTR9870458,Enugu
DISCO157975,funmilayo nnamdi   ,,KEDCO (Kano),Industrial (D3),prepaid,2024/12/20,2506.18,NGN 61,"N152,852",75210.57 naira,"NGN 228,062",Arrears,N/A,Imo
DISCO438683,Femi Nnamdi,invalid,EKEDC (Eko),Residential (R1),Pre-paid,2024-03-07,129.98,NGN 181,"NGN 23,543",NULL,,paid ,MTR7179124,Kano
DISCO315980,Ibrahim Bello,0821 545 4470,EEDC (Enugu),Residential,Post paid,N/A,1052.47,148.27,"₦156,049.73",,"NGN 156,050",Partial,MTR3460153,Plateau
DISCO721013,Chidi Lawal,234-113-863-383,EKEDC (Eko),Residential (R1),Prepaid,2024/09/27,2342.65,₦109.32,256098.50 naira,,"N256,098",Arrears,MTR1293064,Ogun
DISCO789196,Musa Adeyemi,67299493874,EEDC (Enugu),Residential (R1),prepaid,05/09/2025,2974.14,₦190.22,565740.91 naira,,565740.91 naira,Partially Paid,MTR5380896,Ogun
DISCO946159,Segun Ajayi,0020 994 5101,EEDC (Enugu),Residential (R1),Postpaid,19.06.2025,1576.33,225.46 ,355399.36 naira,-,"355,399.36 ",paid ,MTR7792383,oyo
DISCO516600,Kunle Balogun,06718325823,AEDC (Abuja),Residential (R1),Prepaid,2025-05-09,713.79,NGN 191,"NGN 136,170","NGN 11,802",--,Partially Paid,MTR3064034,Anambra
DISCO521754,tobi ogundimu,00290846684,EEDC (Enugu),Commercial (C1),Post paid,12/27/2024,1166.16,135.33 ,"NGN 157,816","30,799.67 ",Unknown,UNPAID,MTR8388081,Oyo
DISCO420630,Tobi Okeke,06329092791,PHED (Port Harcourt),r1,Postpaid,2024/07/20,3655.18,₦101.84,Unknown,NIL,372243.53 naira,paid,NULL,kano
DISCO613160,Emeka Lawal,0497 374 6052,AEDC (Abuja),C1 ,POSTPAID,,31.78,100.41,3191.0298,"NGN 43,820","47,010.91 ",Partial,MTR9555321,Kaduna
DISCO659380,Bisi Bello,(273) 543-5209,PHED (Port Harcourt),Residential (R2),Post paid,2024-01-30,2330.63,NGN 182,424757.32 naira,--,"N424,757",Arrears,MTR7357191,Plateau
DISCO676569,Aliyu Okeke,0000000000,EKEDC (Eko),Residential (R2),Postpaid,23 March 2025,4067.32,NGN 203,"825,503.27 ",,nil,paid,MTR4852656,Imo
DISCO430873,Obinna  Nwosu,07438421503,IKEDC (Ikeja),Residential (R2),Pre-paid,18/01/2024,3175.59,NGN 142,"450,520.95 ",?,"NGN 450,521",Partial,MTR3812861,Oyo
DISCO450421,Aliyu Ogundimu,+234723804682,IKEDC (Ikeja),commercial,prepaid,2024/12/31,1220.86,106.4,"NGN 129,900",,  ,Paid,MTR4541937,Kaduna
DISCO228619,Fatima Ajayi,05197128478,EKEDC (Eko),Residential (R2),POSTPAID,2024/02/07,,219.3,217337.27 naira,"₦61,326.66","N278,664",UNPAID,MTR1561089,Enugu
DISCO507539,Bola Okonkwo,01227770793,AEDC (Abuja),C1 ,prepaid,08-Jan-2024,1582.43,N82,"₦129,822.56",--,,Unpaid,MTR2373530,Edo
DISCO787132,Zainab Lawal,85106794975,EEDC (Enugu),Commercial (C1),POSTPAID,00/00/0000,--,70.26 ,8244.31 naira,71155.72 naira,79400.03 naira,Unpaid,MTR3683022,Kano
DISCO271306,Emeka Nnamdi,01647090063,EKEDC (Eko),r1,Prepaid,2024/03/23,1266.18,₦216.53,274165.95540000004,"₦29,326.65","N303,493",Partial,MTR6981197,Imo
DISCO676569,Aliyu Okeke,0000000000,EKEDC (Eko),Residential (R2),Postpaid,23 March 2025,4067.32,NGN 203,"825,503.27 ",,nil,paid,MTR4852656,Imo
DISCO677348,Bola Nnamdi,0762 202 3413,KEDCO (Kano),Residential (R1),Post paid,11-May-2024,1856.76,134.47,"N249,679",  ,NULL,Arrears,MTR1230532,Kaduna
DISCO525969,Musa Balogun,234-573-839-597,IKEDC (Ikeja),Residential (R1),Prepaid,10.04.2025,873.59,188.19 naira,164400.90 naira,,164400.9021,Arrears,MTR9703225,Imo
DISCO716481,Obinna Ajayi,08816093068,EKEDC (Eko),R1,POSTPAID,29/05/2025,1165.29,N211,245701.39649999997,n/a,245701.39649999997,Partially Paid,MTR9447471,Lagos
DISCO872444,Kunle Nwosu,0140 578 6170,KEDCO (Kano),Residential (R1),Prepaid,2024/10/22,546.27,NGN 93,"NGN 50,770",,"NGN 50,770",Arrears,MTR8748475,Imo
DISCO319838,Bisi Olawale,+234603248413,AEDC (Abuja),commercial,Postpaid,18 November 2024,3568.64,69.92 naira,"NGN 249,519","N66,162","N315,682",Paid,MTR4069767,Rivers State
DISCO201117,Amara Mohammed,0774 233 3059,AEDC (Abuja),R1,prepaid,30-Jan-2024,339.1,205.59 naira,69715.569,"₦45,159.55","NGN 114,875",Paid,MTR5220854,Kaduna
DISCO660133,EMEKA OKEKE,08184518489,EEDC (Enugu),Industrial (D3),Postpaid,19 September 2024,2770.49,63.11 ,174845.62 naira,"NGN 60,653","NGN 235,499",Arrears,MTR6006338,Oyo
DISCO401972,Chioma Bello,98253092511,EEDC (Enugu),Commercial (C1),Postpaid,10 May 2024,3151.53,₦139.51,439669.95 naira,,,Unpaid,MTR5503509,Edo
DISCO812931,IFEOMA MOHAMMED,(891) 371-8949,AEDC (Abuja),R2,POSTPAID,2024-11-17,3159.27,86.17,272234.30 naira,  ,272234.2959,Arrears,MTR1762951,Delta
DISCO325402,Funmilayo Lawal,85962630136,EKEDC (Eko),Commercial (C1),Post paid,13/07/2024,4308.78,N163,"N704,012",--,"N704,012",UNPAID,MTR7444535,Ibadan
DISCO799957,  Kunle Eze   ,61085732788,IBDC (Ibadan),Residential (R1),Post paid,12.03.2025,1220.2,92.42 naira,"NGN 112,771",,"N112,771",paid,MTR8868993,Ogun
DISCO546949,bola adekunle,234-184-787-005,IBDC (Ibadan),commercial,prepaid,11/01/2024,2508.15,124.63 naira,"₦312,590.73",N/A,312590.73 naira,paid ,n/a,Kaduna
DISCO208433,Femi Yusuf,234-554-781-376,AEDC (Abuja),Industrial (D3),Prepaid,16 April 2024,1780.39,N169,"₦301,348.81",  ,301348.81 naira,paid,MTR3873661,Lagos
DISCO201117,Amara Mohammed,0774 233 3059,AEDC (Abuja),R1,prepaid,30-Jan-2024,339.1,205.59 naira,69715.569,"₦45,159.55","NGN 114,875",Paid,MTR5220854,Kaduna
DISCO656629,Halima Ogundimu,0562 557 7017,PHED (Port Harcourt),Residential,Post paid,18 May 2025,1952.74,NGN 79,"NGN 153,368",,,Partially Paid,MTR3316129,Lagos
DISCO377640,Sadiq Afolabi,+234263296762,KEDCO (Kano),R1,Post paid,12.11.2024,3922.72,₦85.89,336922.42 naira,,336922.42079999996,UNPAID,MTR5532107,Enugu
DISCO271617,Chioma Yusuf,0442 703 1207,EEDC (Enugu),Industrial (D3),prepaid,12/27/2024,3509.67,-,"NGN 602,891","31,026.82 ",--,Partial,MTR7474375,Enugu
DISCO473139,Musa Adeyemi,(644) 249-3631,EEDC (Enugu),Residential (R2),Prepaid,10/09/2024,2254.62,NGN 207,"NGN 466,143",43544.14 naira,"₦509,686.83",Arrears,  ,Edo
DISCO708111,NGOZI ABUBAKAR,+234153991566,IBDC (Ibadan),Residential (R2),prepaid,03 September 2024,1664.44,₦60.44,100598.75 naira,N/A,,Unpaid,MTR4069097,Ogun
DISCO858343,Grace Adekunle,(467) 197-8897,EKEDC (Eko),Residential (R1),Postpaid,09.04.2025,1865.98,₦142.51,"N265,921",65498.74,"NGN 331,420",Partial,MTR5974557,Rivers
DISCO365620,Ifeoma Afolabi,08980271487,EKEDC (Eko),r1,Prepaid,2024-09-03,1231.76,85.95,"₦105,869.77",--,"NGN 105,870",Arrears,MTR9723371,Delta
DISCO910250,Grace Chukwu,03800545228,KEDCO (Kano),R1,prepaid,13/12/2024,825.29,118.34,"NGN 97,665",n/a,97664.8186,Unpaid,MTR1111211,Imo
DISCO258065,FEMI LAWAL,234-206-506-373,PHED (Port Harcourt),Commercial (C1),Postpaid,2025/04/28,2457.62,N58,143131.7888,NULL,,Partial,MTR9658626,Kaduna
DISCO602109,Amaka Okeke,+234371586988,IBDC (Ibadan),Industrial (D3),POSTPAID,22-Jan-2025,--,NGN 161,250432.76 naira,"27,741.51 ",278174.2738,Partial,MTR7605325,Cross River
DISCO427639,Chidi Adeyemi,0665 754 6027,EEDC (Enugu),Residential (R1),POSTPAID,12/09/2024,2612.12,N88,229187.40879999998,"NGN 15,294","N244,481",Arrears,MTR4318864,Delta
DISCO436058,wale eze,234-027-011-686,IBDC (Ibadan),Industrial (D3),Pre-paid,11.12.2024,310.62,77.27 ,"N24,002","₦75,761.09","99,762.70 ",Unpaid,  ,FCT
DISCO986882,Sadiq Olawale,+234955798877,EEDC (Enugu),C1 ,Postpaid,2024/12/23,3235.1,N82,"N264,114",N/A,NULL,Unpaid,MTR9079991,Enugu
DISCO404708,Chioma Ogundimu,(817) 884-7951,AEDC (Abuja),C1 ,Pre-paid,27 March 2025,1794.82,₦122.99,"₦220,744.91","N4,915","₦225,659.54",Paid,MTR8650324,Lagos
DISCO410082,  segun okafor,44714627301,AEDC (Abuja),Residential (R2),Post paid,05/12/2024,1869.68,176.33 ,329680.6744,NIL,"₦329,680.67",Paid,MTR6442146,Anambra
DISCO420559,Obinna Afolabi,0275 784 4683,PHED (Port Harcourt),commercial,Postpaid,2024-10-31,1452.82,229.84 naira,"333,916.15 ",,"₦333,916.15",UNPAID,MTR1900602,Kaduna
DISCO217928,Tobi Yusuf,0975 634 1085,PHED (Port Harcourt),Residential (R2),Postpaid,04/03/2024,3654.95,103.50 ,378287.32499999995,  ,378287.32499999995,Paid,MTR6149426,Plateau
DISCO254591,Ifeoma Lawal,(729) 343-0107,AEDC (Abuja),R2,Prepaid,12-Jan-2025,2925.38,₦55.27,161685.7526,"NGN 73,653","NGN 235,339",UNPAID,MTR7760653,Ogun
DISCO655364,Ifeoma Afolabi,04284347955,AEDC (Abuja),commercial,Prepaid,03/06/2024,4047.33,N83,"NGN 337,021",nil,337021.17 naira,Partial,MTR6072816,Imo
DISCO812556,Musa Nwosu,+234960501667,PHED (Port Harcourt),r1,Pre-paid,23 August 2024,3289.79,N206,nil,N/A,"678,058.62 ",Partial,MTR8222168,Plateau
DISCO536153,Wale Okafor,(561) 655-6503,AEDC (Abuja),Commercial (C1),Post paid,2024/08/06,537.65,161.82,"NGN 87,003",,"₦87,002.52",Partially Paid,MTR5677487,Anambra
DISCO710935,Ifeoma Eze,234-396-136-749,IKEDC (Ikeja),commercial,Post paid,2025-04-22,4362.98,NGN 156,"680,668.51 ",5128.32,"N685,797",UNPAID,MTR1330855,Lagos
DISCO221862,Ibrahim Adeyemi,+234673037183,IKEDC (Ikeja),C1 ,Pre-paid,2025-01-17,3259.22,N136,443710.21079999994,NULL,"N443,710",Partially Paid,MTR1941206,Plateau
DISCO403898,  Kemi Okafor,+234558777496,AEDC (Abuja),R2,Prepaid,29.08.2024,1823.84,nil,Unknown,nil,,paid ,MTR8953858,Oyo
DISCO344157,Amaka Olawale,07374896908,PHED (Port Harcourt),R1,Pre-paid,2025-04-16,1907.54,192.26 naira,366743.6404,"NGN 69,556","N436,299",Unpaid,MTR3735270,Ogun
DISCO454871,TUNDE AJAYI   ,02629251881,IBDC (Ibadan),commercial,Pre-paid,12/18/2024,1903.01,NGN 138,"NGN 262,064",NIL,"262,063.51 ",paid ,MTR4670161,Kaduna
DISCO740828,Ifeoma Nwosu,234-728-813-770,PHED (Port Harcourt),commercial,Prepaid,20-Jun-2025,2710.31,NGN 56,151696.05 naira,Unknown,151696.05 naira,paid,MTR4129448,ABUJA
DISCO734128,Chinedu Abubakar,invalid,IKEDC (Ikeja),Commercial (C1),POSTPAID,11.05.2025,2436.63,N102,"248,146.40 ",-,,Partial,MTR2027269,Rivers
DISCO807226,ZAINAB CHUKWU,01096789940,KEDCO (Kano),Residential (R2),prepaid,21 May 2024,702.48,218.83 naira,"NGN 153,724",  ,"₦153,723.70",Unpaid,MTR6613235,Edo
DISCO591694,Bola Mohammed,+234256434712,AEDC (Abuja),R2,Pre-paid,10/01/2024,143.91,N124,"17,863.55 ",  ,"₦17,863.55",Paid,MTR2288135,Abuja
DISCO551188,Ngozi Okonkwo,(807) 740-6493,IBDC (Ibadan),r1,prepaid,2024-12-15,unknown,N168,"N4,914",null,"NGN 51,456",paid,MTR3293721,Abuja
DISCO615882,Segun Ajayi,(679) 228-7772,PHED (Port Harcourt),Residential (R2),Post paid,07/11/2024,1808.09,NGN 72,129459.24 naira,8782.99 naira,,Paid,MTR9208736,Cross River
DISCO974026,Tobi Lawal,+234712661106,IBDC (Ibadan),Residential,Prepaid,08 April 2024,2210.24,NGN 56,124303.90 naira,"N26,851","N151,155",Arrears,nil,Anambra
DISCO387277,halima ogundimu,22499982795,AEDC (Abuja),commercial,POSTPAID,14 December 2024,40.3,N188,7590.50 naira,N/A,"7,590.50 ",Paid,MTR8268397,Abuja
DISCO643715,Grace Adeyemi,(799) 313-6565,KEDCO (Kano),Residential (R1),Postpaid,16 August 2024,4069.94,N187,"₦759,939.20",--,"N759,939",Paid,N/A,Enugu
DISCO432044,Aliyu Lawal,27617075877,PHED (Port Harcourt),Residential (R2),Pre-paid,08 February 2025,1303.06,unknown,"N268,574",nil,,UNPAID,MTR6600978,Cross River
DISCO599950,Aliyu Balogun,(341) 638-9448,EKEDC (Eko),Commercial (C1),Postpaid,2024/11/24,2598.23,151.91 naira,394697.12 naira,,,paid ,MTR8173568,Kano
DISCO155964,Chinedu Okonkwo,0296 044 3270,EKEDC (Eko),R2,Pre-paid,12.03.2024,4298.07,₦155.72,"NGN 669,295",,669295.46 naira,paid ,MTR4392094,Kano
DISCO388118,Yusuf Bello,0559 042 5979,EEDC (Enugu),R1,Postpaid,30.01.2024,4077.3,74.54,"NGN 303,922","N28,207",332129.37 naira,paid,MTR6873658,Kaduna
DISCO604770,Amaka Ajayi,03370502497,EKEDC (Eko),Residential (R1),Postpaid,20.03.2025,543.81,224.07 ,"N121,852",nil,"NGN 121,852",Partially Paid,MTR1151470,Edo
DISCO224891,Amaka Afolabi,0199 663 6580,EKEDC (Eko),R2,Pre-paid,07 January 2025,221.02,NGN 195,43200.57 naira,NULL,"NGN 43,201",Partial,MTR8758458,Imo
DISCO130416,Sadiq Afolabi,(572) 324-6651,IBDC (Ibadan),R1,Postpaid,24/03/2025,1499.72,₦148.57,"N222,813",,NULL,Paid,MTR2968441,Anambra
DISCO232464,Zainab Mohammed   ,+234061387829,EEDC (Enugu),R2,Pre-paid,12/27/2024,349.79,₦77.87,27238.15 naira,44988.09,"72,226.24 ",Unpaid,MTR8203403,Cross River
DISCO925116,Tobi Okafor,0147 617 4224,EKEDC (Eko),Residential,prepaid,29.02.2024,1646.54,N219,"N361,251","N79,338",,Partial,MTR9234969,Plateau
DISCO185879,Aliyu Olawale,04110760954,AEDC (Abuja),C1 ,prepaid,23.11.2024,1056.43,165.19 naira,"₦174,511.67","NGN 42,378","NGN 216,890",Partial,MTR6551876,Ogun
DISCO841179,Halima Olawale,+234370304531,EKEDC (Eko),R1,prepaid,04-Nov-2024,3211.1,nil,291118.33 naira,  ,291118.326,paid ,MTR9429136,Edo
DISCO236659,Musa Ajayi,+234204339718,IKEDC (Ikeja),Residential (R1),Pre-paid,02/08/2024,262.3,NGN 185,,?,"₦115,213.64",Partial,MTR5616729,Akwa Ibom
DISCO589761,Amaka Nwosu,+234938661331,KEDCO (Kano),R2,Postpaid,2024-08-26,4446.88,64.05,284822.66 naira,nil,"N284,823",Partial,MTR1449635,Enugu
DISCO389784,Chinedu Nwosu,invalid,EEDC (Enugu),commercial,Pre-paid,not set,2493.69,86.00 ,214457.34 naira,6596.48,"NGN 221,054",Partially Paid,MTR3987869,Imo
DISCO307070,Funmilayo Afolabi,0304 891 3824,EKEDC (Eko),Commercial (C1),prepaid,05/15/2024,3243.93,₦211.21,"₦685,150.46",unknown,685150.4553,Paid,MTR7301591,Cross River
DISCO782236,Tunde Nnamdi,30988392053,KEDCO (Kano),r1,Pre-paid,,56.19,57.44 naira,NULL,"N19,509",--,paid ,MTR9973473,Edo
DISCO259580,Ngozi Nwosu,0942 152 9108,EEDC (Enugu),C1 ,POSTPAID,2024/05/20,435.37,₦222.17,"96,726.15 ",,"96,726.15 ",paid,MTR7552825,Kano
DISCO658784,KEMI AJAYI   ,0890 309 1436,IBDC (Ibadan),Commercial (C1),POSTPAID,03/01/2025,3030.63,N177,"N535,270",?,"NGN 535,270",paid ,n/a,Oyo
DISCO852058,Funmilayo Nnamdi,95453817921,EKEDC (Eko),Commercial (C1),Post paid,09-Jul-2024,--,₦80.33,"N339,631","₦23,619.33","₦363,250.55",Paid,MTR8021416,Akwa Ibom
DISCO876103,Bola Okeke,(661) 794-5491,KEDCO (Kano),Industrial (D3),POSTPAID,06.11.2024,4443.4,₦151.80,"674,508.12 ",,674508.12 naira,Arrears,MTR3646482,Lagos
DISCO948190,Blessing Abubakar,36815798123,EKEDC (Eko),commercial,POSTPAID,13 December 2024,2115.29,₦77.14,163173.47 naira,N/A,163173.47 naira,paid ,MTR8300596,Abuja
DISCO553310,Bisi Okafor,07294209548,KEDCO (Kano),C1 ,prepaid,2024/06/22,1512.26,,"NGN 217,402",,"₦217,402.50",UNPAID,-,LAGOS
DISCO833327,Bisi Afolabi,06870079420,KEDCO (Kano),C1 ,prepaid,2025-05-10,4304.28,171.12,"₦736,548.39",63546.56 naira,"₦800,094.95",paid,MTR2333079,Kaduna
DISCO816389,Yusuf Balogun,31981898471,PHED (Port Harcourt),R1,Prepaid,01/06/2025,3293.32,null,"N496,336",4534.68,,UNPAID,MTR2514213,Plateau
DISCO581688,Ibrahim Bello   ,04494856257,IKEDC (Ikeja),R2,Prepaid,2025/01/04,1635.42,nil,"NGN 295,700",79420.07 naira,,Arrears,MTR8292109,Ogun
DISCO807100,Emeka Okafor,0684 577 6004,AEDC (Abuja),Industrial (D3),Pre-paid,05 August 2024,182.78,₦116.05,"N21,212",,"₦21,211.62",Arrears,MTR4905409,Enugu
DISCO611954,Chidi Ogundimu,N/A,AEDC (Abuja),Industrial (D3),Post paid,08.02.2025,3170.16,110.41 ,350017.37 naira,N/A,350017.36559999996,Paid,MTR1822257,Plateau
DISCO968713,  fatima afolabi,+234547492975,PHED (Port Harcourt),C1 ,Pre-paid,16.08.2024,302.82,NGN 165,"50,025.86 ",nil,"₦50,025.86",paid,MTR4014611,Rivers
DISCO792718,Yusuf Okeke,234-151-826-068,IKEDC (Ikeja),C1 ,Pre-paid,14-Sep-2024,1243.54,N141,"175,276.96 ",,,Partial,MTR3000336,Edo
DISCO746401,Aliyu Lawal,02196207100,PHED (Port Harcourt),Industrial (D3),Pre-paid,N/A,752.86,155.66,"₦117,190.19",NIL,117190.19 naira,Paid,MTR1716488,Rivers
DISCO624393,Tobi Balogun,+234909022599,KEDCO (Kano),commercial,Prepaid,10 August 2024,3315.26,215.62 naira,"N714,836",null,"NGN 714,836",UNPAID,MTR7060703,Ibadan
DISCO248220,segun abubakar,234-218-230-768,IKEDC (Ikeja),C1 ,Pre-paid,2024-01-09,4135.66,N68,282713.72 naira,,"N282,714",Paid,MTR9766338,Imo
DISCO589761,Amaka Nwosu,+234938661331,KEDCO (Kano),R2,Postpaid,2024-08-26,4446.88,64.05,284822.66 naira,nil,"N284,823",Partial,MTR1449635,Enugu
DISCO448799,Bola Adeyemi,10339937886,IKEDC (Ikeja),Commercial (C1),POSTPAID,2025-01-12,2713.98,194.99,529198.96 naira,unknown,"N529,199",Partially Paid,MTR7206518,Plateau
DISCO192545,Tunde Afolabi,+234160875243,IKEDC (Ikeja),Residential,POSTPAID,16/06/2024,737.59,₦80.82,59612.02 naira,nil,59612.023799999995,Arrears,MTR3276657,Lagos
DISCO525463,Amara Ogundimu,+234173203093,EEDC (Enugu),Residential (R1),Postpaid,24-Jun-2024,Unknown,NIL,356108.08 naira,,"NGN 363,922",paid ,MTR3378316,Plateau
DISCO917497,  Tobi Okafor,01705802566,EKEDC (Eko),Commercial (C1),prepaid,2025/04/11,494.22,N217,107181.49 naira,null,107181.49140000001,UNPAID,MTR8172651,Abuja
DISCO740989,Musa Eze,+234950033423,EEDC (Enugu),C1 ,Postpaid,2025-03-01,3602.64,NGN 143,516474.47 naira,,"NGN 516,474",paid ,MTR1630550,Ibadan
DISCO178265,Segun Bello,09634807970,KEDCO (Kano),Commercial (C1),Prepaid,2025/01/15,1517.31,NIL,344778.3513,20863.93,"N365,642",UNPAID,MTR9818011,Cross River
DISCO579959,   obinna ajayi,0253 817 9335,PHED (Port Harcourt),R1,Pre-paid,05 June 2024,1604.52,214.32 naira,"₦343,880.73",N/A,"NGN 381,785",UNPAID,MTR2492527,Edo
DISCO145833,IBRAHIM ADEYEMI,(289) 141-6128,AEDC (Abuja),Industrial (D3),POSTPAID,06/26/2024,902.13,N69,61976.331000000006,"N67,298",129273.85100000001,Unpaid,MTR9930441,Anambra
DISCO767881,Adaeze Adekunle,43992011669,PHED (Port Harcourt),Residential,Post paid,09/01/2025,2054.8,NGN 73,149281.22 naira,"N62,068","NGN 211,349",Partial,MTR1611857,oyo
DISCO235863,  WALE BELLO,06181753443,IBDC (Ibadan),commercial,Pre-paid,03/16/2024,2044.52,N65,"₦132,832.46",,132832.46 naira,paid ,MTR8307873,lagos
DISCO615825,Fatima Bello,+234216110760,IKEDC (Ikeja),Industrial (D3),Post paid,2024-01-03,2872.96,NGN 89,"₦255,205.04",,"₦255,205.04",Partial,MTR1725078,Kano
DISCO313265,  IBRAHIM MOHAMMED,(974) 192-6764,PHED (Port Harcourt),R2,Post paid,09.11.2024,3230.38,N185,596102.02 naira,  ,"NGN 596,102",Unpaid,?,Fct Abuja
DISCO208376,Ibrahim Ajayi,0573 660 9656,KEDCO (Kano),commercial,Prepaid,28.02.2025,3750.96,133.51 naira,"N500,791","N69,339","N570,129",Arrears,MTR9898656,Rivers
DISCO721211,CHINEDU LAWAL,51837606441,AEDC (Abuja),R2,prepaid,09/26/2024,122.71,210.29 ,25804.69 naira,"NGN 76,215",102019.5159,paid,MTR2974207,Akwa Ibom
DISCO172551,Fatima Ajayi,0554 234 0163,IBDC (Ibadan),Industrial (D3),prepaid,2024-12-14,2124.64,NGN 111,235898.7792,,,Paid,MTR9575204,lagos
DISCO715145,Sadiq  Ogundimu   ,09269212447,EEDC (Enugu),r1,prepaid,14/02/2024,541.07,55.06,"N29,791",,29791.314200000004,UNPAID,MTR9008084,Abuja
DISCO920467,Grace Abubakar,N/A,EEDC (Enugu),R1,Postpaid,2024/01/14,2532.35,₦122.28,309655.758,,309655.76 naira,UNPAID,MTR1417460,Kaduna
DISCO165073,Kunle Ajayi,234-615-347-355,AEDC (Abuja),Residential (R1),Post paid,27-Jan-2025,nil,NGN 98,"N331,806","22,095.59 ",,paid ,MTR6997357,Kano
DISCO237227,Musa Balogun,(749) 261-7647,AEDC (Abuja),R2,POSTPAID,12/21/2024,1133.11,NGN 153,NULL,"60,703.66 ",233525.5972,Paid,MTR2750878,Kano
DISCO306061,Femi Nwosu,+234539423733,IBDC (Ibadan),R1,POSTPAID,04 March 2025,386.45,NGN 167,"N64,603",N/A,64602.85 naira,UNPAID,MTR8891816,Kano
DISCO740361,Aliyu Okeke,07214586833,PHED (Port Harcourt),r1,Prepaid,11.01.2025,935.76,176.50 ,"N165,162",,"NGN 165,162",Partially Paid,MTR5434109,Cross River
DISCO189416,Wale Nwosu,+234975451052,AEDC (Abuja),Residential (R1),prepaid,21-Jul-2024,3726.2,164.81 ,"₦614,115.02",,614115.022,Arrears,MTR5201680,Lagos
DISCO663579,Tobi Balogun,89363926495,AEDC (Abuja),Industrial (D3),Post paid,31/08/2024,2874.54,93.90 naira,269919.30600000004,,"₦269,919.31",Paid,MTR1388136,Abuja
DISCO468803,Amara Mohammed   ,N/A,AEDC (Abuja),C1 ,Post paid,21-May-2025,4163.97,?,"NGN 284,774",N/A,"NGN 284,774",paid ,MTR1079924,Anambra
DISCO723810,Blessing Nwosu,0474 689 7152,EEDC (Enugu),R1,Prepaid,23.06.2024,3155.25,NGN 118,"373,329.18 ",71232.89 naira,"NGN 444,562",Unpaid,MTR5310790,KANO
DISCO774601,Amara Adekunle,0027 278 5760,PHED (Port Harcourt),Residential,prepaid,02/03/2024,950.48,NGN 191,"NGN 181,513","NGN 47,069","228,582.01 ",Arrears,MTR7131350,Rivers
DISCO734594,FEMI BALOGUN,0270 267 2885,EKEDC (Eko),C1 ,prepaid,2024/07/11,1670.89,NGN 122,"203,180.22 ",NULL,"NGN 203,180",Partial,MTR1862334,Edo
DISCO543877,Fatima Okonkwo,99219212493,KEDCO (Kano),Residential (R1),prepaid,05/02/2025,851.62,₦87.52,"₦74,533.78",,"N74,534",Unpaid,-,Rivers
DISCO800690,Chidi Okonkwo,+234397524508,PHED (Port Harcourt),R2,Prepaid,13-Aug-2024,4051.71,212.98,"₦862,933.20","NGN 4,014",,Partial,MTR8681193,Akwa Ibom
DISCO200084,Chioma Afolabi,+234376904268,EEDC (Enugu),commercial,Postpaid,20.01.2024,1167.3,₦184.24,?,  ,"NGN 215,063",Partially Paid,  ,Plateau
DISCO470888,Bisi Afolabi,(013) 806-9847,PHED (Port Harcourt),Residential (R2),prepaid,22-Jan-2025,2877.0,NGN 94,269114.58 naira,-,269114.58,Partial,MTR2815718,Akwa Ibom
DISCO390740,FUNMILAYO NWOSU,234-047-658-018,IKEDC (Ikeja),Residential,Prepaid,18/04/2025,657.06,123.47,81127.1982,,"NGN 81,127",UNPAID,?,kano
DISCO749039,Chioma Afolabi,(429) 618-4462,AEDC (Abuja),Industrial (D3),prepaid,23-Feb-2025,1962.75,NGN 59,N/A,28445.17,"₦145,130.66",UNPAID,MTR3173163,Edo
DISCO364965,Kemi Bello,84902770384,EKEDC (Eko),r1,Post paid,08 March 2024,1367.09,₦187.13,"₦255,823.55",nil,255823.55 naira,paid ,MTR6315276,Rivers
DISCO398701,Ibrahim Ogundimu,234-536-866-326,EEDC (Enugu),r1,Postpaid,2024/03/18,2935.99,137.03,--,,"NGN 402,319",paid ,,Cross River
DISCO813123,Bola Nnamdi,234-027-169-385,IBDC (Ibadan),Residential,prepaid,17.04.2024,740.58,136.75 naira,"N101,274",,"NGN 143,466",paid ,MTR5543468,Akwa Ibom
DISCO571413,Tobi Chukwu,0746 542 1406,IBDC (Ibadan),C1 ,Postpaid,2024-11-10,2188.84,NULL,"N500,850",,"N500,850",Partial,--,Enugu
DISCO683069,Halima Balogun,51586734257,AEDC (Abuja),R1,prepaid,21/02/2024,3869.65,₦153.08,"N592,366","N42,051","₦634,417.42",paid,MTR4224468,Anambra
DISCO817495,Femi Chukwu,07179576024,AEDC (Abuja),R1,Postpaid,2024-08-13,4252.1,₦100.90,"N429,037","₦47,529.68",476566.57 naira,paid ,MTR8232296,Akwa Ibom
DISCO251666,blessing mohammed,92548121478,KEDCO (Kano),C1 ,Post paid,05/19/2025,3973.46,119.81 ,476060.2426,55033.81,"N531,094",Partially Paid,MTR4683109,Abuja
DISCO294583,Emeka Eze,234-220-994-999,AEDC (Abuja),Residential (R1),prepaid,18-Jan-2025,3510.53,N175,"N613,395",53675.39,"N667,070",paid,Unknown,KANO
DISCO316087,Grace Suleiman,(292) 752-4372,IKEDC (Ikeja),R2,Post paid,2024-02-29,2036.65,144.46 naira,294214.45900000003,  ,"₦321,264.65",Unpaid,MTR5379448,kano
DISCO875425,  Musa Nwosu,05931109193,EEDC (Enugu),commercial,Prepaid,21/01/2024,NULL,--,"N329,146",,"329,146.16 ",paid ,MTR8800384,Akwa Ibom
DISCO184735,Grace Okafor,55084289107,KEDCO (Kano),Residential,Postpaid,06/13/2025,1933.34,NGN 148,285960.32 naira,17360.86,303321.18 naira,paid,MTR6578358,Delta
DISCO426229,Kunle Okeke,0567 043 1038,IBDC (Ibadan),Residential,prepaid,26-Feb-2024,1112.24,55.22,"N61,418",N/A,"NGN 61,418",UNPAID,MTR8173466,Port Harcourt
DISCO741203,femi yusuf   ,(799) 077-2625,IKEDC (Ikeja),R1,Pre-paid,04-Feb-2025,1729.65,₦88.90,"153,765.89 ","NGN 11,243",,Partial,MTR1697133,Abuja
DISCO809397,  Tunde Ogundimu,,PHED (Port Harcourt),Residential (R2),Postpaid,N/A,843.25,NGN 66,"NGN 55,536",--,55536.445,Arrears,MTR4058847,Anambra
DISCO670981,Femi Lawal,00569659171,AEDC (Abuja),Residential,Prepaid,2025-05-18,491.03,164.47 ,"NGN 80,760",55882.28 naira,136641.98 naira,UNPAID,MTR2340581,Lag
DISCO553239,Yusuf Nnamdi,+234701082207,PHED (Port Harcourt),Residential,Postpaid,00/00/0000,3408.9,117.64 naira,"401,023.00 ",  ,"N401,023",Arrears,MTR4983691,Lagos
DISCO326660,Segun Bello,(227) 495-4508,AEDC (Abuja),Residential (R2),Postpaid,10.11.2024,N/A,N172,"₦717,532.53",null,"N717,533",Partially Paid,MTR7400904,Abuja
DISCO599374,Amara Abubakar,(200) 894-3468,AEDC (Abuja),Residential (R2),Postpaid,2025-05-19,814.15,NGN 125,"N101,736",,"101,736.18 ",Paid,MTR5995921,Cross River
DISCO447218,Tunde Yusuf,+234198179469,PHED (Port Harcourt),Residential (R1),Post paid,20 June 2024,2533.24,67.62,171297.69 naira,,"171,297.69 ",UNPAID,MTR9626210,Abuja
DISCO170646,  Wale Okeke,11477320101,PHED (Port Harcourt),Residential (R1),Post paid,2024-12-01,-,N127,"N522,054",nil,"NGN 522,054",Partially Paid,  ,Rivers
DISCO340677,Segun Yusuf,+234266299123,IKEDC (Ikeja),Residential (R1),POSTPAID,27/03/2025,3079.62,146.30 ,"N450,548","₦13,741.19","464,289.60 ",Unpaid,MTR8329186,Port Harcourt
DISCO473811,SADIQ LAWAL,234-837-340-312,IKEDC (Ikeja),Commercial (C1),Post paid,2025/01/09,449.35,NGN 60,"NGN 26,943",?,"26,943.03 ",Unpaid,MTR3207812,Anambra
DISCO107678,Ibrahim Ogundimu,26860259222,EKEDC (Eko),Residential (R2),Post paid,11-Jan-2025,158.06,null,"₦27,865.98","66,942.72 ","NGN 94,809",Partial,MTR4228028,Ogun
DISCO612611,Funmilayo Chukwu,98056265650,EEDC (Enugu),Commercial (C1),prepaid,2025-01-02,2060.07,₦215.47,443883.28 naira,--,443883.28 naira,paid,MTR9853438,Kaduna
DISCO302717,Chidi Adeyemi,76973577907,AEDC (Abuja),Industrial (D3),prepaid,15 March 2025,1938.32,NGN 56,"N108,294","40,959.91 ","149,253.85 ",Unpaid,MTR6613796,Enugu
DISCO136944,Yusuf Nwosu,09407778097,AEDC (Abuja),Residential,Pre-paid,28-Jun-2024,1216.91,186.14,"N226,516",Unknown,"N226,516",Unpaid,MTR2097649,Anambra
DISCO928928,  Aliyu Chukwu,00463331279,AEDC (Abuja),Residential (R2),POSTPAID,23.02.2025,3909.75,73.63,287874.89 naira,"NGN 22,333","NGN 310,208",Unpaid,MTR3821306,Kaduna
DISCO759251,Ifeoma Balogun,234-701-645-104,IKEDC (Ikeja),Residential (R2),Prepaid,19.10.2024,2751.16,N/A,"N204,356","₦47,237.61",,Partially Paid,MTR2924217,Imo
DISCO968534,Kemi Eze,96636186371,EKEDC (Eko),R2,Pre-paid,12.04.2025,4183.68,N196,"NGN 822,051","N58,924","880,974.84 ",Partial,MTR9556359,Kano
DISCO839654,Tobi Adekunle,28792326487,PHED (Port Harcourt),Industrial (D3),POSTPAID,01/03/2024,191.52,185.52,"₦35,530.79",,,Unpaid,MTR7971652,kano
DISCO675450,Adaeze Ajayi,02146566938,KEDCO (Kano),r1,POSTPAID,2024-03-20,485.4,195.03 ,94667.56 naira,,"₦94,667.56",Arrears,MTR4320590,Cross River
DISCO843828,amaka okonkwo   ,(443) 928-4044,EEDC (Enugu),C1 ,Post paid,10.02.2024,3797.89,unknown,731853.4029999999,,"₦731,853.40",Unpaid,MTR2184573,Delta
DISCO932134,Grace Mohammed,11908334280,EEDC (Enugu),Residential,Prepaid,N/A,49.64,142.22 ,7059.80 naira,  ,"7,059.80 ",Arrears,MTR1291453,Edo
DISCO198031,Amara Ogundimu,+234494653984,AEDC (Abuja),commercial,POSTPAID,11.06.2024,4100.02,N174,"NGN 713,772",  ,713772.48 naira,Partial,MTR1410098,Lag
DISCO570895,Sadiq Suleiman,(207) 049-6110,EKEDC (Eko),R2,POSTPAID,2024-04-04,?,₦198.46,NIL,,814082.92,Unpaid,MTR1959745,Plateau
DISCO269420,Halima Suleiman,02931438663,PHED (Port Harcourt),Residential (R2),Prepaid,05 January 2024,92.68,N79,"NGN 7,293",,"₦7,292.99",paid,MTR8317211,Anambra
DISCO113889,Chidi Okeke,20875102932,EKEDC (Eko),Residential,Pre-paid,03/01/2025,232.56,198.14,nil,"₦21,492.09","N67,572",Paid,MTR7471936,Enugu
DISCO853681,Segun Afolabi,03491141520,PHED (Port Harcourt),Residential,Pre-paid,03/08/2025,1302.82,106.56,"NGN 138,828",,"138,828.50 ",Paid,MTR8027733,Oyo
DISCO521390,Chidi Yusuf,27768962706,AEDC (Abuja),R2,Post paid,11.04.2024,2475.29,201.62,499067.9698,null,"NGN 499,068",Partial,  ,Plateau
DISCO721013,Chidi Lawal,234-113-863-383,EKEDC (Eko),Residential (R1),Prepaid,2024/09/27,2342.65,₦109.32,256098.50 naira,,"N256,098",Arrears,MTR1293064,Ogun
