OrderID,CustomerName,Email,PhoneNumber,ShippingAddress,ItemName,Category,Quantity,UnitPrice,OrderDate,DeliveryDate,OrderStatus,Courier,PaymentMethod,Rating
ORD-2026-10208,Chioma Adekunle,chioma528@outlook.com,0067 240 0499,"39 Ogui Road, Garki, Kano State, Nigeria",Men's Sneakers,Fashion,1,"15,000.00 ",01/07/2026,,In Transit,GIG Logistics,Bank Transfer,3
ORD-2026-10240,Sadiq Balogun,sadiq263@outlook.com,05099770088,"  53 Opebi Road, Wuse, Rivers State, Nigeria",Smartphone Case,Electronics,2,,2025-07-14,,Processing,GIGL,POD,
ORD-2026-10296,Kunle Nwosu,kunle7@gmail.com,+234999404389,"98 Ahmadu Bello Way, Garki, Abuja State, Nigeria",Men's Sneakers,Fashion,-1,15000.00 naira,06/08/2025,10-Jun-2025,Processing,Jumia Express,Pay on Delivery,NULL
ORD-2026-10055,  Segun Adekunle,segun137@gmail.com,46688937346,"5 Awolowo Road, Lekki, Rivers State, Nigeria",Men's Sneakers,Fashion,-1,"15,000.00 ",18.08.2025,19/08/2025,Returned,GIG Logistics,Bank Transfer,5
ORD-2026-10135,  IFEOMA OKONKWO,ifeoma845@gmail.com,0159 696 6416,"127 Adeola Odeku St, Port Harcourt, Lagos State, Nigeria",Bluetooth Speaker,Electronics,1,9000.00 naira,24 February 2025,,In Transit,GIG Logistics,Card,5
ORD-2026-10369,Adaeze Balogun,adaeze842@yahoo.com,00993538758,"15 Awolowo Road, Lekki, Rivers State, Nigeria",LED TV 43-inch,Electronics,2,185000.00 naira,06-Apr-2026,,Cancelled,DHL,POD,1
ORD-2026-10422,Yusuf Eze,yusuf652@gmail.com,(386) 120-7501,"99 Ahmadu Bello Way, Port Harcourt, Kano State, Nigeria",Blender,Home Appliances,2,"N18,000",02/01/2026,2026/01/06,In Transit,-,Card,0
ORD-2026-10341,tunde okafor,n/a,0526 218 1599,"37 Awolowo Road, Lekki, Kano State, Nigeria",Air Fryer,Home Appliances,-1,"₦62,000.00",13 October 2025,19-Oct-2025,DELIVERED,GIGL,POD,2
ORD-2026-10348,Adaeze Yusuf,adaeze118@gmail.com,234-158-693-806,"108 Adeola Odeku St, Surulere, Kano State, Nigeria",LED TV 43-inch,Electronics,3,185000.00 naira,2026/03/20,unknown date,Returned,Kwik Delivery,POD,3
ORD-2026-10030,Zainab Yusuf,zainab484@gmail.com,+234079911838,"131 Ogui Road, Wuse, Kano State, Nigeria",Ankara Fabric (6yds),Fashion,2,"9,500.00 ",2026-05-24,31.05.2026,Processing,NIL,Bank Transfer,6
ORD-2026-10144,ibrahim ogundimu,ibrahim303@outlook.com,51820377889,"98 Opebi Road, Ikeja, Kano State, Nigeria",Office Chair,Home & Office,3,"₦45,000.00",03/17/2025,,Delivered,Kwik Delivery,card,5
ORD-2026-10069,Obinna Eze,obinna902@yahoo.com,234-363-495-788,"36 Allen Avenue, Victoria Island, Kano State, Nigeria",Smartphone Case,Electronics,1,?,2026/02/03,02/04/2026,DELIVERED,GIGL,Card,6
ORD-2026-10323,Chidi Nnamdi,chidi718@gmail.com,0296 670 6625,"48 Adeola Odeku St, Wuse, Lagos State, Nigeria",Power Bank 20000mAh,Electronics,3,11000,04/20/2025,04/30/2025,Returned,GIG Logistics,Card,3
ORD-2026-10064,obinna  yusuf,obinna53@outlook.com,234-165-726-284,"138 Allen Avenue, Lekki, Kano State, Nigeria",Air Fryer,Home Appliances,-1,"N62,000",11/01/2026,2026-01-17,Cancelled,Jumia Express,Wallet,
ORD-2026-10406,Aliyu Eze,aliyu18@yahoo.com,234-698-485-833,"15 Opebi Road, Ikeja, Rivers State, Nigeria",Ankara Fabric (6yds),Fashion,1,9500,15/03/2025,2025/03/22,Delivered,GIG Logistics,card,2
ORD-2026-10036,Ngozi Eze,null,0262 045 0533,"  11 Awolowo Road, Enugu, Lagos State, Nigeria",Kids Backpack,Fashion,-1,7000,06.04.2026,2026-04-11,Pending,Speedaf,Pay on Delivery,6
ORD-2026-10366,Blessing Mohammed,,(085) 899-4417,"134 Awolowo Road, Victoria Island, Rivers State, Nigeria   ",Ladies Handbag,Fashion,-1,"₦13,500.00",2025-04-17,26.04.2025,Cancelled,GIG Logistics,Pay on Delivery,?
ORD-2026-10436,Grace Afolabi,grace62@outlook.com,06930848872,"110 Opebi Road, Enugu, Lagos State, Nigeria",Men's Sneakers,Fashion,1,"NGN 15,000",2025-04-03,05 April 2025,Pending,Kwik Delivery,card,2
ORD-2026-10214,Segun Yusuf,NIL,(684) 145-9332,"54 Opebi Road, Wuse, Rivers State, Nigeria",Men's Sneakers,Fashion,1,15000,2025-12-28,03/01/2026,delivered,NIL,Wallet,NULL
ORD-2026-10239,Chinedu Nnamdi,chinedu844@outlook.com,00623120387,"48 Ahmadu Bello Way, Enugu, Abuja State, Nigeria",LED TV 43-inch,Electronics,1,185000,28 April 2026,2026-04-29,In Transit,Jumia Express,POD,0
ORD-2026-10265,Bisi Chukwu,--,0899 375 6798,"  117 Allen Avenue, Victoria Island, Kaduna State, Nigeria",Air Fryer,Home Appliances,1,62000,29 March 2026,2026/04/05,In Transit,gig logistics,Pay on Delivery,2
ORD-2026-10354,Chioma Afolabi,chioma840@gmail.com,(191) 485-6467,"52 Ahmadu Bello Way, Garki, Rivers State, Nigeria",Air Fryer,Home Appliances,1,62000.00 naira,08/12/2025,12/14/2025,delivered,  ,Bank Transfer,-
ORD-2026-10142,Halima Ogundimu,N/A,41199867980,"125 Allen Avenue, Wuse, Kaduna State, Nigeria",Blender,Home Appliances,3,18000.00 naira,19 March 2026,26/03/2026,Cancelled,GIG Logistics,Bank Transfer,
ORD-2026-10433,Ibrahim Afolabi,ibrahim414@gmail.com,+234053364525,"145 Opebi Road, Port Harcourt, Lagos State, Nigeria",Bluetooth Speaker,Electronics,1,"₦9,000.00",09/19/2025,2025-09-24,Delivered,DHL,Wallet,3
ORD-2026-10455,Obinna Nwosu,NULL,(063) 565-1269,"57 Adeola Odeku St, Surulere, Kano State, Nigeria",Kids Backpack,Fashion,1,"N7,000",02/14/2025,2025/02/23,DELIVERED,gig logistics,Bank Transfer,6
ORD-2026-10209,Grace Balogun,grace779@yahoo.com,05478872874,"94 Ahmadu Bello Way, Garki, Lagos State, Nigeria",Smartphone Case,Electronics,1,"NGN 2,500",21/12/2025,2025/12/27,In Transit,gig logistics,Card,?
ORD-2026-10320,Fatima Yusuf,unknown,234-788-317-121,"132 Allen Avenue, Enugu, Oyo State, Nigeria",Kids Backpack,Fashion,--,7000.00 naira,21 August 2025,28-Aug-2025,Delivered,Jumia Express,Bank Transfer,2
ORD-2026-10439,Fatima Abubakar   ,fatima968@yahoo.com,09275037314,"78 Adeola Odeku St, Port Harcourt, Rivers State, Nigeria",Blender,Home Appliances,1,18000,03-Jan-2026,07-Jan-2026,Pending,GIG Logistics,card,5
ORD-2026-10151,Aliyu Ajayi,aliyu271@gmail.com,0270 653 7947,"37 Ahmadu Bello Way, Victoria Island, Oyo State, Nigeria",Ankara Fabric (6yds),Fashion,1,"NGN 9,500",02/04/2026,11.04.2026,Cancelled,unknown,card,nil
ORD-2026-10453,Musa Suleiman,musa93@outlook.com,59916247314,"59 Awolowo Road, Wuse, Lagos State, Nigeria",Wireless Earbuds,Electronics,1,"12,000.00 ",31.07.2025,03/08/2025,Returned,Kwik Delivery,card,0
ORD-2026-10182,Funmilayo Mohammed,funmilayo156@gmail.com,(299) 590-0109,"8 Awolowo Road, Port Harcourt, Kano State, Nigeria",Bluetooth Speaker,Electronics,1,"N9,000",05/06/2025,12.05.2025,In Transit,Jumia Express,card,4
ORD-2026-10452,  Amara Okonkwo,amara368@outlook.com,+234686508637,"7 Ogui Road, Garki, Lagos State, Nigeria",Kids Backpack,Fashion,1,7000,22 May 2025,2025/05/31,DELIVERED,GIGL,Pay on Delivery,6
ORD-2026-10312,Zainab Eze,zainab306@outlook.com,06038505064,"47 Opebi Road, Enugu, Kaduna State, Nigeria",Air Fryer,Home Appliances,2,"₦62,000.00",21/06/2025,30 June 2025,In Transit,GIG Logistics,card,5
ORD-2026-10459,Fatima Nwosu,fatima747@gmail.com,0890 260 1279,"46 Adeola Odeku St, Ikeja, Kaduna State, Nigeria",Bluetooth Speaker,Electronics,1,"NGN 9,000",2026/02/11,2026-02-17,delivered,Jumia Express,Bank Transfer,null
ORD-2026-10079,Amaka Olawale   ,amaka599@outlook.com,+234403447134,"53 Awolowo Road, Garki, Kano State, Nigeria",Bluetooth Speaker,Electronics,2,"9,000.00 ",2026/02/25,03.03.2026,In Transit,gig logistics,Wallet,nil
ORD-2026-10431,Ibrahim  Ogundimu,ibrahim443@outlook.com,0552 314 9135,"29 Adeola Odeku St, Enugu, Lagos State, Nigeria",Kids Backpack,Fashion,3,"7,000.00 ",16/10/2025,2025-10-20,delivered,GIGL,Card,0
ORD-2026-10178,Grace Okafor,grace823@yahoo.com,+234912517785,"79 Adeola Odeku St, Garki, Oyo State, Nigeria",Blender,Home Appliances,1,"₦18,000.00",12/02/2025,,Processing,Speedaf,Bank Transfer,2
ORD-2026-10398,Grace Yusuf,grace213@yahoo.com,0801 994 8837,"86 Adeola Odeku St, Lekki, Lagos State, Nigeria",Ladies Handbag,Fashion,3,13500,03/28/2025,,In Transit,DHL,POD,3
ORD-2026-10072,Chioma Nnamdi,chioma303@yahoo.com,+234134352408,"80 Ogui Road, Lekki, Kaduna State, Nigeria",Ladies Handbag,Fashion,1,NIL,23-Apr-2025,2025/04/27,Pending,Kwik Delivery,POD,?
ORD-2026-10076,Amara Ajayi,amara534@gmail.com,(869) 993-8677,"83 Adeola Odeku St, Wuse, Abuja State, Nigeria",Bluetooth Speaker,Electronics,3,9000,14-Jul-2025,,delivered,gig logistics,card,3
ORD-2026-10381,emeka  abubakar,emeka624@yahoo.com,(506) 489-0901,"  98 Adeola Odeku St, Port Harcourt, Oyo State, Nigeria",Smartphone Case,Electronics,2,2500,23.02.2025,,Pending,Kwik Delivery,POD,Unknown
ORD-2026-10257,Fatima Yusuf,fatima755@outlook.com,234-712-406-596,"146 Opebi Road, Ikeja, Rivers State, Nigeria",Ladies Handbag,Fashion,3,13500,05/06/2025,12 June 2025,Pending,DHL,Wallet,?
ORD-2026-10237,Funmilayo Okonkwo,funmilayo885@yahoo.com,234-937-854-777,"6 Ahmadu Bello Way, Garki, Lagos State, Nigeria   ",Wireless Earbuds,Electronics,1,"NGN 12,000",31-Mar-2025,,Returned,DHL,POD,null
ORD-2026-10339,Amara Lawal,amara9@yahoo.com,(626) 765-8617,"12 Allen Avenue, Garki, Lagos State, Nigeria",Air Fryer,Home Appliances,3,"₦62,000.00",2025/02/23,03/04/2025,Delivered,Kwik Delivery,Wallet,5
ORD-2026-10448,Bola Adeyemi,bola783@gmail.com,0772 369 2929,"106 Adeola Odeku St, Victoria Island, Kano State, Nigeria",Bluetooth Speaker,Electronics,3,"9,000.00 ",2025-12-02,,DELIVERED,GIG Logistics,card,unknown
ORD-2026-10177,Adaeze Suleiman,adaeze793@outlook.com,(782) 911-4678,"103 Awolowo Road, Lekki, Kano State, Nigeria",Ladies Handbag,Fashion,3,13500.00 naira,2026-02-17,23 February 2026,Pending,GIG Logistics,Wallet,3
ORD-2026-10331,NGOZI OKAFOR,ngozi789@gmail.com,(427) 010-3930,"26 Opebi Road, Port Harcourt, Lagos State, Nigeria",Wireless Earbuds,Electronics,-1,"NGN 12,000",10/28/2025,,In Transit,GIGL,Bank Transfer,
ORD-2026-10121,Kemi Chukwu,kemi698@gmail.com,0789 611 8367,"119 Ahmadu Bello Way, Port Harcourt, Kaduna State, Nigeria",Blender,Home Appliances,-1,18000,2025-05-13,,Delivered,Jumia Express,Pay on Delivery,NULL
ORD-2026-10362,  musa lawal   ,musa590@yahoo.com,234-552-414-060,"133 Opebi Road, Lekki, Kaduna State, Nigeria",Air Fryer,Home Appliances,1,62000,2025-10-30,2025-11-02,Processing,gig logistics,POD,Unknown
ORD-2026-10335,Zainab Balogun,zainab18@yahoo.com,05392644220,"61 Awolowo Road, Ikeja, Abuja State, Nigeria",Bluetooth Speaker,Electronics,-1,"NGN 9,000",24.05.2025,31.05.2025,Returned,GIG Logistics,Card,0
ORD-2026-10319,Segun Nwosu,segun173@outlook.com,+234135680442,"136 Ogui Road, Ikeja, Oyo State, Nigeria   ",Bluetooth Speaker,Electronics,3,9000.00 naira,19/02/2026,23.02.2026,Pending,DHL,Bank Transfer,NIL
ORD-2026-10109,  Tobi Afolabi,tobi663@yahoo.com,0098 593 1746,"45 Awolowo Road, Surulere, Abuja State, Nigeria   ",Ladies Handbag,Fashion,1,13500.00 naira,15.08.2025,16.08.2025,delivered,Speedaf,Wallet,3
ORD-2026-10451,Halima Bello,halima659@gmail.com,+234908811729,"11 Ahmadu Bello Way, Lekki, Oyo State, Nigeria",Air Fryer,Home Appliances,2,--,08/12/2025,16 December 2025,Delivered,Speedaf,POD,0
ORD-2026-10282,zainab balogun,zainab251@gmail.com,(923) 309-5849,"  31 Adeola Odeku St, Victoria Island, Abuja State, Nigeria",Air Fryer,Home Appliances,2,"₦62,000.00",26 April 2026,30.04.2026,In Transit,GIGL,Card,2
ORD-2026-10215,Obinna Adeyemi,obinna397@yahoo.com,27956878339,"112 Adeola Odeku St, Surulere, Oyo State, Nigeria",Wireless Earbuds,Electronics,2,"NGN 12,000",not set,,Cancelled,GIG Logistics,Wallet,-
ORD-2026-10442,Ifeoma Eze,ifeoma803@gmail.com,09184638655,"42 Allen Avenue, Enugu, Abuja State, Nigeria",Kids Backpack,Fashion,1,7000.00 naira,06.08.2025,15/08/2025,Delivered,DHL,Card,4
ORD-2026-10081,ZAINAB AFOLABI,zainab407@gmail.com,(499) 471-7464,"46 Allen Avenue, Lekki, Oyo State, Nigeria",Men's Sneakers,Fashion,3,15000,00/00/0000,2026/04/02,Delivered,gig logistics,Wallet,6
ORD-2026-10379,ibrahim  adeyemi,ibrahim961@outlook.com,234-985-625-753,"81 Awolowo Road, Surulere, Rivers State, Nigeria",Ankara Fabric (6yds),Fashion,2,9500.00 naira,2025-05-04,05/09/2025,Processing,DHL,card,--
ORD-2026-10049,zainab ogundimu,zainab809@outlook.com,01632870831,"113 Ahmadu Bello Way, Victoria Island, Rivers State, Nigeria",Ankara Fabric (6yds),Fashion,1,"NGN 9,500",07 June 2025,2025/06/13,Cancelled,DHL,POD,0
ORD-2026-10009,CHIDI SULEIMAN   ,chidi52@outlook.com,(413) 953-7672,"125 Adeola Odeku St, Surulere, Rivers State, Nigeria   ",Office Chair,Home & Office,2,"N45,000",23/01/2026,02 February 2026,Delivered,  ,card,5
ORD-2026-10425,Ngozi Adekunle,ngozi348@gmail.com,+234158144914,"149 Allen Avenue, Victoria Island, Rivers State, Nigeria",Smartphone Case,Electronics,1,2500,2025-03-26,03-Apr-2025,Processing,Kwik Delivery,Card,Unknown
ORD-2026-10078,Sadiq Olawale,sadiq121@outlook.com,+234232812067,"78 Allen Avenue, Surulere, Abuja State, Nigeria",Power Bank 20000mAh,Electronics,2,"NGN 11,000",2025-05-18,2025/05/25,delivered,DHL,card,4
ORD-2026-10016,  Grace Ajayi   ,grace626@gmail.com,(117) 182-2782,"86 Allen Avenue, Surulere, Kaduna State, Nigeria",Office Chair,Home & Office,3,"₦45,000.00",06.01.2026,13.01.2026,In Transit,GIG Logistics,Card,unknown
ORD-2026-10417,Grace Lawal,grace250@outlook.com,08861533555,"111 Awolowo Road, Garki, Kano State, Nigeria   ",Ankara Fabric (6yds),Fashion,-1,NIL,2025/04/16,04/23/2025,Processing,gig logistics,Card,6
ORD-2026-10041,Obinna Bello,obinna455@gmail.com,+234019655698,"110 Ogui Road, Lekki, Kano State, Nigeria",Kids Backpack,Fashion,1,7000,04 March 2025,2025/03/06,Returned,Speedaf,Pay on Delivery,4
ORD-2026-10087,Amaka Bello,amaka185@outlook.com,0000000000,"94 Allen Avenue, Surulere, Oyo State, Nigeria",Blender,Home Appliances,2,18000,24/06/2025,07/01/2025,Processing,Jumia Express,Pay on Delivery,0
ORD-2026-10404,tunde suleiman,tunde219@outlook.com,+234829221699,"112 Ogui Road, Garki, Abuja State, Nigeria",Bluetooth Speaker,Electronics,1,9000,00/00/0000,unknown date,delivered,GIG Logistics,Bank Transfer,5
ORD-2026-10290,wale balogun,wale420@yahoo.com,05206436110,"56 Opebi Road, Port Harcourt, Oyo State, Nigeria",LED TV 43-inch,Electronics,1,"N185,000",08-Jan-2026,15-Jan-2026,Delivered,GIG Logistics,POD,2
ORD-2026-10120,Blessing Abubakar,blessing841@gmail.com,234-249-985-698,"105 Ogui Road, Enugu, Oyo State, Nigeria",Kids Backpack,Fashion,1,7000,08 May 2025,,Returned,GIGL,Card,
ORD-2026-10418,Kemi Yusuf,kemi384@outlook.com,0398 780 1573,"132 Ahmadu Bello Way, Surulere, Kaduna State, Nigeria",Wireless Earbuds,Electronics,--,12000,20-Nov-2025,2025-11-27,Processing,Speedaf,POD,NULL
ORD-2026-10264,  Adaeze Chukwu,adaeze465@yahoo.com,(965) 610-1438,"67 Ogui Road, Garki, Lagos State, Nigeria",LED TV 43-inch,Electronics,1,"N185,000",10 February 2026,15.02.2026,Cancelled,gig logistics,POD,Unknown
ORD-2026-10327,Tunde Afolabi,tunde516@gmail.com,+234564205930,"18 Opebi Road, Port Harcourt, Oyo State, Nigeria   ",Ladies Handbag,Fashion,-1,"13,500.00 ",03 February 2026,05.02.2026,DELIVERED,Kwik Delivery,Wallet,n/a
ORD-2026-10272,  CHIDI SULEIMAN,chidi443@gmail.com,234-785-969-691,"145 Allen Avenue, Wuse, Lagos State, Nigeria",Office Chair,Home & Office,1,"N45,000",2025/04/24,2025-04-28,delivered,Jumia Express,card,NIL
ORD-2026-10129,Fatima Okafor,fatima638@outlook.com,06752545991,"78 Opebi Road, Lekki, Kaduna State, Nigeria",Ladies Handbag,Fashion,-1,"NGN 13,500",20-Apr-2025,24.04.2025,Returned,DHL,Bank Transfer,unknown
ORD-2026-10249,Ifeoma Adekunle,ifeoma324@outlook.com,+234965047735,"68 Ahmadu Bello Way, Garki, Kano State, Nigeria",Smartphone Case,Electronics,1,"N2,500",05/09/2026,,Returned,null,Pay on Delivery,0
ORD-2026-10057,Musa Afolabi,musa745@yahoo.com,69901627204,"43 Ogui Road, Enugu, Rivers State, Nigeria",Office Chair,Home & Office,1,"₦45,000.00",2025-09-17,09/20/2025,In Transit,GIG Logistics,Pay on Delivery,6
ORD-2026-10458,Bisi Mohammed,bisi691@yahoo.com,(621) 372-1386,"102 Adeola Odeku St, Enugu, Rivers State, Nigeria",Ladies Handbag,Fashion,2,13500.00 naira,2026-01-27,unknown date,Pending,GIGL,card,1
ORD-2026-10384,TOBI  CHUKWU   ,tobi209@yahoo.com,89141173934,"139 Ogui Road, Ikeja, Oyo State, Nigeria",Office Chair,Home & Office,1,"45,000.00 ",2025-02-09,15-Feb-2025,delivered,Speedaf,Bank Transfer,-
ORD-2026-10067,Funmilayo Lawal,funmilayo546@yahoo.com,35454948083,"135 Opebi Road, Garki, Abuja State, Nigeria",LED TV 43-inch,Electronics,1,"NGN 185,000",11/15/2025,2025-11-20,Processing,gig logistics,POD,4
ORD-2026-10163,BLESSING CHUKWU,n/a,03195205852,"134  Opebi Road, Port Harcourt, Abuja State, Nigeria",Smartphone Case,Electronics,1,2500,2026-05-01,03-May-2026,Processing,Jumia Express,Bank Transfer,4
ORD-2026-10021,Chinedu Yusuf,chinedu204@gmail.com,+234116566701,"148 Ogui Road, Port Harcourt, Kano State, Nigeria",Office Chair,Home & Office,1,45000,24-Nov-2025,2025-11-26,Delivered,GIGL,Wallet,1
ORD-2026-10201,Kemi Afolabi,kemi582@yahoo.com,0549 733 4843,"140 Ahmadu Bello Way, Garki, Lagos State, Nigeria",Power Bank 20000mAh,Electronics,-1,11000,15.10.2025,20/10/2025,Pending,Jumia Express,POD,0
ORD-2026-10457,Amara Adeyemi,unknown,08725887449,"118 Ahmadu Bello Way, Enugu, Kano State, Nigeria",Power Bank 20000mAh,Electronics,2,11000,2025-06-18,,Processing,Kwik Delivery,POD,1
ORD-2026-10256,Ngozi Okafor,ngozi880@gmail.com,46471543799,"49 Allen Avenue, Ikeja, Kaduna State, Nigeria",Office Chair,Home & Office,1,45000,06-Apr-2025,,Cancelled,Jumia Express,Wallet,4
ORD-2026-10026,Musa  Nwosu,nil,+234980500978,"  134 Opebi Road, Enugu, Kano State, Nigeria",Air Fryer,Home Appliances,3,62000.00 naira,12-Mar-2026,2026-03-16,In Transit,GIG Logistics,Bank Transfer,6
ORD-2026-10220,Femi Suleiman,femi829@gmail.com,00651801704,"75 Opebi Road, Garki, Kaduna State, Nigeria",Wireless Earbuds,Electronics,2,"NGN 12,000",30-Jan-2026,2026/02/03,Delivered,DHL,POD,5
ORD-2026-10131,Ngozi Okonkwo,ngozi410@yahoo.com,0643 815 6149,"85 Awolowo Road, Enugu, Oyo State, Nigeria",Men's Sneakers,Fashion,1,15000,2026/04/13,16 April 2026,In Transit,GIGL,Wallet,2
ORD-2026-10139,Femi Adeyemi,femi800@yahoo.com,32921277997,"4 Ogui Road, Wuse, Abuja State, Nigeria",Kids Backpack,Fashion,1,"N7,000",06/10/2026,06/14/2026,Pending,Jumia Express,POD,
ORD-2026-10039,Ifeoma Chukwu,NULL,(754) 330-3654,"16 Opebi Road, Wuse, Abuja State, Nigeria",Kids Backpack,Fashion,1,"NGN 7,000",06.11.2025,08 November 2025,Returned,Kwik Delivery,Pay on Delivery,3
ORD-2026-10153,Femi Afolabi,femi8@outlook.com,0886 239 2407,"66 Adeola Odeku St, Ikeja, Kaduna State, Nigeria",Office Chair,Home & Office,3,"NGN 45,000",04/25/2026,05.05.2026,DELIVERED,Kwik Delivery,Bank Transfer,0
ORD-2026-10084,Tobi Okeke,tobi85@yahoo.com,74296717565,"98  Allen Avenue, Wuse, Abuja State, Nigeria",Smartphone Case,Electronics,2,2500.00 naira,07/05/2025,,Cancelled,Speedaf,card,5
ORD-2026-10410,Tobi Okonkwo,tobi108@outlook.com,+234380571983,"122 Adeola Odeku St, Enugu, Oyo State, Nigeria",Men's Sneakers,Fashion,1,"N15,000",2025-10-23,31.10.2025,Delivered,Speedaf,Wallet,5
ORD-2026-10014,Chinedu Eze,chinedu524@gmail.com,234-489-325-288,"67 Adeola Odeku St, Wuse, Lagos State, Nigeria",LED TV 43-inch,Electronics,1,185000,27-May-2026,,delivered,Kwik Delivery,Card,0
ORD-2026-10356,aliyu eze,aliyu877@outlook.com,234-530-745-054,"32 Opebi Road, Victoria Island, Oyo State, Nigeria   ",Ladies Handbag,Fashion,1,"NGN 13,500",00/00/0000,,DELIVERED,gig logistics,Bank Transfer,6
ORD-2026-10175,Kunle Yusuf,kunle752@gmail.com,+234518844225,"24 Ahmadu Bello Way, Port Harcourt, Oyo State, Nigeria",Power Bank 20000mAh,Electronics,1,11000,12/06/2025,not set,DELIVERED,GIG Logistics,Bank Transfer,3
ORD-2026-10353,Obinna Abubakar,obinna508@yahoo.com,+234861622999,"24 Awolowo Road, Wuse, Kano State, Nigeria",Ankara Fabric (6yds),Fashion,1,"₦9,500.00",21 June 2025,25-Jun-2025,DELIVERED,Speedaf,POD,3
ORD-2026-10128,Ifeoma Mohammed   ,ifeoma135@gmail.com,+234296120183,"88 Opebi Road, Garki, Abuja State, Nigeria",LED TV 43-inch,Electronics,1,185000,11 September 2025,13/09/2025,Delivered,gig logistics,Wallet,null
ORD-2026-10162,Amara Suleiman,amara500@outlook.com,(067) 065-4051,"45 Awolowo Road, Garki, Rivers State, Nigeria   ",Air Fryer,Home Appliances,1,"NGN 62,000",23 November 2025,2025-11-25,Returned,DHL,Bank Transfer,  
ORD-2026-10195,Wale Ogundimu,wale467@yahoo.com,0269 495 8887,"146 Adeola Odeku St, Lekki, Kaduna State, Nigeria",Kids Backpack,Fashion,3,"₦7,000.00",2025-03-13,2025/03/20,delivered,GIGL,Bank Transfer,4
ORD-2026-10258,zainab afolabi,zainab348@outlook.com,0756 924 5937,"6 Adeola Odeku St, Wuse, Kaduna State, Nigeria",Kids Backpack,Fashion,1,"N7,000",18.09.2025,2025-09-21,Pending,gig logistics,Pay on Delivery,unknown
ORD-2026-10053,Adaeze Bello,N/A,36231665876,"129 Awolowo Road, Surulere, Kano State, Nigeria",Blender,Home Appliances,1,"₦18,000.00",01-Sep-2025,04-Sep-2025,In Transit,N/A,Card,n/a
ORD-2026-10187,Chinedu Ajayi,chinedu465@yahoo.com,04696325953,"127 Adeola Odeku St, Surulere, Oyo State, Nigeria",Ladies Handbag,Fashion,3,"₦13,500.00",2026/03/21,2026/03/24,Processing,DHL,Card,1
ORD-2026-10071,Bisi Abubakar,bisi89@yahoo.com,+234182337498,"45 Ahmadu Bello Way, Port Harcourt, Kano State, Nigeria",Office Chair,Home & Office,3,"₦45,000.00",12-Jan-2026,2026/01/18,Delivered,DHL,POD,N/A
ORD-2026-10125,Funmilayo Balogun,funmilayo431@yahoo.com,0945 198 3273,"57 Awolowo Road, Surulere, Kaduna State, Nigeria",Ankara Fabric (6yds),Fashion,-1,"9,500.00 ",07 May 2026,,Returned,Kwik Delivery,POD,4
ORD-2026-10263,Grace Abubakar,grace87@gmail.com,05891135290,"140 Ahmadu Bello Way, Enugu, Kaduna State, Nigeria",Bluetooth Speaker,Electronics,2,N/A,2025-09-17,not set,Processing,Jumia Express,Bank Transfer,0
ORD-2026-10326,Musa Eze,Unknown,234-380-657-875,"11 Ahmadu Bello Way, Surulere, Abuja State, Nigeria",Ankara Fabric (6yds),Fashion,-1,"NGN 9,500",16/02/2026,,DELIVERED,Kwik Delivery,card,3
ORD-2026-10234,Bisi Ogundimu,NIL,04678544587,"28 Allen Avenue, Wuse, Kano State, Nigeria",LED TV 43-inch,Electronics,n/a,"NGN 185,000",04/17/2025,27/04/2025,In Transit,GIGL,Bank Transfer,0
ORD-2026-10085,Femi Balogun,femi798@gmail.com,+234125674680,"84 Opebi Road, Ikeja, Rivers State, Nigeria",Men's Sneakers,Fashion,1,"NGN 15,000",2025-08-01,04-Aug-2025,Processing,Speedaf,Card,NULL
ORD-2026-10294,Kunle Okeke,kunle137@yahoo.com,75326973112,"44 Awolowo Road, Lekki, Oyo State, Nigeria",Wireless Earbuds,Electronics,-1,12000.00 naira,02 November 2025,2025/11/10,Returned,Kwik Delivery,Card,nil
ORD-2026-10112,Ngozi Okeke   ,ngozi140@gmail.com,40537735158,"37 Allen Avenue, Garki, Lagos State, Nigeria",Blender,Home Appliances,1,"₦18,000.00",2025/02/12,02/22/2025,Cancelled,Speedaf,POD,NIL
ORD-2026-10292,Blessing Adeyemi,blessing455@gmail.com,0000000000,"134 Ogui Road, Lekki, Kano State, Nigeria",Kids Backpack,Fashion,3,"NGN 7,000",22/05/2025,,Delivered,GIG Logistics,Pay on Delivery,0
ORD-2026-10370,tunde balogun,tunde57@gmail.com,+234824172482,"1 Adeola Odeku St, Lekki, Oyo State, Nigeria",Air Fryer,Home Appliances,-1,62000.00 naira,2025/05/14,05/24/2025,Delivered,Jumia Express,POD,Unknown
ORD-2026-10359,Emeka Okeke,emeka85@yahoo.com,14862890233,"123 Ogui Road, Enugu, Rivers State, Nigeria",Wireless Earbuds,Electronics,3,"N12,000",29-Oct-2025,,Delivered,gig logistics,Wallet,2
ORD-2026-10028,Adaeze  Okonkwo,adaeze357@yahoo.com,+234399091699,"121 Ahmadu Bello Way, Enugu, Rivers State, Nigeria",Kids Backpack,Fashion,1,"NGN 7,000",23.11.2025,2025-11-24,Processing,DHL,Wallet,6
ORD-2026-10032,Adaeze Mohammed,adaeze451@gmail.com,80841241182,"129  Ahmadu Bello Way, Garki, Lagos State, Nigeria",Kids Backpack,Fashion,1,"NGN 7,000",12-Oct-2025,18.10.2025,DELIVERED,DHL,Wallet,6
ORD-2026-10375,Obinna  Abubakar   ,obinna438@outlook.com,00743292712,"54 Ahmadu Bello Way, Enugu, Oyo State, Nigeria   ",Bluetooth Speaker,Electronics,-1,9000.00 naira,unknown date,2025-11-03,Pending,GIGL,Bank Transfer,1
ORD-2026-10068,Wale Adekunle,wale978@gmail.com,13678377701,"74 Allen Avenue, Port Harcourt, Kano State, Nigeria",Blender,Home Appliances,3,"18,000.00 ",25 May 2026,2026/05/28,Returned,Unknown,Pay on Delivery,N/A
ORD-2026-10154,Kunle Suleiman,kunle260@yahoo.com,0818 141 2478,"124 Adeola Odeku St, Garki, Oyo State, Nigeria",Power Bank 20000mAh,Electronics,2,"N11,000",10-Nov-2025,13 November 2025,DELIVERED,GIGL,card,5
ORD-2026-10218,Ngozi Bello,NIL,07187072867,"48 Awolowo Road, Enugu, Kaduna State, Nigeria",Ladies Handbag,Fashion,2,"NGN 13,500",03 March 2026,2026/03/04,delivered,GIG Logistics,Bank Transfer,4
ORD-2026-10238,Obinna Balogun,obinna95@outlook.com,234-228-728-080,"138 Adeola Odeku St, Wuse, Rivers State, Nigeria",Blender,Home Appliances,2,"₦18,000.00",15 May 2025,2025-05-22,Returned,Speedaf,card,5
ORD-2026-10262,Funmilayo Bello,funmilayo677@outlook.com,61797968868,"43 Opebi Road, Ikeja, Kano State, Nigeria",Wireless Earbuds,Electronics,1,"12,000.00 ",24-Jul-2025,2025/08/02,delivered,null,card,5
ORD-2026-10171,Tunde Nnamdi,tunde207@gmail.com,(355) 690-9275,"18 Allen Avenue, Victoria Island, Abuja State, Nigeria",Kids Backpack,Fashion,1,7000.00 naira,29 March 2025,2025/04/04,Pending,GIG Logistics,Pay on Delivery,0
ORD-2026-10377,Bola Okeke,bola628@gmail.com,+234583003354,"  10 Awolowo Road, Lekki, Kano State, Nigeria   ",Men's Sneakers,Fashion,1,15000.00 naira,11.10.2025,,Delivered,GIGL,Pay on Delivery,5
ORD-2026-10427,Halima Nnamdi,halima602@outlook.com,0245 088 2100,"104 Opebi Road, Victoria Island, Rivers State, Nigeria",Office Chair,Home & Office,1,45000.00 naira,05-Feb-2026,,Pending,DHL,Pay on Delivery,?
ORD-2026-10189,Amara Nnamdi,amara325@yahoo.com,234-395-004-797,"23 Opebi Road, Wuse, Kano State, Nigeria",Air Fryer,Home Appliances,1,62000.00 naira,28-Mar-2025,03/31/2025,Processing,,Wallet,0
ORD-2026-10260,BLESSING OGUNDIMU,blessing161@outlook.com,(519) 398-2807,"29 Allen Avenue, Lekki, Oyo State, Nigeria",Bluetooth Speaker,Electronics,1,"₦9,000.00",21.05.2026,,Returned,Speedaf,Card,2
ORD-2026-10172,Grace Adeyemi,grace60@outlook.com,,"93 Ahmadu Bello Way, Port Harcourt, Rivers State, Nigeria",Wireless Earbuds,Electronics,2,"NGN 12,000",18/03/2026,03/27/2026,Returned,Kwik Delivery,Pay on Delivery,5
ORD-2026-10016,  Grace Ajayi   ,grace626@gmail.com,(117) 182-2782,"86 Allen Avenue, Surulere, Kaduna State, Nigeria",Office Chair,Home & Office,3,"₦45,000.00",06.01.2026,13.01.2026,In Transit,GIG Logistics,Card,unknown
ORD-2026-10242,amara bello,amara58@yahoo.com,01823398454,"61 Opebi Road, Surulere, Abuja State, Nigeria",Blender,Home Appliances,1,"N18,000",03.04.2026,2026-04-09,Processing,GIG Logistics,card,1
ORD-2026-10386,Blessing Olawale,blessing996@gmail.com,0530 011 9721,"69 Adeola Odeku St, Wuse, Abuja State, Nigeria",Kids Backpack,Fashion,3,7000.00 naira,2025/10/25,29-Oct-2025,Returned,Kwik Delivery,Pay on Delivery,--
ORD-2026-10107,Bisi Abubakar,bisi93@gmail.com,71236851604,"116 Awolowo Road, Enugu, Rivers State, Nigeria",Wireless Earbuds,Electronics,-,"₦12,000.00",2025-08-03,2025-08-04,Cancelled,GIG Logistics,Wallet,5
ORD-2026-10108,Tunde Mohammed,tunde597@outlook.com,08175496513,"32 Allen Avenue, Ikeja, Abuja State, Nigeria",Power Bank 20000mAh,Electronics,1,"N11,000",25/09/2025,01-Oct-2025,Delivered,Jumia Express,Wallet,6
ORD-2026-10415,Adaeze Yusuf,adaeze931@yahoo.com,20259094798,"109 Awolowo Road, Lekki, Oyo State, Nigeria",Smartphone Case,Electronics,2,"NGN 2,500",02-Mar-2026,09/03/2026,Cancelled,GIG Logistics,POD,Unknown
ORD-2026-10346,Grace Okeke,grace431@outlook.com,0774 186 2565,"25 Allen Avenue, Surulere, Kaduna State, Nigeria",Ankara Fabric (6yds),Fashion,-1,"NGN 9,500",2025-09-19,28/09/2025,In Transit,gig logistics,Wallet,4
ORD-2026-10332,Grace Suleiman,grace106@outlook.com,07059325250,"32 Allen Avenue, Ikeja, Lagos State, Nigeria",LED TV 43-inch,Electronics,--,"NGN 185,000",2025-06-17,2025/06/24,Pending,Speedaf,Card,null
ORD-2026-10033,Grace Yusuf,grace779@outlook.com,+234493534874,"59 Ogui Road, Lekki, Kano State, Nigeria",Air Fryer,Home Appliances,1,"₦62,000.00",2025-06-01,08 June 2025,DELIVERED,Kwik Delivery,Pay on Delivery,?
ORD-2026-10277,Tunde Ogundimu,tunde387@yahoo.com,+234887676772,"149 Allen Avenue, Lekki, Lagos State, Nigeria   ",Air Fryer,Home Appliances,2,"₦62,000.00",,06 March 2026,DELIVERED,Jumia Express,POD,--
ORD-2026-10299,Segun Adeyemi,segun944@yahoo.com,27109104300,"99 Opebi Road, Surulere, Abuja State, Nigeria",Ladies Handbag,Fashion,-1,"N13,500",01/19/2026,2026/01/29,Cancelled,GIG Logistics,Card,0
ORD-2026-10434,FATIMA AJAYI,fatima975@gmail.com,77547812914,"129 Opebi Road, Wuse, Lagos State, Nigeria",Bluetooth Speaker,Electronics,1,"N9,000",16/03/2026,,delivered,DHL,Wallet,n/a
ORD-2026-10420,Bisi Olawale,bisi784@gmail.com,85887704358,"116 Ogui Road, Enugu, Lagos State, Nigeria",Blender,Home Appliances,1,?,30/06/2025,,Returned,Jumia Express,card,n/a
ORD-2026-10011,Tobi Suleiman,tobi216@outlook.com,234-871-012-269,"77 Ogui Road, Lekki, Abuja State, Nigeria",Kids Backpack,Fashion,3,  ,2025-02-05,,delivered,GIGL,Bank Transfer,2
ORD-2026-10152,Tunde Balogun,tunde2@outlook.com,234-347-359-774,"124 Ogui Road, Victoria Island, Oyo State, Nigeria",LED TV 43-inch,Electronics,3,185000.00 naira,21-Feb-2026,28.02.2026,Pending,Speedaf,Wallet,N/A
ORD-2026-10077,Chioma Okonkwo,chioma992@yahoo.com,+234649909133,"138 Opebi Road, Surulere, Abuja State, Nigeria   ",Smartphone Case,Electronics,1,2500.00 naira,04/07/2025,14.07.2025,Pending,Jumia Express,card,0
ORD-2026-10111,Wale Okeke,wale577@gmail.com,0758 692 6179,"8 Ogui Road, Garki, Oyo State, Nigeria",Bluetooth Speaker,Electronics,-1,"₦9,000.00",not set,2025-08-12,Returned,GIGL,POD,2
ORD-2026-10450,SEGUN NWOSU,segun927@yahoo.com,10388629127,"127 Ogui Road, Port Harcourt, Kano State, Nigeria",Air Fryer,Home Appliances,3,"₦62,000.00",19.04.2026,29 April 2026,DELIVERED,gig logistics,POD,4
ORD-2026-10311,ngozi bello,ngozi795@outlook.com,04937597383,"63 Allen Avenue, Lekki, Abuja State, Nigeria",Air Fryer,Home Appliances,2,"N62,000",2026/06/12,13/06/2026,Pending,Speedaf,card,?
ORD-2026-10211,Yusuf Adeyemi   ,yusuf819@outlook.com,0296 685 1612,"79 Allen Avenue, Enugu, Oyo State, Nigeria",Kids Backpack,Fashion,1,7000,08/02/2025,2025-02-18,Returned,n/a,Bank Transfer,n/a
ORD-2026-10365,Emeka Okeke   ,emeka642@outlook.com,(574) 374-8969,"111 Awolowo Road, Surulere, Kaduna State, Nigeria",Blender,Home Appliances,2,NULL,not set,26.02.2025,In Transit,Kwik Delivery,Bank Transfer,
ORD-2026-10333,Funmilayo Eze,funmilayo915@outlook.com,234-921-851-569,"93 Allen Avenue, Ikeja, Oyo State, Nigeria",Blender,Home Appliances,1,18000,13.12.2025,15.12.2025,Cancelled,GIGL,Bank Transfer,2
ORD-2026-10445,Funmilayo Okafor,funmilayo465@outlook.com,77739260302,"147 Opebi Road, Enugu, Rivers State, Nigeria",Power Bank 20000mAh,Electronics,1,"NGN 11,000",23-Aug-2025,2025/08/31,delivered,GIGL,Card,6
ORD-2026-10392,Grace Okafor,grace272@yahoo.com,02771670145,"63 Adeola Odeku St, Port Harcourt, Abuja State, Nigeria",Kids Backpack,Fashion,-1,"N7,000",19 February 2025,,In Transit,Kwik Delivery,POD,NIL
ORD-2026-10192,Sadiq Yusuf,sadiq509@gmail.com,234-499-121-655,"81 Ogui Road, Ikeja, Rivers State, Nigeria   ",Ankara Fabric (6yds),Fashion,3,,01 April 2025,2025/04/07,Processing,GIGL,Card,6
ORD-2026-10180,Halima  Eze,halima945@outlook.com,22535841438,"81 Opebi Road, Lekki, Abuja State, Nigeria",Smartphone Case,Electronics,1,2500,2025/08/14,21.08.2025,Delivered,Kwik Delivery,Pay on Delivery,2
ORD-2026-10228,ngozi olawale,ngozi297@yahoo.com,(687) 056-8566,"119 Ogui Road, Victoria Island, Rivers State, Nigeria",Ankara Fabric (6yds),Fashion,3,"NGN 9,500",02.03.2025,2025/03/07,delivered,GIG Logistics,Bank Transfer,n/a
ORD-2026-10138,Bisi Okonkwo,bisi708@yahoo.com,234-883-552-312,"74 Ogui Road, Wuse, Abuja State, Nigeria",Men's Sneakers,Fashion,1,"15,000.00 ",17.06.2025,26 June 2025,Processing,gig logistics,Wallet,4
ORD-2026-10428,Fatima Chukwu,fatima802@outlook.com,234-688-143-536,"128 Opebi Road, Ikeja, Kaduna State, Nigeria",Bluetooth Speaker,Electronics,1,"₦9,000.00",30/12/2025,08 January 2026,Pending,?,card,nil
ORD-2026-10232,Halima Nwosu,halima533@gmail.com,234-139-837-354,"105 Allen Avenue, Garki, Lagos State, Nigeria",Smartphone Case,Electronics,-,2500.00 naira,21-May-2025,26.05.2025,In Transit,Jumia Express,Bank Transfer,6
ORD-2026-10446,  Femi Mohammed,femi567@gmail.com,+234922809202,"25 Adeola Odeku St, Enugu, Lagos State, Nigeria",Kids Backpack,Fashion,1,  ,09/06/2026,15.06.2026,Cancelled,Kwik Delivery,card,1
ORD-2026-10062,Grace Okafor,grace495@gmail.com,234-663-193-149,"128 Ogui Road, Wuse, Kaduna State, Nigeria",Air Fryer,Home Appliances,2,"₦62,000.00",14-Dec-2025,24.12.2025,delivered,gig logistics,Bank Transfer,-
ORD-2026-10376,Musa Nnamdi,musa114@outlook.com,234-666-760-083,"80 Opebi Road, Ikeja, Oyo State, Nigeria",Power Bank 20000mAh,Electronics,--,"NGN 11,000",24.05.2026,,Returned,Kwik Delivery,Bank Transfer,6
ORD-2026-10393,Grace Okeke,grace978@gmail.com,234-899-358-891,"61 Ogui Road, Garki, Kano State, Nigeria",Office Chair,Home & Office,3,"N45,000",14 August 2025,16.08.2025,Processing,Speedaf,Bank Transfer,2
ORD-2026-10390,Wale Adekunle,wale41@outlook.com,0674 676 2120,"28 Adeola Odeku St, Wuse, Abuja State, Nigeria",Ankara Fabric (6yds),Fashion,NULL,"NGN 9,500",27-May-2026,05-Jun-2026,Processing,GIG Logistics,Card,4
ORD-2026-10126,Sadiq Mohammed,sadiq915@yahoo.com,+234851493689,"36 Adeola Odeku St, Garki, Kano State, Nigeria",Smartphone Case,Electronics,1,"N2,500",2026/04/22,,In Transit,DHL,Pay on Delivery,5
ORD-2026-10061,Halima Yusuf,halima282@gmail.com,05299124190,"21 Awolowo Road, Surulere, Kaduna State, Nigeria",Bluetooth Speaker,Electronics,1,  ,28 July 2025,,Pending,GIG Logistics,card,3
ORD-2026-10116,FEMI BELLO,femi578@gmail.com,01020539502,"48 Awolowo Road, Port Harcourt, Rivers State, Nigeria",Office Chair,Home & Office,1,"N45,000",26.12.2025,04-Jan-2026,Returned,Speedaf,Wallet,6
ORD-2026-10183,Chioma Lawal,chioma228@outlook.com,+234969078447,"122 Adeola Odeku St, Victoria Island, Abuja State, Nigeria",Blender,Home Appliances,1,"NGN 18,000",04/13/2026,14.04.2026,DELIVERED,gig logistics,card,0
ORD-2026-10380,Kemi Balogun,kemi216@gmail.com,+234033230982,"53 Adeola Odeku St, Surulere, Rivers State, Nigeria",Bluetooth Speaker,Electronics,3,"₦9,000.00",2025-10-07,14/10/2025,Delivered,DHL,Wallet,--
ORD-2026-10325,Obinna Adekunle,obinna373@yahoo.com,07687014626,"26 Opebi Road, Victoria Island, Rivers State, Nigeria",Blender,Home Appliances,1,"₦18,000.00",27.06.2025,2025-07-07,Returned,gig logistics,card,N/A
ORD-2026-10451,Halima Bello,halima659@gmail.com,+234908811729,"11 Ahmadu Bello Way, Lekki, Oyo State, Nigeria",Air Fryer,Home Appliances,2,--,08/12/2025,16 December 2025,Delivered,Speedaf,POD,0
ORD-2026-10166,chidi suleiman,chidi638@yahoo.com,,"69 Opebi Road, Surulere, Lagos State, Nigeria",Office Chair,Home & Office,N/A,"NGN 45,000",30-Dec-2025,03/01/2026,In Transit,Jumia Express,Bank Transfer,6
ORD-2026-10286,Amara Suleiman,amara321@gmail.com,0759 017 5186,"120 Ogui Road, Enugu, Rivers State, Nigeria",Ladies Handbag,Fashion,1,"₦13,500.00",23/10/2025,29-Oct-2025,DELIVERED,gig logistics,POD,?
ORD-2026-10122,Grace Afolabi,grace663@gmail.com,invalid,"132 Allen Avenue, Ikeja, Kano State, Nigeria",Kids Backpack,Fashion,1,7000,2025-06-18,25-Jun-2025,Processing,Jumia Express,POD,5
ORD-2026-10167,kunle adeyemi,kunle257@yahoo.com,77584161692,"85 Allen Avenue, Victoria Island, Lagos State, Nigeria",Blender,Home Appliances,unknown,18000,2026/01/23,2026-01-31,delivered,Jumia Express,Card,0
ORD-2026-10306,Amara Ajayi,amara761@outlook.com,(079) 252-4191,"17 Ogui Road, Garki, Kano State, Nigeria",Blender,Home Appliances,1,"NGN 18,000",2026-05-24,,Pending,DHL,Pay on Delivery,0
ORD-2026-10372,Ifeoma Nnamdi,ifeoma361@outlook.com,71709991738,"100 Ahmadu Bello Way, Lekki, Abuja State, Nigeria",LED TV 43-inch,Electronics,1,185000,29-Jul-2025,,In Transit,Speedaf,card,NIL
ORD-2026-10316,Grace Balogun,--,+234574313291,"93 Awolowo Road, Wuse, Abuja State, Nigeria",Smartphone Case,Electronics,1,NIL,19 July 2025,2025-07-27,Processing,Kwik Delivery,Card,nil
ORD-2026-10368,Blessing Chukwu,nil,+234652074466,"110 Opebi Road, Port Harcourt, Kano State, Nigeria",Kids Backpack,Fashion,-1,"NGN 7,000",08/03/2025,13/08/2025,DELIVERED,Jumia Express,Card,4
ORD-2026-10193,FATIMA ADEYEMI,fatima911@gmail.com,52398680002,"118 Opebi Road, Lekki, Lagos State, Nigeria",LED TV 43-inch,Electronics,-1,"NGN 185,000",2025-04-09,2025-04-14,In Transit,gig logistics,Pay on Delivery,
ORD-2026-10226,Wale Adekunle,wale937@gmail.com,234-284-395-995,"107 Adeola Odeku St, Enugu, Kaduna State, Nigeria",Men's Sneakers,Fashion,null,"15,000.00 ",25 December 2025,,Cancelled,DHL,POD,6
ORD-2026-10228,ngozi olawale,ngozi297@yahoo.com,(687) 056-8566,"119 Ogui Road, Victoria Island, Rivers State, Nigeria",Ankara Fabric (6yds),Fashion,3,"NGN 9,500",02.03.2025,2025/03/07,delivered,GIG Logistics,Bank Transfer,n/a
ORD-2026-10438,Emeka Okeke,emeka789@outlook.com,80392827229,"84 Ahmadu Bello Way, Enugu, Kaduna State, Nigeria",Ankara Fabric (6yds),Fashion,1,9500,04/15/2026,,Delivered,GIGL,Bank Transfer,1
ORD-2026-10308,Funmilayo Yusuf,funmilayo724@outlook.com,0086 353 6541,"129 Ogui Road, Lekki, Rivers State, Nigeria   ",Bluetooth Speaker,Electronics,1,9000,04.12.2025,05.12.2025,Cancelled,GIGL,Wallet,3
ORD-2026-10100,Musa Balogun,musa782@yahoo.com,03792374740,"136 Allen Avenue, Garki, Rivers State, Nigeria",Power Bank 20000mAh,Electronics,NULL,"₦11,000.00",24.12.2025,29 December 2025,DELIVERED,Speedaf,Card,0
ORD-2026-10403,Yusuf Lawal,yusuf779@gmail.com,0798 270 8086,"1 Awolowo Road, Lekki, Lagos State, Nigeria",Air Fryer,Home Appliances,1,"62,000.00 ",15/04/2025,2025/04/19,Processing,gig logistics,Wallet,5
ORD-2026-10412,Chioma Okonkwo,NULL,0043 973 5989,"118 Allen Avenue, Victoria Island, Abuja State, Nigeria",Ankara Fabric (6yds),Fashion,1,9500.00 naira,23-Sep-2025,30-Sep-2025,DELIVERED,GIGL,Pay on Delivery,6
ORD-2026-10001,Chidi  Adekunle,chidi96@gmail.com,(104) 332-1819,"63 Adeola Odeku St, Victoria Island, Kaduna State, Nigeria",Kids Backpack,Fashion,1,"7,000.00 ",N/A,02/19/2025,delivered,N/A,Bank Transfer,6
ORD-2026-10260,BLESSING OGUNDIMU,blessing161@outlook.com,(519) 398-2807,"29 Allen Avenue, Lekki, Oyo State, Nigeria",Bluetooth Speaker,Electronics,1,"₦9,000.00",21.05.2026,,Returned,Speedaf,Card,2
ORD-2026-10002,Blessing Suleiman,blessing72@gmail.com,00013389083,"32 Opebi Road, Lekki, Oyo State, Nigeria",Office Chair,Home & Office,1,"NGN 45,000",09.02.2026,2026/02/15,Processing,gig logistics,POD,1
ORD-2026-10298,Funmilayo Mohammed,funmilayo426@yahoo.com,0180 552 6965,"121 Adeola Odeku St, Victoria Island, Abuja State, Nigeria",Air Fryer,Home Appliances,2,"₦62,000.00",09/03/2025,19.03.2025,DELIVERED,DHL,POD,3
ORD-2026-10205,Adaeze Eze,adaeze668@yahoo.com,09330833016,"137 Ogui Road, Garki, Kano State, Nigeria",LED TV 43-inch,Electronics,-1,"N185,000",05 June 2026,08/06/2026,Delivered,--,Card,unknown
ORD-2026-10364,Yusuf Mohammed,yusuf260@yahoo.com,234-290-349-446,"25 Allen Avenue, Wuse, Kaduna State, Nigeria",Power Bank 20000mAh,Electronics,3,11000,16.10.2025,18 October 2025,Delivered,Jumia Express,Pay on Delivery,0
ORD-2026-10315,Zainab Mohammed,zainab649@outlook.com,(199) 062-3445,"138 Adeola Odeku St, Lekki, Kaduna State, Nigeria",Office Chair,Home & Office,-1,"N45,000",09/06/2025,13 September 2025,Returned,GIG Logistics,card,1
ORD-2026-10010,Zainab Olawale,zainab308@yahoo.com,02388496965,"62  Awolowo Road, Port Harcourt, Abuja State, Nigeria",Office Chair,Home & Office,1,45000.00 naira,2026-01-09,01/13/2026,In Transit,GIGL,Bank Transfer,5
ORD-2026-10287,adaeze mohammed,adaeze584@yahoo.com,+234374545892,"40 Awolowo Road, Port Harcourt, Kano State, Nigeria   ",Men's Sneakers,Fashion,3,"₦15,000.00",10-Mar-2026,14 March 2026,Pending,Unknown,Card,2
ORD-2026-10083,Sadiq Bello,sadiq55@gmail.com,234-399-049-027,"139 Awolowo Road, Port Harcourt, Kaduna State, Nigeria",Power Bank 20000mAh,Electronics,3,"N11,000",2026-04-04,,Processing,GIGL,Wallet,2
ORD-2026-10253,Aliyu Afolabi,aliyu664@outlook.com,(861) 015-8199,"24 Allen Avenue, Garki, Kano State, Nigeria",Blender,Home Appliances,3,"NGN 18,000",07.05.2025,2025/05/10,Processing,GIGL,Wallet,3
ORD-2026-10044,Chidi Okafor,chidi350@gmail.com,(648) 236-6299,"24 Ogui Road, Surulere, Kano State, Nigeria",Smartphone Case,Electronics,1,"₦2,500.00",14/04/2025,19-Apr-2025,In Transit,Kwik Delivery,Bank Transfer,2
ORD-2026-10222,Segun Yusuf,segun187@gmail.com,51286823004,"117 Adeola Odeku St, Victoria Island, Kaduna State, Nigeria",Office Chair,Home & Office,1,"₦45,000.00",17 April 2025,,Processing,DHL,card,-
ORD-2026-10318,Sadiq Balogun,sadiq79@outlook.com,(474) 112-4903,"79 Opebi Road, Garki, Lagos State, Nigeria",Power Bank 20000mAh,Electronics,1,Unknown,12/23/2025,2026/01/01,Pending,NULL,POD,1
ORD-2026-10005,Halima Okonkwo,halima204@gmail.com,(781) 618-4959,"130 Allen Avenue, Wuse, Kaduna State, Nigeria",Bluetooth Speaker,Electronics,1,9000.00 naira,2026-06-13,06/18/2026,Pending,GIG Logistics,Card,6
ORD-2026-10137,Tobi Chukwu,tobi653@yahoo.com,(681) 645-3521,"34 Ogui Road, Victoria Island, Oyo State, Nigeria",Air Fryer,Home Appliances,-1,"N62,000",2025/06/29,08.07.2025,DELIVERED,N/A,Card,  
ORD-2026-10405,Grace Adekunle,?,86693465472,"123 Opebi Road, Ikeja, Kaduna State, Nigeria",Air Fryer,Home Appliances,1,"N62,000",18-Feb-2025,27/02/2025,delivered,GIG Logistics,POD,2
ORD-2026-10317,Kunle Suleiman,kunle266@gmail.com,12775618537,"142  Ahmadu Bello Way, Port Harcourt, Kano State, Nigeria",Smartphone Case,Electronics,1,2500,27 July 2025,2025-08-04,In Transit,Kwik Delivery,Wallet,5
ORD-2026-10229,Bisi Lawal,bisi707@outlook.com,46287334270,"106 Awolowo Road, Victoria Island, Lagos State, Nigeria",LED TV 43-inch,Electronics,1,185000.00 naira,10.08.2025,,Delivered,Speedaf,POD,unknown
ORD-2026-10176,Sadiq Eze,sadiq392@gmail.com,N/A,"59 Ogui Road, Ikeja, Kaduna State, Nigeria",Smartphone Case,Electronics,2,"₦2,500.00",23-May-2026,02/06/2026,Returned,Speedaf,Wallet,N/A
ORD-2026-10385,Ngozi Okeke,ngozi800@outlook.com,234-356-420-873,"7 Allen Avenue, Surulere, Rivers State, Nigeria",Men's Sneakers,Fashion,1,"N15,000",05/23/2026,05/25/2026,DELIVERED,Kwik Delivery,card,unknown
ORD-2026-10352,Amara Ajayi,amara629@outlook.com,16868548709,"  9 Allen Avenue, Garki, Rivers State, Nigeria",Men's Sneakers,Fashion,1,15000,2026-01-04,,Returned,GIG Logistics,Pay on Delivery,1
ORD-2026-10397,Halima Okafor,halima228@yahoo.com,77517016608,"78 Awolowo Road, Enugu, Abuja State, Nigeria",Office Chair,Home & Office,1,"₦45,000.00",06-Sep-2025,15-Sep-2025,Returned,Kwik Delivery,Wallet,-
ORD-2026-10141,Funmilayo Chukwu,funmilayo665@gmail.com,+234058147700,"76 Adeola Odeku St, Enugu, Oyo State, Nigeria",Power Bank 20000mAh,Electronics,-1,"N11,000",2025/07/20,27/07/2025,DELIVERED,DHL,Bank Transfer,1
ORD-2026-10300,Amara Balogun,amara259@outlook.com,68486661889,"133 Adeola Odeku St, Port Harcourt, Abuja State, Nigeria",Smartphone Case,Electronics,2,2500,2026/01/28,30.01.2026,delivered,GIGL,POD,2
ORD-2026-10042,Chidi  Eze,chidi88@gmail.com,234-934-060-883,"81 Opebi Road, Garki, Kaduna State, Nigeria",Ladies Handbag,Fashion,2,"N13,500",2025-09-01,2025/09/08,DELIVERED,GIGL,Card,3
ORD-2026-10310,Ngozi Abubakar,ngozi371@outlook.com,+234451870534,"56 Ogui Road, Surulere, Kaduna State, Nigeria",Ladies Handbag,Fashion,1,"N13,500",06/05/2026,,In Transit,Jumia Express,Card,5
ORD-2026-10259,obinna yusuf,obinna516@gmail.com,02654793564,"61 Adeola Odeku St, Ikeja, Lagos State, Nigeria",Wireless Earbuds,Electronics,2,"NGN 12,000",2026-05-29,30 May 2026,Processing,Jumia Express,card,5
ORD-2026-10136,Halima Okonkwo,halima624@outlook.com,234-297-516-136,"149 Adeola Odeku St, Victoria Island, Lagos State, Nigeria",Air Fryer,Home Appliances,2,"₦62,000.00",2026/05/20,2026/05/29,delivered,gig logistics,card,NULL
ORD-2026-10155,Chioma Okafor,chioma66@yahoo.com,06137506068,"24 Adeola Odeku St, Enugu, Oyo State, Nigeria",Bluetooth Speaker,Electronics,1,9000.00 naira,2025-04-24,N/A,In Transit,  ,card,nil
ORD-2026-10063,FUNMILAYO NWOSU,funmilayo255@gmail.com,90586518506,"120 Allen Avenue, Wuse, Kano State, Nigeria",LED TV 43-inch,Electronics,3,185000.00 naira,27-Mar-2025,00/00/0000,In Transit,Jumia Express,Bank Transfer,unknown
ORD-2026-10216,Yusuf Ajayi,yusuf535@yahoo.com,0187 851 9108,"44 Ahmadu Bello Way, Surulere, Lagos State, Nigeria",Power Bank 20000mAh,Electronics,1,11000,12/07/2025,14 December 2025,Cancelled,Kwik Delivery,Wallet,unknown
ORD-2026-10018,Zainab Abubakar,zainab426@gmail.com,(713) 315-0983,"17 Opebi Road, Port Harcourt, Rivers State, Nigeria",Smartphone Case,Electronics,nil,"N2,500",2025-04-20,27.04.2025,DELIVERED,Kwik Delivery,card,6
ORD-2026-10245,Chioma Abubakar,chioma868@outlook.com,234-918-033-974,"79 Awolowo Road, Lekki, Lagos State, Nigeria",Kids Backpack,Fashion,1,"₦7,000.00",02 February 2025,07-Feb-2025,delivered,Jumia Express,Wallet,6
ORD-2026-10007,Adaeze Olawale,adaeze220@outlook.com,(255) 341-9283,"19 Ahmadu Bello Way, Surulere, Rivers State, Nigeria",Power Bank 20000mAh,Electronics,1,11000.00 naira,10/05/2026,,DELIVERED,DHL,Wallet,6
ORD-2026-10113,Amara Bello,amara509@gmail.com,234-064-317-139,"146 Allen Avenue, Victoria Island, Oyo State, Nigeria",Men's Sneakers,Fashion,-1,NIL,2026/06/01,N/A,Returned,null,Card,--
ORD-2026-10185,Halima Eze,halima462@gmail.com,59255562588,"47 Ahmadu Bello Way, Victoria Island, Kano State, Nigeria",Ladies Handbag,Fashion,1,"₦13,500.00",2026/02/05,08/02/2026,Pending,GIG Logistics,POD,NIL
ORD-2026-10169,Kunle Eze,kunle808@outlook.com,0275 705 9640,"33 Opebi Road, Surulere, Rivers State, Nigeria",Ankara Fabric (6yds),Fashion,--,"NGN 9,500",02/11/2025,10 November 2025,In Transit,Jumia Express,card,3
ORD-2026-10291,Blessing Balogun,blessing144@yahoo.com,+234129387005,"22 Ahmadu Bello Way, Surulere, Kaduna State, Nigeria",Bluetooth Speaker,Electronics,2,"₦9,000.00",2025/10/07,09/10/2025,Processing,Jumia Express,Pay on Delivery,2
ORD-2026-10050,Bola Yusuf,bola849@outlook.com,02788957986,"144 Opebi Road, Garki, Abuja State, Nigeria",Ankara Fabric (6yds),Fashion,3,"NGN 9,500",01/29/2026,04-Feb-2026,Returned,Jumia Express,Pay on Delivery,nil
ORD-2026-10374,Chidi Balogun,chidi205@gmail.com,234-725-217-525,"114 Awolowo Road, Ikeja, Abuja State, Nigeria",Wireless Earbuds,Electronics,1,"₦12,000.00",,2026-04-13,DELIVERED,Kwik Delivery,Card,NIL
ORD-2026-10048,Adaeze Adeyemi,adaeze876@gmail.com,0176 936 7632,"95 Awolowo Road, Lekki, Kaduna State, Nigeria",Office Chair,Home & Office,2,45000,not set,26 September 2025,Cancelled,GIG Logistics,Bank Transfer,  
ORD-2026-10423,Halima Abubakar,halima180@yahoo.com,234-248-193-466,"  42 Opebi Road, Garki, Kaduna State, Nigeria   ",Kids Backpack,Fashion,2,"N7,000",11/10/2025,18/11/2025,delivered,GIGL,Pay on Delivery,2
ORD-2026-10017,Musa Olawale,musa163@outlook.com,+234963834657,"114 Ahmadu Bello Way, Port Harcourt, Oyo State, Nigeria",Kids Backpack,Fashion,3,7000,11/14/2025,11/16/2025,Processing,DHL,card,NULL
ORD-2026-10324,Musa Abubakar,musa717@outlook.com,0244 720 9993,"24 Allen Avenue, Port Harcourt, Kano State, Nigeria",Ankara Fabric (6yds),Fashion,2,"N9,500",2025-02-10,02/16/2025,delivered,GIG Logistics,Card,1
ORD-2026-10075,chidi suleiman,chidi116@gmail.com,07190229413,"  109 Ahmadu Bello Way, Port Harcourt, Abuja State, Nigeria",Office Chair,Home & Office,2,"45,000.00 ",11/01/2026,15.01.2026,Delivered,Jumia Express,Bank Transfer,2
ORD-2026-10247,Aliyu Okonkwo,aliyu242@outlook.com,(614) 293-9685,"105 Adeola Odeku St, Ikeja, Rivers State, Nigeria",Bluetooth Speaker,Electronics,-1,"₦9,000.00",2025-05-08,2025/05/15,DELIVERED,gig logistics,card,Unknown
ORD-2026-10434,FATIMA AJAYI,fatima975@gmail.com,77547812914,"129 Opebi Road, Wuse, Lagos State, Nigeria",Bluetooth Speaker,Electronics,1,"N9,000",16/03/2026,,delivered,DHL,Wallet,n/a
ORD-2026-10101,Bola Yusuf,bola401@outlook.com,48217594647,"21 Ahmadu Bello Way, Surulere, Abuja State, Nigeria",Air Fryer,Home Appliances,1,62000.00 naira,06/23/2025,,Pending,Speedaf,card,  
ORD-2026-10371,Fatima Lawal,fatima820@gmail.com,+234353465549,"123  Awolowo Road, Wuse, Kaduna State, Nigeria",Bluetooth Speaker,Electronics,-1,"N9,000",07 November 2025,13-Nov-2025,In Transit,n/a,Bank Transfer,5
ORD-2026-10395,grace eze,,234-721-753-540,"85 Adeola Odeku St, Ikeja, Kaduna State, Nigeria",LED TV 43-inch,Electronics,1,"185,000.00 ",2026/03/07,2026-03-10,DELIVERED,Jumia Express,Pay on Delivery,
ORD-2026-10231,SEGUN OKAFOR,?,(175) 183-0469,"24 Adeola Odeku St, Wuse, Oyo State, Nigeria",Power Bank 20000mAh,Electronics,1,NULL,10.01.2026,01/16/2026,In Transit,gig logistics,Pay on Delivery,6
ORD-2026-10091,  kemi lawal,kemi177@outlook.com,(982) 146-5840,"136 Ogui Road, Garki, Oyo State, Nigeria",Power Bank 20000mAh,Electronics,2,"NGN 11,000",31/03/2025,03-Apr-2025,Cancelled,Kwik Delivery,Pay on Delivery,4
ORD-2026-10119,Ifeoma Olawale,ifeoma21@yahoo.com,234-661-771-159,"61 Allen Avenue, Enugu, Rivers State, Nigeria",Men's Sneakers,Fashion,2,"N15,000",05/02/2026,,In Transit,GIGL,Bank Transfer,0
ORD-2026-10090,SADIQ OLAWALE,sadiq238@yahoo.com,84677378263,"28 Ogui Road, Victoria Island, Kaduna State, Nigeria",Bluetooth Speaker,Electronics,?,--,2025/02/12,17.02.2025,Pending,Kwik Delivery,card,2
ORD-2026-10279,Amara Suleiman,amara299@yahoo.com,97881914858,"38 Adeola Odeku St, Enugu, Rivers State, Nigeria",Kids Backpack,Fashion,1,7000.00 naira,10.07.2025,,delivered,Jumia Express,POD,2
ORD-2026-10236,amara lawal,amara785@yahoo.com,,"122 Ahmadu Bello Way, Victoria Island, Oyo State, Nigeria",LED TV 43-inch,Electronics,-1,"N185,000",04-Nov-2025,10/11/2025,Returned,Jumia Express,Bank Transfer,NIL
ORD-2026-10065,Kunle Lawal,kunle144@yahoo.com,0877 694 5314,"133 Opebi Road, Victoria Island, Oyo State, Nigeria",Ankara Fabric (6yds),Fashion,-1,"NGN 9,500",21.07.2025,2025-07-29,In Transit,-,POD,1
ORD-2026-10244,Adaeze Adekunle,adaeze862@yahoo.com,06668700217,"21 Opebi Road, Enugu, Kaduna State, Nigeria",Kids Backpack,Fashion,2,7000.00 naira,12 March 2026,21-Mar-2026,Delivered,  ,Pay on Delivery,0
ORD-2026-10221,Blessing Okafor,blessing238@outlook.com,234-265-676-618,"75 Adeola Odeku St, Lekki, Lagos State, Nigeria",Ladies Handbag,Fashion,1,13500.00 naira,04 September 2025,12 September 2025,Cancelled,GIGL,Bank Transfer,2
ORD-2026-10088,Musa Lawal,musa937@gmail.com,24771093248,"150 Opebi Road, Port Harcourt, Oyo State, Nigeria",Smartphone Case,Electronics,1,"₦2,500.00",2025/09/18,24-Sep-2025,Pending,NULL,card,0
ORD-2026-10040,  Sadiq Mohammed,null,45868501429,"34 Ahmadu Bello Way, Wuse, Abuja State, Nigeria",Air Fryer,Home Appliances,1,"₦62,000.00",2025-06-22,06/24/2025,Delivered,gig logistics,POD,5
ORD-2026-10243,Wale Nwosu,wale718@yahoo.com,(156) 793-3410,"65 Ahmadu Bello Way, Port Harcourt, Rivers State, Nigeria",Kids Backpack,Fashion,1,"NGN 7,000",20-Jan-2026,25.01.2026,Returned,DHL,Pay on Delivery,4
ORD-2026-10004,Emeka Mohammed,emeka157@outlook.com,(351) 161-5594,"131 Opebi Road, Lekki, Lagos State, Nigeria",Air Fryer,Home Appliances,2,"62,000.00 ",,14.08.2025,delivered,GIG Logistics,Pay on Delivery,NIL
ORD-2026-10285,Amaka Adekunle,null,234-667-116-845,"49 Ogui Road, Victoria Island, Kaduna State, Nigeria",Office Chair,Home & Office,1,45000.00 naira,2026/02/17,,Cancelled,GIGL,Pay on Delivery,0
ORD-2026-10012,femi  okafor,femi374@gmail.com,+234697848018,"29 Allen Avenue, Victoria Island, Oyo State, Nigeria",LED TV 43-inch,Electronics,-1,"N185,000",07 September 2025,11.09.2025,Cancelled,NIL,Bank Transfer,6
ORD-2026-10297,BLESSING ABUBAKAR,blessing779@gmail.com,03640376137,"70 Opebi Road, Lekki, Rivers State, Nigeria",Office Chair,Home & Office,1,"₦45,000.00",2025-11-23,11/26/2025,Processing,Speedaf,Wallet,3
ORD-2026-10186,Halima Ajayi,halima935@yahoo.com,+234537147321,"   41 Opebi Road, Port Harcourt, Lagos State, Nigeria",Smartphone Case,Electronics,-1,2500,2026-03-13,03/15/2026,Delivered,Kwik Delivery,Card,4
ORD-2026-10396,Chioma Lawal   ,chioma833@yahoo.com,38663177971,"11 Adeola Odeku St, Wuse, Rivers State, Nigeria",LED TV 43-inch,Electronics,1,"₦185,000.00",2025/10/15,not set,Cancelled,GIG Logistics,Wallet,2
ORD-2026-10197,Aliyu Okeke,aliyu80@outlook.com,0749 930 9728,"88  Ahmadu Bello Way, Surulere, Abuja State, Nigeria",Air Fryer,Home Appliances,2,"NGN 62,000",09 March 2026,,DELIVERED,DHL,POD,n/a
ORD-2026-10367,Adaeze Lawal,adaeze178@outlook.com,(545) 444-3283,"91 Adeola Odeku St, Port Harcourt, Kano State, Nigeria",Wireless Earbuds,Electronics,1,"NGN 12,000",2025/05/24,27.05.2025,DELIVERED,GIG Logistics,Wallet,0
ORD-2026-10304,Tobi Ogundimu,tobi814@gmail.com,0588 425 2410,"60 Ahmadu Bello Way, Enugu, Kano State, Nigeria",Men's Sneakers,Fashion,-1,15000,07/17/2025,26.07.2025,Delivered,Jumia Express,Card,3
ORD-2026-10227,Ifeoma Yusuf,ifeoma30@gmail.com,04283644089,"107 Adeola Odeku St, Enugu, Kaduna State, Nigeria",Wireless Earbuds,Electronics,-1,12000.00 naira,2026-01-07,15.01.2026,Pending,DHL,card,1
ORD-2026-10074,ADAEZE BALOGUN,adaeze384@yahoo.com,0777 520 4711,"121 Allen Avenue, Wuse, Kano State, Nigeria",Bluetooth Speaker,Electronics,1,"N9,000",2025/11/05,07 November 2025,DELIVERED,Kwik Delivery,Pay on Delivery,
ORD-2026-10225,Segun Yusuf,segun455@outlook.com,234-790-306-738,"115 Ahmadu Bello Way, Lekki, Abuja State, Nigeria",Men's Sneakers,Fashion,1,"15,000.00 ",07/27/2025,04 August 2025,delivered,GIG Logistics,card,6
ORD-2026-10357,Funmilayo Lawal,funmilayo506@outlook.com,234-713-247-546,"13 Opebi Road, Wuse, Kaduna State, Nigeria",Wireless Earbuds,Electronics,3,"NGN 12,000",03/04/2026,,delivered,GIGL,Wallet,NULL
ORD-2026-10224,tunde yusuf,tunde801@yahoo.com,0310 690 3311,"7 Opebi Road, Surulere, Kano State, Nigeria",Ankara Fabric (6yds),Fashion,-1,unknown,10 November 2025,2025-11-11,DELIVERED,Jumia Express,Wallet,3
ORD-2026-10334,Bola Eze,bola435@yahoo.com,54522675289,"148 Opebi Road, Wuse, Abuja State, Nigeria",Bluetooth Speaker,Electronics,2,"N9,000",25-Mar-2026,03 April 2026,Returned,NIL,Wallet,5
ORD-2026-10421,Aliyu Chukwu,aliyu646@gmail.com,11288013361,"56 Opebi Road, Wuse, Rivers State, Nigeria",Bluetooth Speaker,Electronics,2,9000.00 naira,09.11.2025,17-Nov-2025,Cancelled,GIGL,Bank Transfer,1
ORD-2026-10400,Aliyu Lawal,aliyu561@yahoo.com,0113 055 4885,"44 Ogui Road, Enugu, Abuja State, Nigeria",Wireless Earbuds,Electronics,1,-,2026-04-30,03 May 2026,Returned,GIGL,POD,3
ORD-2026-10095,Sadiq Mohammed,sadiq693@yahoo.com,234-718-702-621,"64 Adeola Odeku St, Garki, Abuja State, Nigeria",Kids Backpack,Fashion,1,"₦7,000.00",26.01.2026,,Processing,gig logistics,Bank Transfer,4
ORD-2026-10199,Femi Adeyemi,femi887@gmail.com,0263 689 7028,"1 Ogui Road, Garki, Lagos State, Nigeria",Men's Sneakers,Fashion,1,15000.00 naira,05/08/2026,16 May 2026,DELIVERED,GIGL,Wallet,  
ORD-2026-10020,Amaka Afolabi,amaka54@yahoo.com,47382997376,"  65 Allen Avenue, Enugu, Lagos State, Nigeria",Smartphone Case,Electronics,1,"NGN 2,500",21/02/2026,2026-02-25,delivered,Jumia Express,POD,n/a
ORD-2026-10118,Amara Nnamdi,amara577@gmail.com,234-783-908-470,"108 Allen Avenue, Port Harcourt, Abuja State, Nigeria",Men's Sneakers,Fashion,-1,"N15,000",17-Dec-2025,,Processing,Speedaf,card,0
ORD-2026-10058,Amara Adeyemi,amara666@yahoo.com,65375564641,"40 Ogui Road, Enugu, Rivers State, Nigeria",Blender,Home Appliances,2,18000,02 June 2026,06/10/2026,Pending,Speedaf,POD,4
ORD-2026-10283,Obinna Nnamdi,obinna411@outlook.com,02544948126,"119 Adeola Odeku St, Garki, Kaduna State, Nigeria",Kids Backpack,Fashion,3,7000.00 naira,08/11/2025,17/08/2025,Cancelled,unknown,card,
ORD-2026-10437,Blessing Ajayi,blessing911@outlook.com,+234394278816,"49 Allen Avenue, Port Harcourt, Rivers State, Nigeria",Wireless Earbuds,Electronics,3,12000.00 naira,19.05.2026,2026-05-20,Delivered,Kwik Delivery,Card,--
ORD-2026-10241,Chinedu Adeyemi,chinedu417@yahoo.com,0008 484 0862,"22 Awolowo Road, Wuse, Lagos State, Nigeria",Bluetooth Speaker,Electronics,2,"₦9,000.00",2026/03/08,10.03.2026,Processing,Speedaf,Pay on Delivery,nil
ORD-2026-10019,Kemi Afolabi,kemi818@yahoo.com,+234010310518,"125 Allen Avenue, Port Harcourt, Rivers State, Nigeria",Power Bank 20000mAh,Electronics,2,11000,24/05/2025,05/27/2025,Delivered,DHL,Pay on Delivery,4
ORD-2026-10417,Grace Lawal,grace250@outlook.com,08861533555,"111 Awolowo Road, Garki, Kano State, Nigeria   ",Ankara Fabric (6yds),Fashion,-1,NIL,2025/04/16,04/23/2025,Processing,gig logistics,Card,6
ORD-2026-10302,bola  bello,bola273@gmail.com,09146303161,"32 Awolowo Road, Lekki, Rivers State, Nigeria   ",Ankara Fabric (6yds),Fashion,1,9500,01-Jul-2025,2025-07-11,delivered,DHL,Bank Transfer,0
ORD-2026-10413,Bisi Mohammed,bisi435@outlook.com,0347 212 2816,"103 Awolowo Road, Wuse, Kaduna State, Nigeria",Smartphone Case,Electronics,1,"₦2,500.00",07/13/2025,19 July 2025,Delivered,Kwik Delivery,Wallet,1
ORD-2026-10389,  Funmilayo Ogundimu,funmilayo521@yahoo.com,+234579415521,"46 Ahmadu Bello Way, Wuse, Lagos State, Nigeria",Kids Backpack,Fashion,NIL,7000,2025-08-14,2025-08-24,Processing,Jumia Express,Bank Transfer,4
ORD-2026-10045,  Tunde Yusuf,tunde786@gmail.com,06804436995,"125 Ahmadu Bello Way, Wuse, Lagos State, Nigeria",Wireless Earbuds,Electronics,1,12000.00 naira,09.09.2025,16/09/2025,DELIVERED,GIG Logistics,Card,6
ORD-2026-10104,Tunde Nnamdi,unknown,234-533-942-104,"14 Adeola Odeku St, Surulere, Oyo State, Nigeria",Wireless Earbuds,Electronics,3,"₦12,000.00",10 August 2025,2025-08-20,In Transit,GIGL,POD,5
ORD-2026-10305,Ifeoma Ogundimu   ,ifeoma733@gmail.com,0648 149 1778,"30 Opebi Road, Surulere, Abuja State, Nigeria",LED TV 43-inch,Electronics,2,"NGN 185,000",2025/04/28,,Cancelled,Kwik Delivery,Wallet,1
ORD-2026-10062,Grace Okafor,grace495@gmail.com,234-663-193-149,"128 Ogui Road, Wuse, Kaduna State, Nigeria",Air Fryer,Home Appliances,2,"₦62,000.00",14-Dec-2025,24.12.2025,delivered,gig logistics,Bank Transfer,-
ORD-2026-10020,Amaka Afolabi,amaka54@yahoo.com,47382997376,"  65 Allen Avenue, Enugu, Lagos State, Nigeria",Smartphone Case,Electronics,1,"NGN 2,500",21/02/2026,2026-02-25,delivered,Jumia Express,POD,n/a
ORD-2026-10134,Grace Ogundimu,grace340@outlook.com,83885160607,"88 Awolowo Road, Ikeja, Abuja State, Nigeria",LED TV 43-inch,Electronics,3,"₦185,000.00",05/17/2025,,delivered,GIGL,Bank Transfer,5
ORD-2026-10394,Funmilayo Eze,null,0375 628 9002,"89 Ogui Road, Port Harcourt, Kaduna State, Nigeria",Wireless Earbuds,Electronics,1,12000.00 naira,26/09/2025,30.09.2025,Delivered,DHL,Pay on Delivery,5
ORD-2026-10147,Chidi Balogun,chidi788@outlook.com,invalid,"20 Allen Avenue, Ikeja, Oyo State, Nigeria",LED TV 43-inch,Electronics,1,185000.00 naira,2025-06-15,2025-06-25,Cancelled,Speedaf,Card,4
ORD-2026-10322,Tunde Afolabi,tunde333@yahoo.com,0013 721 5107,"126 Ahmadu Bello Way, Enugu, Kaduna State, Nigeria",Ladies Handbag,Fashion,-1,"₦13,500.00",17/06/2025,23 June 2025,Delivered,Speedaf,Bank Transfer,--
ORD-2026-10146,Blessing Olawale,blessing828@yahoo.com,234-186-449-251,"79 Ogui Road, Victoria Island, Oyo State, Nigeria",Power Bank 20000mAh,Electronics,1,"₦11,000.00",07-Oct-2025,13-Oct-2025,Pending,Jumia Express,Card,n/a
ORD-2026-10204,Aliyu Bello,aliyu216@outlook.com,47338484219,"61 Ogui Road, Enugu, Kaduna State, Nigeria   ",Ankara Fabric (6yds),Fashion,2,9500.00 naira,21 February 2026,02/28/2026,DELIVERED,GIG Logistics,Wallet,4
ORD-2026-10132,Sadiq Mohammed,sadiq65@yahoo.com,N/A,"124 Opebi Road, Lekki, Kano State, Nigeria",Blender,Home Appliances,3,"NGN 18,000",2025/02/15,02/22/2025,In Transit,DHL,POD,Unknown
ORD-2026-10077,Chioma Okonkwo,chioma992@yahoo.com,+234649909133,"138 Opebi Road, Surulere, Abuja State, Nigeria   ",Smartphone Case,Electronics,1,2500.00 naira,04/07/2025,14.07.2025,Pending,Jumia Express,card,0
ORD-2026-10168,OBINNA YUSUF,obinna283@outlook.com,08451154479,"51 Awolowo Road, Ikeja, Kaduna State, Nigeria",LED TV 43-inch,Electronics,1,"N185,000",06/10/2025,12-Jun-2025,Pending,gig logistics,POD,  
ORD-2026-10275,Kunle Adekunle,kunle630@yahoo.com,09662782827,"50 Ogui Road, Ikeja, Kaduna State, Nigeria",Power Bank 20000mAh,Electronics,3,-,09-Feb-2026,2026-02-18,Delivered,gig logistics,Bank Transfer,4
ORD-2026-10094,Zainab Ajayi,zainab825@gmail.com,(576) 627-0289,"110 Adeola Odeku St, Victoria Island, Abuja State, Nigeria",Bluetooth Speaker,Electronics,1,9000,2026-04-17,2026/04/26,Pending,Jumia Express,Wallet,1
ORD-2026-10035,Amara Chukwu,amara675@yahoo.com,68011280598,"148 Awolowo Road, Wuse, Lagos State, Nigeria",Wireless Earbuds,Electronics,1,12000,2025-08-15,2025-08-19,Returned,gig logistics,Bank Transfer,0
ORD-2026-10251,Segun Okeke,,0426 265 5110,"28 Awolowo Road, Victoria Island, Lagos State, Nigeria",Kids Backpack,Fashion,1,7000,21 August 2025,,Delivered,GIGL,Bank Transfer,N/A
ORD-2026-10082,Sadiq Eze,sadiq709@outlook.com,,"136 Allen Avenue, Surulere, Abuja State, Nigeria",Blender,Home Appliances,3,18000.00 naira,06/16/2026,N/A,Cancelled,GIGL,Wallet,?
ORD-2026-10337,Musa Okonkwo,musa697@yahoo.com,(251) 355-2157,"129 Adeola Odeku St, Ikeja, Kano State, Nigeria",Men's Sneakers,Fashion,-1,15000.00 naira,17/02/2025,20-Feb-2025,Delivered,Jumia Express,POD,5
ORD-2026-10059,Segun Balogun,segun729@outlook.com,234-080-531-003,"141 Ahmadu Bello Way, Wuse, Rivers State, Nigeria",Kids Backpack,Fashion,1,"NGN 7,000",08.01.2026,2026-01-14,In Transit,GIGL,Pay on Delivery,5
ORD-2026-10037,CHIOMA SULEIMAN,chioma391@outlook.com,+234869232260,"94 Allen Avenue, Port Harcourt, Lagos State, Nigeria",Kids Backpack,Fashion,-1,?,12/01/2026,2026-01-20,DELIVERED,GIG Logistics,Card,3
ORD-2026-10115,  funmilayo abubakar,funmilayo158@gmail.com,234-529-042-284,"49 Opebi Road, Wuse, Kaduna State, Nigeria",Ankara Fabric (6yds),Fashion,1,9500.00 naira,03/24/2025,29-Mar-2025,Pending,DHL,Wallet,4
ORD-2026-10066,Ifeoma Okafor,ifeoma390@gmail.com,(379) 965-0752,"122 Awolowo Road, Surulere, Kaduna State, Nigeria",Air Fryer,Home Appliances,1,"₦62,000.00",03/15/2026,19.03.2026,In Transit,GIGL,POD,1
ORD-2026-10409,Kemi Balogun,kemi536@yahoo.com,+234200342442,"126 Awolowo Road, Garki, Rivers State, Nigeria",Office Chair,Home & Office,-1,45000,14.09.2025,2025/09/19,Processing,GIG Logistics,Pay on Delivery,null
ORD-2026-10383,Adaeze Chukwu,adaeze66@yahoo.com,234-461-849-926,"123 Ogui Road, Surulere, Kano State, Nigeria",Ladies Handbag,Fashion,1,"N13,500",2025/09/27,,In Transit,Kwik Delivery,card,NIL
ORD-2026-10203,CHIDI AJAYI,N/A,(866) 524-0415,"7 Awolowo Road, Enugu, Lagos State, Nigeria",Kids Backpack,Fashion,1,"NGN 7,000",22.03.2026,30 March 2026,Delivered,DHL,Pay on Delivery,5
ORD-2026-10342,Funmilayo Chukwu,  ,+234629620153,"22 Ogui Road, Port Harcourt, Oyo State, Nigeria",LED TV 43-inch,Electronics,3,"₦185,000.00",03-Jun-2026,06/10/2026,DELIVERED,GIGL,Card,3
ORD-2026-10130,OBINNA OLAWALE,NIL,234-290-147-679,"61 Allen Avenue, Ikeja, Kaduna State, Nigeria",Power Bank 20000mAh,Electronics,-1,,05/24/2026,2026/05/29,delivered,Speedaf,Card,6
ORD-2026-10250,  Blessing Chukwu,blessing291@gmail.com,234-629-619-431,"144 Opebi Road, Enugu, Kano State, Nigeria",Wireless Earbuds,Electronics,2,"NGN 12,000",21/02/2025,03/03/2025,Returned,GIGL,Card,  
ORD-2026-10098,  Emeka Bello,emeka137@outlook.com,(240) 050-4556,"23 Ogui Road, Lekki, Lagos State, Nigeria",Ankara Fabric (6yds),Fashion,2,"₦9,500.00",03/09/2025,12 March 2025,In Transit,GIGL,Card,2
ORD-2026-10143,Bola Okeke,bola415@yahoo.com,07935978207,"59 Awolowo Road, Port Harcourt, Kano State, Nigeria",Ankara Fabric (6yds),Fashion,1,"N9,500",13 November 2025,,Pending,DHL,Card,3
ORD-2026-10401,FATIMA  OLAWALE,fatima719@gmail.com,0027 261 4933,"35 Adeola Odeku St, Enugu, Lagos State, Nigeria",Office Chair,Home & Office,2,45000.00 naira,2025-09-25,29/09/2025,Returned,DHL,Wallet,5
ORD-2026-10212,SEGUN SULEIMAN,,07530463745,"43 Opebi Road, Surulere, Oyo State, Nigeria",Smartphone Case,Electronics,1,"NGN 2,500",23.01.2026,2026/01/26,Processing,Kwik Delivery,Pay on Delivery,2
ORD-2026-10213,Zainab Lawal,zainab572@gmail.com,09904530174,"23 Ogui Road, Wuse, Rivers State, Nigeria",Men's Sneakers,Fashion,3,15000,2025/05/04,,Cancelled,gig logistics,Wallet,  
ORD-2026-10006,Obinna Suleiman,obinna774@outlook.com,0103 413 1647,"43 Awolowo Road, Port Harcourt, Abuja State, Nigeria",Ankara Fabric (6yds),Fashion,1,9500.00 naira,04/01/2026,06 January 2026,Returned,Kwik Delivery,Card,0
ORD-2026-10210,BOLA SULEIMAN   ,bola827@outlook.com,15274205493,"79 Opebi Road, Enugu, Lagos State, Nigeria",Power Bank 20000mAh,Electronics,2,11000,19/08/2025,,Cancelled,Speedaf,Wallet,NIL
ORD-2026-10140,Kemi Mohammed,kemi53@outlook.com,0995 527 1774,"42 Ahmadu Bello Way, Wuse, Lagos State, Nigeria",Smartphone Case,Electronics,1,"₦2,500.00",12 November 2025,15.11.2025,Cancelled,Speedaf,Wallet,1
ORD-2026-10347,Bisi Olawale,bisi676@outlook.com,70477434902,"30 Adeola Odeku St, Enugu, Kano State, Nigeria",LED TV 43-inch,Electronics,2,"185,000.00 ",26.10.2025,28 October 2025,DELIVERED,GIG Logistics,card,unknown
ORD-2026-10159,Chinedu Suleiman,chinedu188@outlook.com,(036) 971-1798,"11 Opebi Road, Garki, Oyo State, Nigeria",Kids Backpack,Fashion,-,"NGN 7,000",12/12/2025,14-Dec-2025,delivered,  ,Pay on Delivery,4
ORD-2026-10344,   ADAEZE ABUBAKAR,adaeze895@outlook.com,+234720506149,"6 Ogui Road, Port Harcourt, Rivers State, Nigeria",Smartphone Case,Electronics,2,"2,500.00 ",21-May-2025,2025-05-26,DELIVERED,Speedaf,POD,NIL
ORD-2026-10217,Aliyu Nnamdi,aliyu86@outlook.com,0398 225 8713,"101 Opebi Road, Lekki, Kano State, Nigeria",Bluetooth Speaker,Electronics,3,"NGN 9,000",18/02/2025,,Processing,Jumia Express,card,0
ORD-2026-10133,Grace  Okonkwo,grace229@outlook.com,+234445107622,"130  Opebi Road, Enugu, Abuja State, Nigeria",Air Fryer,Home Appliances,1,"NGN 62,000",2025/02/06,08/02/2025,Delivered,?,card,0
ORD-2026-10319,Segun Nwosu,segun173@outlook.com,+234135680442,"136 Ogui Road, Ikeja, Oyo State, Nigeria   ",Bluetooth Speaker,Electronics,3,9000.00 naira,19/02/2026,23.02.2026,Pending,DHL,Bank Transfer,NIL
ORD-2026-10449,BISI OLAWALE,bisi306@gmail.com,+234257991366,"3 Ogui Road, Lekki, Oyo State, Nigeria",Ankara Fabric (6yds),Fashion,-1,null,22-Jun-2025,2025/06/25,In Transit,GIGL,card,NIL
ORD-2026-10307,Sadiq Olawale,sadiq374@outlook.com,80003075622,"98 Ahmadu Bello Way, Ikeja, Rivers State, Nigeria",Air Fryer,Home Appliances,1,"NGN 62,000",07-Apr-2025,12-Apr-2025,In Transit,Jumia Express,Pay on Delivery,0
ORD-2026-10447,Zainab Nnamdi,zainab651@outlook.com,28699041379,"43 Awolowo Road, Victoria Island, Lagos State, Nigeria",Blender,Home Appliances,3,18000,29 May 2025,06/06/2025,Processing,NIL,card,0
ORD-2026-10362,  musa lawal   ,musa590@yahoo.com,234-552-414-060,"133 Opebi Road, Lekki, Kaduna State, Nigeria",Air Fryer,Home Appliances,1,62000,2025-10-30,2025-11-02,Processing,gig logistics,POD,Unknown
ORD-2026-10355,Zainab Okafor,zainab921@gmail.com,(970) 246-2996,"85 Adeola Odeku St, Enugu, Oyo State, Nigeria",Wireless Earbuds,Electronics,1,"12,000.00 ",14 July 2025,21-Jul-2025,delivered,GIGL,Pay on Delivery,1
ORD-2026-10206,Ibrahim Adekunle,ibrahim654@gmail.com,(712) 082-6773,"50 Allen Avenue, Ikeja, Oyo State, Nigeria",Blender,Home Appliances,1,18000,07-Feb-2026,2026-02-09,DELIVERED,gig logistics,Bank Transfer,N/A
ORD-2026-10191,AMAKA OLAWALE,amaka474@yahoo.com,(098) 358-4168,"123 Opebi Road, Ikeja, Kaduna State, Nigeria",Ankara Fabric (6yds),Fashion,1,"N9,500",20.07.2025,23/07/2025,delivered,Speedaf,Pay on Delivery,5
ORD-2026-10117,Halima Okeke,halima172@gmail.com,0026 811 7758,"38 Allen Avenue, Enugu, Abuja State, Nigeria",LED TV 43-inch,Electronics,3,"N185,000",2026/05/08,10 May 2026,DELIVERED,Kwik Delivery,Bank Transfer,5
ORD-2026-10408,Chinedu Abubakar,chinedu316@outlook.com,+234996846081,"96 Opebi Road, Lekki, Kaduna State, Nigeria",Men's Sneakers,Fashion,1,"NGN 15,000",2026-03-11,14-Mar-2026,Returned,GIGL,Pay on Delivery,2
ORD-2026-10091,  kemi lawal,kemi177@outlook.com,(982) 146-5840,"136 Ogui Road, Garki, Oyo State, Nigeria",Power Bank 20000mAh,Electronics,2,"NGN 11,000",31/03/2025,03-Apr-2025,Cancelled,Kwik Delivery,Pay on Delivery,4
ORD-2026-10170,amaka  ajayi,amaka654@outlook.com,06582029702,"142 Adeola Odeku St, Lekki, Oyo State, Nigeria",Ladies Handbag,Fashion,1,"N13,500",21/04/2026,04/30/2026,In Transit,GIGL,card,3
ORD-2026-10124,Aliyu Bello,aliyu586@gmail.com,09885165604,"100 Ogui Road, Ikeja, Oyo State, Nigeria",Office Chair,Home & Office,1,45000,11.05.2026,20/05/2026,In Transit,Jumia Express,POD,6
ORD-2026-10003,Emeka Okonkwo,emeka225@outlook.com,06379402654,"  119 Opebi Road, Wuse, Kaduna State, Nigeria",Ankara Fabric (6yds),Fashion,3,9500,2026/02/09,02/17/2026,Returned,gig logistics,Bank Transfer,0
ORD-2026-10149,Amara Okonkwo,amara920@gmail.com,+234733221418,"97 Ogui Road, Port Harcourt, Rivers State, Nigeria",Office Chair,Home & Office,3,"45,000.00 ",06-Nov-2025,11/07/2025,In Transit,Jumia Express,card,n/a
ORD-2026-10454,Yusuf Bello,yusuf937@outlook.com,98643009818,"20 Adeola Odeku St, Lekki, Lagos State, Nigeria",Office Chair,Home & Office,3,"₦45,000.00",03.11.2025,08/11/2025,delivered,Jumia Express,Card,2
ORD-2026-10345,Zainab Okeke,zainab593@outlook.com,31032417146,"100 Allen Avenue, Surulere, Lagos State, Nigeria",Smartphone Case,Electronics,1,"NGN 2,500",14-May-2026,22/05/2026,DELIVERED,DHL,Card,4
ORD-2026-10196,Segun Lawal,segun131@outlook.com,04705516940,"119 Adeola Odeku St, Wuse, Rivers State, Nigeria",Wireless Earbuds,Electronics,2,12000,30-Mar-2025,03 April 2025,Cancelled,Speedaf,Bank Transfer,2
ORD-2026-10024,Halima Chukwu,halima278@yahoo.com,+234267736026,"109 Ogui Road, Garki, Rivers State, Nigeria",Blender,Home Appliances,2,18000,2025/11/11,21 November 2025,Processing,GIG Logistics,Bank Transfer,2
ORD-2026-10008,TUNDE ADEYEMI,tunde256@gmail.com,(764) 835-0305,"104  Ogui Road, Garki, Lagos State, Nigeria",Kids Backpack,Fashion,-1,7000,28-Dec-2025,01/01/2026,Cancelled,--,Bank Transfer,6
ORD-2026-10226,Wale Adekunle,wale937@gmail.com,234-284-395-995,"107 Adeola Odeku St, Enugu, Kaduna State, Nigeria",Men's Sneakers,Fashion,null,"15,000.00 ",25 December 2025,,Cancelled,DHL,POD,6
ORD-2026-10328,Fatima Okeke,fatima538@yahoo.com,07859321334,"  3 Ahmadu Bello Way, Enugu, Oyo State, Nigeria",Men's Sneakers,Fashion,1,"N15,000",2025-11-20,25/11/2025,Returned,GIGL,Card,1
ORD-2026-10378,Chidi Okafor,chidi713@gmail.com,+234689421044,"  142 Opebi Road, Ikeja, Kano State, Nigeria",Smartphone Case,Electronics,-1,"NGN 2,500",01/17/2026,00/00/0000,Delivered,NIL,Pay on Delivery,
ORD-2026-10106,Chidi Balogun,chidi77@outlook.com,+234588424745,"149 Allen Avenue, Victoria Island, Kaduna State, Nigeria",Blender,Home Appliances,2,18000,2026-06-14,18.06.2026,Pending,Jumia Express,Wallet,4
ORD-2026-10254,Adaeze Nnamdi,NIL,+234046618398,"28 Ahmadu Bello Way, Port Harcourt, Kano State, Nigeria",LED TV 43-inch,Electronics,1,"₦185,000.00",2026/05/16,26.05.2026,In Transit,Kwik Delivery,Bank Transfer,6
ORD-2026-10105,Wale Afolabi,wale899@gmail.com,0000000000,"7 Adeola Odeku St, Garki, Kaduna State, Nigeria",Power Bank 20000mAh,Electronics,1,"₦11,000.00",02/04/2025,02/05/2025,Processing,NULL,card,4
ORD-2026-10038,Ifeoma Suleiman,ifeoma761@outlook.com,56342160733,"35 Opebi Road, Enugu, Rivers State, Nigeria",Wireless Earbuds,Electronics,1,"N12,000",01 June 2025,unknown date,Returned,Speedaf,Pay on Delivery,6
ORD-2026-10164,Yusuf Okafor,yusuf479@outlook.com,+234221704303,"9 Ogui Road, Garki, Rivers State, Nigeria",Ankara Fabric (6yds),Fashion,3,"₦9,500.00",2026/04/06,2026/04/16,Processing,DHL,Pay on Delivery,null
ORD-2026-10114,Yusuf Afolabi,yusuf231@gmail.com,00532931839,"127  Opebi Road, Garki, Oyo State, Nigeria",Ladies Handbag,Fashion,-1,"NGN 13,500",03 September 2025,05 September 2025,In Transit,  ,Pay on Delivery,5
ORD-2026-10096,Sadiq Balogun,sadiq408@gmail.com,0459 615 8657,"118 Ogui Road, Garki, Lagos State, Nigeria",Blender,Home Appliances,3,18000.00 naira,2025/02/02,03.02.2025,In Transit,GIG Logistics,Pay on Delivery,4
ORD-2026-10235,Funmilayo Suleiman,funmilayo122@yahoo.com,0175 355 6093,"140 Allen Avenue, Ikeja, Kano State, Nigeria",LED TV 43-inch,Electronics,Unknown,"N185,000",2025/11/05,2025/11/12,DELIVERED,Speedaf,card,0
ORD-2026-10429,Wale Nwosu   ,wale851@gmail.com,234-223-943-129,"59 Ogui Road, Enugu, Abuja State, Nigeria",Bluetooth Speaker,Electronics,1,9000.00 naira,2026-01-20,22/01/2026,In Transit,GIG Logistics,Card,5
ORD-2026-10110,Kemi Okonkwo,unknown,(200) 471-1382,"7 Awolowo Road, Surulere, Lagos State, Nigeria",LED TV 43-inch,Electronics,1,"₦185,000.00",2025-08-18,08/19/2025,DELIVERED,DHL,Pay on Delivery,-
ORD-2026-10023,Funmilayo  Okonkwo,NIL,(473) 178-1080,"125 Adeola Odeku St, Garki, Rivers State, Nigeria",Men's Sneakers,Fashion,2,"N15,000",12.04.2026,,Processing,Jumia Express,Pay on Delivery,3
ORD-2026-10349,Chinedu Afolabi,chinedu861@outlook.com,234-879-374-160,"9 Allen Avenue, Ikeja, Abuja State, Nigeria",Smartphone Case,Electronics,-1,"N2,500",04/06/2025,2025/06/14,DELIVERED,gig logistics,Bank Transfer,NULL
ORD-2026-10190,Musa Afolabi,NULL,234-016-245-650,"106 Allen Avenue, Garki, Rivers State, Nigeria",Bluetooth Speaker,Electronics,1,9000.00 naira,17/03/2026,,delivered,DHL,card,5
ORD-2026-10361,Emeka Okafor,emeka544@yahoo.com,(610) 357-9727,"118 Adeola Odeku St, Wuse, Lagos State, Nigeria",Wireless Earbuds,Electronics,-1,"₦12,000.00",29/03/2025,,DELIVERED,gig logistics,Pay on Delivery,n/a
ORD-2026-10092,Yusuf Suleiman,yusuf497@gmail.com,(499) 727-8755,"43 Opebi Road, Wuse, Abuja State, Nigeria",Bluetooth Speaker,Electronics,-1,"N9,000",23.05.2026,26/05/2026,Returned,NULL,card,unknown
ORD-2026-10269,Chinedu Adekunle,chinedu622@yahoo.com,,"53 Adeola Odeku St, Enugu, Lagos State, Nigeria",LED TV 43-inch,Electronics,1,"₦185,000.00",08-Jun-2026,10 June 2026,Cancelled,DHL,Bank Transfer,null
ORD-2026-10261,Halima Okonkwo,halima370@outlook.com,(741) 672-4342,"22 Awolowo Road, Garki, Kaduna State, Nigeria",Ladies Handbag,Fashion,1,"13,500.00 ",27-Jun-2025,2025-07-06,Delivered,Speedaf,Card,0
ORD-2026-10456,Ifeoma Nwosu,ifeoma138@yahoo.com,+234869594636,"82 Ahmadu Bello Way, Garki, Lagos State, Nigeria",Smartphone Case,Electronics,1,"₦2,500.00",06 August 2025,15.08.2025,Returned,gig logistics,POD,0
ORD-2026-10435,BISI AFOLABI,bisi267@outlook.com,02834110809,"39 Adeola Odeku St, Wuse, Oyo State, Nigeria",Bluetooth Speaker,Electronics,1,nil,07/17/2025,2025-07-25,delivered,Jumia Express,POD,NIL
ORD-2026-10027,  wale abubakar   ,wale610@outlook.com,0208 121 9136,"109 Allen Avenue, Surulere, Kaduna State, Nigeria",Air Fryer,Home Appliances,-1,62000.00 naira,19/03/2026,25/03/2026,Pending,Jumia Express,card,5
ORD-2026-10276,Fatima Olawale,  ,0225 790 5072,"21 Ahmadu Bello Way, Ikeja, Kaduna State, Nigeria",Blender,Home Appliances,nil,"N18,000",2025-08-20,2025-08-28,Delivered,GIGL,Pay on Delivery,1
ORD-2026-10181,BOLA BELLO,bola556@gmail.com,(424) 981-8299,"134 Ogui Road, Surulere, Kano State, Nigeria",Smartphone Case,Electronics,-1,"₦2,500.00",12 April 2025,19.04.2025,Cancelled,gig logistics,Pay on Delivery,Unknown
ORD-2026-10382,Chidi Okeke,chidi947@gmail.com,invalid,"133 Awolowo Road, Victoria Island, Kano State, Nigeria",Ladies Handbag,Fashion,2,"N13,500",2025/11/21,unknown date,delivered,GIGL,Pay on Delivery,4
ORD-2026-10198,Chinedu Mohammed,chinedu458@gmail.com,234-230-913-075,"39 Opebi Road, Wuse, Kano State, Nigeria",Air Fryer,Home Appliances,-1,"NGN 62,000",22-Mar-2026,28 March 2026,Delivered,Kwik Delivery,Wallet,null
ORD-2026-10156,ZAINAB NWOSU,zainab362@outlook.com,(361) 530-5152,"44 Ogui Road, Ikeja, Rivers State, Nigeria",Air Fryer,Home Appliances,3,"N62,000",2025-10-23,10/28/2025,In Transit,Speedaf,Bank Transfer,2
ORD-2026-10373,Kemi Mohammed,NIL,01684602235,"83 Ahmadu Bello Way, Garki, Oyo State, Nigeria",LED TV 43-inch,Electronics,-1,"N185,000",10/28/2025,11/01/2025,DELIVERED,GIGL,Card,1
ORD-2026-10015,Aliyu Olawale,aliyu631@outlook.com,09570154303,"104 Ogui Road, Wuse, Oyo State, Nigeria",LED TV 43-inch,Electronics,1,185000,2026-01-08,16 January 2026,In Transit,GIGL,POD,2
ORD-2026-10274,Amaka Ajayi,unknown,34125286692,"78 Ogui Road, Surulere, Abuja State, Nigeria",Blender,Home Appliances,  ,"NGN 18,000",19 March 2025,2025/03/22,Cancelled,GIG Logistics,POD,?
ORD-2026-10025,Femi Mohammed,femi13@outlook.com,234-474-687-234,"  71 Allen Avenue, Ikeja, Oyo State, Nigeria",Office Chair,Home & Office,1,45000.00 naira,2026/01/29,01 February 2026,Processing,GIG Logistics,Card,5
ORD-2026-10161,Chidi Olawale,n/a,234-218-518-888,"125 Awolowo Road, Wuse, Oyo State, Nigeria",Kids Backpack,Fashion,3,7000.00 naira,2025-11-01,2025-11-10,delivered,GIG Logistics,Bank Transfer,6
ORD-2026-10329,Segun Olawale,segun11@yahoo.com,+234039652239,"  22 Ogui Road, Wuse, Kaduna State, Nigeria",Kids Backpack,Fashion,3,"N7,000",2026/06/13,2026/06/18,Returned,GIGL,Bank Transfer,  
ORD-2026-10089,Emeka Ogundimu,emeka513@gmail.com,,"96 Opebi Road, Enugu, Kaduna State, Nigeria   ",Air Fryer,Home Appliances,-1,"NGN 62,000",22.11.2025,30/11/2025,In Transit,gig logistics,Bank Transfer,1
ORD-2026-10278,Musa Ajayi,musa602@gmail.com,,"26 Awolowo Road, Ikeja, Kano State, Nigeria",Ladies Handbag,Fashion,2,Unknown,27-Apr-2026,05/07/2026,Cancelled,n/a,Bank Transfer,5
ORD-2026-10293,amaka okonkwo,amaka555@yahoo.com,+234262218909,"43 Allen Avenue, Port Harcourt, Oyo State, Nigeria   ",Power Bank 20000mAh,Electronics,NULL,11000.00 naira,16.03.2026,26/03/2026,Returned,Speedaf,card,4
ORD-2026-10301,Chinedu Okonkwo,chinedu428@outlook.com,0241 418 3285,"126 Allen Avenue, Lekki, Lagos State, Nigeria",Smartphone Case,Electronics,-1,NULL,08/07/2025,12.07.2025,DELIVERED,Speedaf,card,1
ORD-2026-10158,segun nnamdi,segun183@yahoo.com,(328) 986-1434,"138 Allen Avenue, Wuse, Abuja State, Nigeria",Blender,Home Appliances,2,"₦18,000.00",05.06.2026,06/09/2026,delivered,Jumia Express,Card,1
ORD-2026-10046,Zainab Afolabi,zainab176@outlook.com,234-738-721-489,"75 Allen Avenue, Port Harcourt, Lagos State, Nigeria",Smartphone Case,Electronics,3,"NGN 2,500",2025-08-27,2025/08/30,Pending,Kwik Delivery,Bank Transfer,3
ORD-2026-10443,Aliyu Suleiman,aliyu922@yahoo.com,234-908-272-318,"113 Adeola Odeku St, Ikeja, Rivers State, Nigeria",Wireless Earbuds,Electronics,2,"₦12,000.00",26.09.2025,30 September 2025,Cancelled,GIGL,Pay on Delivery,N/A
ORD-2026-10440,Fatima Eze,fatima426@gmail.com,(303) 856-7700,"126 Ogui Road, Garki, Kaduna State, Nigeria",Wireless Earbuds,Electronics,1,"₦12,000.00",23/02/2026,02.03.2026,Pending,DHL,Bank Transfer,  
ORD-2026-10271,Amara Afolabi,amara934@outlook.com,0000000000,"115 Allen Avenue, Surulere, Abuja State, Nigeria",Kids Backpack,Fashion,1,"N7,000",06/07/2025,2025-07-14,DELIVERED,DHL,Pay on Delivery,5
ORD-2026-10029,Femi Ogundimu,femi563@gmail.com,54353462475,"106 Allen Avenue, Surulere, Oyo State, Nigeria",Men's Sneakers,Fashion,  ,"N15,000",04/22/2026,23/04/2026,Returned,GIGL,Wallet,1
ORD-2026-10358,Ifeoma Suleiman,null,234-373-678-508,"2 Ogui Road, Ikeja, Rivers State, Nigeria",Bluetooth Speaker,Electronics,1,"NGN 9,000",03/25/2026,27.03.2026,Cancelled,GIGL,Wallet,0
ORD-2026-10351,Kemi Adeyemi   ,kemi126@gmail.com,+234061632945,"71 Allen Avenue, Victoria Island, Kaduna State, Nigeria",Bluetooth Speaker,Electronics,2,9000.00 naira,,04-Mar-2026,DELIVERED,DHL,Wallet,null
ORD-2026-10148,Sadiq Ajayi,sadiq750@yahoo.com,0000000000,"43 Ahmadu Bello Way, Victoria Island, Kano State, Nigeria",Men's Sneakers,Fashion,-1,15000,03-Jun-2025,2025-06-04,Pending,gig logistics,POD,NIL
ORD-2026-10396,Chioma Lawal   ,chioma833@yahoo.com,38663177971,"11 Adeola Odeku St, Wuse, Rivers State, Nigeria",LED TV 43-inch,Electronics,1,"₦185,000.00",2025/10/15,not set,Cancelled,GIG Logistics,Wallet,2
ORD-2026-10157,Halima Yusuf,halima589@yahoo.com,(047) 277-9010,"88 Allen Avenue, Wuse, Oyo State, Nigeria",Wireless Earbuds,Electronics,3,"NGN 12,000",2025/03/10,20-Mar-2025,Pending,  ,Pay on Delivery,0
ORD-2026-10457,Amara Adeyemi,unknown,08725887449,"118 Ahmadu Bello Way, Enugu, Kano State, Nigeria",Power Bank 20000mAh,Electronics,2,11000,2025-06-18,,Processing,Kwik Delivery,POD,1
ORD-2026-10313,Bisi Abubakar,bisi820@yahoo.com,+234383670241,"31 Adeola Odeku St, Victoria Island, Lagos State, Nigeria",Kids Backpack,Fashion,1,"NGN 7,000",21/02/2026,02 March 2026,Cancelled,Speedaf,POD,
ORD-2026-10248,Wale Nwosu,n/a,(218) 501-6315,"121 Awolowo Road, Ikeja, Lagos State, Nigeria",Men's Sneakers,Fashion,1,15000.00 naira,2025/07/21,2025-07-24,Delivered,Jumia Express,Bank Transfer,0
ORD-2026-10288,Tunde Mohammed   ,tunde443@outlook.com,(750) 017-0127,"138 Opebi Road, Enugu, Kaduna State, Nigeria",Smartphone Case,Electronics,2,2500.00 naira,2025-04-22,25.04.2025,DELIVERED,Kwik Delivery,card,3
ORD-2026-10411,Obinna Nwosu,obinna782@outlook.com,234-384-066-658,"65 Ogui Road, Garki, Oyo State, Nigeria",Smartphone Case,Electronics,-1,"₦2,500.00",2025-08-24,02 September 2025,Cancelled,Jumia Express,Card,1
ORD-2026-10054,halima  afolabi,halima857@yahoo.com,N/A,"29 Awolowo Road, Surulere, Rivers State, Nigeria",LED TV 43-inch,Electronics,-1,"₦185,000.00",09 December 2025,2025-12-11,Pending,Kwik Delivery,card,unknown
ORD-2026-10399,Amara Ajayi,amara242@yahoo.com,(503) 758-9975,"105 Allen Avenue, Wuse, Kaduna State, Nigeria",Men's Sneakers,Fashion,1,"₦15,000.00",2026/01/19,,Cancelled,Unknown,POD,unknown
ORD-2026-10013,Emeka Adekunle,emeka880@yahoo.com,0514 627 0482,"41 Ogui Road, Lekki, Kano State, Nigeria",Kids Backpack,Fashion,-1,"7,000.00 ",2026/03/23,29/03/2026,Processing,DHL,Wallet,0
ORD-2026-10444,Ifeoma Ajayi,ifeoma533@outlook.com,+234222591365,"27 Adeola Odeku St, Surulere, Rivers State, Nigeria",Bluetooth Speaker,Electronics,2,"₦9,000.00",25.06.2025,,DELIVERED,NULL,Pay on Delivery,
ORD-2026-10043,Halima Abubakar,halima359@outlook.com,(615) 951-4846,"40 Ogui Road, Enugu, Abuja State, Nigeria",Blender,Home Appliances,1,"N18,000",23 November 2025,unknown date,Processing,DHL,Pay on Delivery,  
ORD-2026-10194,Tunde  Abubakar,tunde628@yahoo.com,05787298259,"139 Awolowo Road, Garki, Rivers State, Nigeria",Air Fryer,Home Appliances,3,"₦62,000.00",00/00/0000,2025/11/01,In Transit,Kwik Delivery,Bank Transfer,nil
ORD-2026-10223,Blessing Suleiman,blessing415@yahoo.com,234-868-633-752,"42 Ahmadu Bello Way, Wuse, Lagos State, Nigeria",Blender,Home Appliances,1,"NGN 18,000",10.08.2025,20.08.2025,In Transit,DHL,POD,4
ORD-2026-10441,Bola Bello,bola332@gmail.com,(184) 498-9266,"121 Allen Avenue, Wuse, Kaduna State, Nigeria   ",Office Chair,Home & Office,?,"45,000.00 ",2026/01/26,02/05/2026,DELIVERED,Jumia Express,card,2
ORD-2026-10219,Grace Suleiman,grace245@outlook.com,(087) 406-4039,"18 Ahmadu Bello Way, Surulere, Abuja State, Nigeria",Blender,Home Appliances,1,18000,2025-05-01,06-May-2025,Processing,-,Wallet,4
ORD-2026-10321,Aliyu Okonkwo,aliyu450@gmail.com,00323651994,"138 Awolowo Road, Lekki, Kano State, Nigeria",Blender,Home Appliances,1,"₦18,000.00",06/08/2025,,DELIVERED,gig logistics,Card,2
ORD-2026-10276,Fatima Olawale,  ,0225 790 5072,"21 Ahmadu Bello Way, Ikeja, Kaduna State, Nigeria",Blender,Home Appliances,nil,"N18,000",2025-08-20,2025-08-28,Delivered,GIGL,Pay on Delivery,1
ORD-2026-10102,Yusuf Eze,yusuf266@gmail.com,234-367-136-959,"4 Ogui Road, Victoria Island, Kaduna State, Nigeria",Bluetooth Speaker,Electronics,-1,--,15/02/2026,25-Feb-2026,In Transit,Kwik Delivery,Wallet,6
ORD-2026-10391,Sadiq Mohammed,sadiq763@gmail.com,(169) 797-2965,"72 Ogui Road, Lekki, Rivers State, Nigeria",Ladies Handbag,Fashion,1,13500,17/03/2025,23/03/2025,DELIVERED,GIG Logistics,card,Unknown
ORD-2026-10455,Obinna Nwosu,NULL,(063) 565-1269,"57 Adeola Odeku St, Surulere, Kano State, Nigeria",Kids Backpack,Fashion,1,"N7,000",02/14/2025,2025/02/23,DELIVERED,gig logistics,Bank Transfer,6
ORD-2026-10070,Chidi Yusuf,chidi951@yahoo.com,(685) 574-4431,"10 Allen Avenue, Wuse, Oyo State, Nigeria",Ladies Handbag,Fashion,1,"₦13,500.00",2026-05-26,2026/05/28,In Transit,gig logistics,Pay on Delivery,1
ORD-2026-10424,Adaeze Afolabi,adaeze981@yahoo.com,66506180919,"134 Opebi Road, Port Harcourt, Lagos State, Nigeria",Wireless Earbuds,Electronics,1,12000.00 naira,00/00/0000,20-Feb-2026,Delivered,DHL,card,0
ORD-2026-10145,Chidi Chukwu   ,chidi581@gmail.com,(255) 466-5905,"55 Opebi Road, Victoria Island, Abuja State, Nigeria",Office Chair,Home & Office,1,"NGN 45,000",19/02/2026,2026-03-01,delivered,Jumia Express,Pay on Delivery,N/A
ORD-2026-10103,Bisi Eze,bisi3@gmail.com,,"147 Ogui Road, Lekki, Abuja State, Nigeria",Blender,Home Appliances,1,"₦18,000.00",11.06.2025,,DELIVERED,Jumia Express,Wallet,0
ORD-2026-10330,Emeka Afolabi,emeka471@gmail.com,(590) 599-2937,"95 Adeola Odeku St, Enugu, Lagos State, Nigeria",Smartphone Case,Electronics,1,"N2,500",N/A,09/24/2025,Pending,NULL,Wallet,0
ORD-2026-10280,  obinna ogundimu,obinna508@gmail.com,07836134074,"85 Ahmadu Bello Way, Garki, Oyo State, Nigeria",Blender,Home Appliances,1,"NGN 18,000",01/08/2026,09/01/2026,delivered,GIG Logistics,Pay on Delivery,3
ORD-2026-10388,Funmilayo Olawale,funmilayo364@yahoo.com,04556110022,"28 Ogui Road, Ikeja, Lagos State, Nigeria",Bluetooth Speaker,Electronics,1,9000.00 naira,04/02/2025,12 April 2025,Pending,Jumia Express,card,5
ORD-2026-10202,Femi Okeke,femi12@yahoo.com,(437) 575-8441,"80 Ahmadu Bello Way, Ikeja, Rivers State, Nigeria",Wireless Earbuds,Electronics,-1,12000,22/12/2025,2026/01/01,Processing,GIG Logistics,card,2
ORD-2026-10268,MUSA AJAYI,musa91@gmail.com,14010512382,"105 Opebi Road, Surulere, Kano State, Nigeria",Blender,Home Appliances,1,"N18,000",17 March 2026,18 March 2026,Returned,GIGL,Card,1
ORD-2026-10273,Chinedu Ajayi,chinedu84@outlook.com,57924991251,"122 Allen Avenue, Ikeja, Kaduna State, Nigeria",Ankara Fabric (6yds),Fashion,-1,?,05/19/2026,2026-05-20,Returned,NIL,Card,NIL
ORD-2026-10360,Amara Nnamdi,amara158@outlook.com,234-307-053-457,"132 Awolowo Road, Wuse, Kaduna State, Nigeria",Blender,Home Appliances,1,"N18,000",24-Mar-2026,2026/03/29,Processing,GIGL,Card,2
ORD-2026-10295,Chidi Afolabi,chidi244@outlook.com,19656523413,"63 Ahmadu Bello Way, Lekki, Lagos State, Nigeria",Wireless Earbuds,Electronics,1,"NGN 12,000",02/06/2025,2025-06-09,Delivered,Jumia Express,Bank Transfer,Unknown
ORD-2026-10289,Amara Adeyemi,amara729@yahoo.com,+234632424154,"24 Awolowo Road, Enugu, Rivers State, Nigeria",Ladies Handbag,Fashion,2,"N13,500",25-Sep-2025,28/09/2025,DELIVERED,gig logistics,Pay on Delivery,  
ORD-2026-10270,adaeze ajayi,NULL,(609) 379-6603,"84 Adeola Odeku St, Ikeja, Kaduna State, Nigeria",Smartphone Case,Electronics,-1,"NGN 2,500",28/04/2025,05/05/2025,Processing,Kwik Delivery,POD,Unknown
ORD-2026-10165,Ngozi Yusuf,ngozi307@gmail.com,(548) 687-4034,"  3 Allen Avenue, Victoria Island, Rivers State, Nigeria",Blender,Home Appliances,2,"NGN 18,000",2025/06/14,21/06/2025,DELIVERED,gig logistics,card,6
ORD-2026-10336,Zainab Afolabi,zainab489@outlook.com,invalid,"96 Allen Avenue, Lekki, Kaduna State, Nigeria   ",Smartphone Case,Electronics,-1,2500,02/14/2025,2025/02/19,delivered,Speedaf,POD,n/a
ORD-2026-10340,ngozi ogundimu   ,ngozi987@outlook.com,32710405411,"21 Ogui Road, Lekki, Kaduna State, Nigeria",Men's Sneakers,Fashion,1,15000.00 naira,2025-04-24,00/00/0000,Returned,Jumia Express,card,1
ORD-2026-10047,  Tunde Mohammed,tunde476@outlook.com,(134) 332-0037,"66 Adeola Odeku St, Victoria Island, Oyo State, Nigeria",Kids Backpack,Fashion,1,"NGN 7,000",2025-06-01,2025/06/03,Processing,GIGL,Card,3
ORD-2026-10267,Ifeoma Yusuf,ifeoma126@outlook.com,0573 875 7177,"73 Adeola Odeku St, Victoria Island, Kaduna State, Nigeria",Smartphone Case,Electronics,1,2500.00 naira,26-May-2026,06/05/2026,In Transit,GIGL,Wallet,2
ORD-2026-10051,femi nnamdi,femi829@gmail.com,invalid,"10 Ogui Road, Garki, Oyo State, Nigeria",Wireless Earbuds,Electronics,3,12000.00 naira,2026/03/02,2026-03-06,In Transit,GIGL,POD,5
ORD-2026-10420,Bisi Olawale,bisi784@gmail.com,85887704358,"116 Ogui Road, Enugu, Lagos State, Nigeria",Blender,Home Appliances,1,?,30/06/2025,,Returned,Jumia Express,card,n/a
ORD-2026-10430,Amara Okafor,amara797@outlook.com,(878) 141-4139,"149 Opebi Road, Lekki, Kaduna State, Nigeria",Air Fryer,Home Appliances,2,"NGN 62,000",2025-07-04,07-Jul-2025,Processing,gig logistics,card,2
ORD-2026-10387,Ngozi Ajayi   ,ngozi903@gmail.com,01143744701,"67 Awolowo Road, Garki, Rivers State, Nigeria",Kids Backpack,Fashion,3,"₦7,000.00",07.01.2026,01/10/2026,DELIVERED,Speedaf,Wallet,0
ORD-2026-10363,CHIDI  YUSUF   ,chidi486@yahoo.com,234-333-346-800,"62 Adeola Odeku St, Garki, Kaduna State, Nigeria",Bluetooth Speaker,Electronics,3,9000,unknown date,N/A,In Transit,,card,0
ORD-2026-10460,  Segun Balogun,Unknown,invalid,"87 Opebi Road, Lekki, Oyo State, Nigeria",Smartphone Case,Electronics,?,"N2,500",05/28/2025,07 June 2025,Returned,  ,Pay on Delivery,5
ORD-2026-10432,Tobi Mohammed,tobi873@gmail.com,(759) 492-9955,"83 Adeola Odeku St, Surulere, Kano State, Nigeria",Air Fryer,Home Appliances,1,62000,2025-11-20,25.11.2025,Processing,DHL,Bank Transfer,0
ORD-2026-10416,Blessing Afolabi,blessing259@yahoo.com,05158328182,"13 Opebi Road, Wuse, Lagos State, Nigeria",Air Fryer,Home Appliances,-1,"NGN 62,000",unknown date,2026-04-24,Delivered,Kwik Delivery,Pay on Delivery,N/A
ORD-2026-10246,  Chinedu Suleiman,chinedu153@gmail.com,(148) 902-5039,"59 Allen Avenue, Enugu, Abuja State, Nigeria",Power Bank 20000mAh,Electronics,1,"N11,000",2026/06/01,06-Jun-2026,DELIVERED,Jumia Express,Pay on Delivery,null
ORD-2026-10031,Ngozi Ogundimu,ngozi557@yahoo.com,+234513542784,"138 Opebi Road, Garki, Rivers State, Nigeria",Kids Backpack,Fashion,2,"NGN 7,000",20-Apr-2026,,In Transit,gig logistics,Wallet,4
ORD-2026-10184,Ifeoma Adeyemi,ifeoma44@gmail.com,64710276773,"134 Allen Avenue, Enugu, Kano State, Nigeria",LED TV 43-inch,Electronics,3,185000.00 naira,26.12.2025,2026-01-03,Delivered,gig logistics,Pay on Delivery,4
ORD-2026-10022,Amaka Ogundimu,amaka667@yahoo.com,0651 333 8726,"40 Opebi Road, Victoria Island, Kaduna State, Nigeria",Blender,Home Appliances,-1,"N18,000",05/03/2026,05-May-2026,Returned,GIGL,card,0
ORD-2026-10207,Chioma Olawale,chioma504@gmail.com,0540 193 8026,"16 Awolowo Road, Wuse, Abuja State, Nigeria",Office Chair,Home & Office,1,45000.00 naira,15/08/2025,,Processing,GIGL,Wallet,2
ORD-2026-10407,Adaeze Adekunle,adaeze863@gmail.com,09452288515,"51 Ogui Road, Port Harcourt, Abuja State, Nigeria",Wireless Earbuds,Electronics,1,"N12,000",16-Sep-2025,,Pending,Jumia Express,Pay on Delivery,3
ORD-2026-10097,Wale Mohammed,wale257@gmail.com,+234913431611,"78 Adeola Odeku St, Wuse, Lagos State, Nigeria",Smartphone Case,Electronics,1,"₦2,500.00",01/19/2026,22 January 2026,In Transit,-,Card,6
ORD-2026-10252,Bola Bello,bola771@outlook.com,0754 121 2678,"66 Adeola Odeku St, Surulere, Kano State, Nigeria",LED TV 43-inch,Electronics,3,185000,15/08/2025,24-Aug-2025,DELIVERED,Speedaf,card,--
ORD-2026-10419,Emeka Balogun,emeka610@yahoo.com,(930) 561-6484,"74 Ogui Road, Enugu, Oyo State, Nigeria",Men's Sneakers,Fashion,-1,15000,2025/07/17,24/07/2025,Pending,gig logistics,Bank Transfer,Unknown
ORD-2026-10123,Chinedu Nnamdi,chinedu494@gmail.com,234-711-116-152,"96 Ahmadu Bello Way, Wuse, Rivers State, Nigeria",Smartphone Case,Electronics,3,2500,2025-03-25,03/04/2025,DELIVERED,gig logistics,Pay on Delivery,unknown
ORD-2026-10073,  Femi Nnamdi,femi94@outlook.com,+234008427109,"52 Ahmadu Bello Way, Victoria Island, Abuja State, Nigeria",Wireless Earbuds,Electronics,1,"₦12,000.00",01.04.2026,02.04.2026,Delivered,gig logistics,Card,1
ORD-2026-10188,Ibrahim Ajayi,null,0787 747 0168,"147 Ahmadu Bello Way, Victoria Island, Kano State, Nigeria",Ankara Fabric (6yds),Fashion,1,"9,500.00 ",11-Jan-2026,,Processing,DHL,card,2
ORD-2026-10127,MUSA  AFOLABI,musa330@outlook.com,80940244550,"110 Opebi Road, Port Harcourt, Kano State, Nigeria",Ladies Handbag,Fashion,1,"13,500.00 ",08/04/2025,18/04/2025,Delivered,DHL,Wallet,0
ORD-2026-10174,Femi Abubakar,,(947) 312-1727,"   97 Ahmadu Bello Way, Wuse, Rivers State, Nigeria",Air Fryer,Home Appliances,1,"NGN 62,000",16.11.2025,21 November 2025,Cancelled,-,Pay on Delivery,?
ORD-2026-10034,Emeka Lawal,emeka471@yahoo.com,0164 005 2427,"150 Adeola Odeku St, Surulere, Kano State, Nigeria",Smartphone Case,Electronics,3,"₦2,500.00",2026-01-16,21-Jan-2026,Processing,Speedaf,Pay on Delivery,4
ORD-2026-10284,Funmilayo Afolabi   ,N/A,(422) 325-3672,"116 Opebi Road, Port Harcourt, Kano State, Nigeria",Ladies Handbag,Fashion,3,13500,16/12/2025,,delivered,GIG Logistics,Bank Transfer,2
ORD-2026-10343,Amaka Ogundimu,amaka67@yahoo.com,+234884443106,"28 Allen Avenue, Victoria Island, Kaduna State, Nigeria",Kids Backpack,Fashion,3,"NGN 7,000",N/A,2026-05-10,Delivered,Kwik Delivery,Card,6
ORD-2026-10060,Zainab Lawal,zainab353@gmail.com,09232719374,"135 Opebi Road, Port Harcourt, Oyo State, Nigeria",Wireless Earbuds,Electronics,1,"₦12,000.00",23.08.2025,,Pending,Kwik Delivery,Pay on Delivery,2
ORD-2026-10230,Funmilayo Okonkwo,funmilayo81@yahoo.com,08668826343,"78 Allen Avenue, Lekki, Abuja State, Nigeria",Air Fryer,Home Appliances,  ,62000.00 naira,,2026/02/27,Delivered,N/A,card,2
ORD-2026-10402,Chioma Adekunle,chioma106@outlook.com,(637) 351-6091,"144 Ahmadu Bello Way, Surulere, Lagos State, Nigeria",Blender,Home Appliances,3,18000,2026-02-28,10-Mar-2026,Returned,NULL,Pay on Delivery,1
ORD-2026-10200,Bola Okafor,bola140@gmail.com,0857 865 2785,"37 Ogui Road, Enugu, Kaduna State, Nigeria",Ankara Fabric (6yds),Fashion,1,9500,06-Feb-2025,02/14/2025,Cancelled,Speedaf,card,4
ORD-2026-10426,Ifeoma Chukwu,ifeoma163@outlook.com,0660 728 3268,"145 Awolowo Road, Wuse, Rivers State, Nigeria",Office Chair,Home & Office,1,"45,000.00 ",25 May 2025,06/01/2025,Delivered,GIGL,Bank Transfer,2
ORD-2026-10281,bisi chukwu,bisi252@gmail.com,234-171-339-596,"12 Allen Avenue, Surulere, Abuja State, Nigeria",Kids Backpack,Fashion,  ,"₦7,000.00",14/05/2026,05/18/2026,delivered,GIGL,Pay on Delivery,5
ORD-2026-10338,Obinna Olawale,obinna663@yahoo.com,04331541006,"104 Opebi Road, Victoria Island, Lagos State, Nigeria",Wireless Earbuds,Electronics,-1,"NGN 12,000",09/28/2025,30/09/2025,Processing,Jumia Express,POD,N/A
ORD-2026-10233,Tobi Chukwu   ,tobi411@outlook.com,+234317393638,"46 Allen Avenue, Enugu, Kaduna State, Nigeria",Wireless Earbuds,Electronics,2,"₦12,000.00",2026/05/27,06.06.2026,DELIVERED,DHL,card,4
ORD-2026-10173,Bisi Okeke,bisi905@gmail.com,0027 868 1447,"92 Ogui Road, Enugu, Kaduna State, Nigeria",Smartphone Case,Electronics,-1,2500.00 naira,2025-03-27,2025-04-05,delivered,Speedaf,Wallet,6
ORD-2026-10314,Femi Ogundimu,femi705@gmail.com,,"36 Ahmadu Bello Way, Enugu, Kaduna State, Nigeria",LED TV 43-inch,Electronics,1,"NGN 185,000",01/04/2026,2026-01-11,Processing,Speedaf,Pay on Delivery,4
ORD-2026-10080,Chidi Suleiman,chidi423@gmail.com,36183242102,"126  Adeola Odeku St, Ikeja, Oyo State, Nigeria",Blender,Home Appliances,1,18000,13/04/2025,,DELIVERED,NIL,Bank Transfer,5
ORD-2026-10309,Femi Bello,femi401@gmail.com,51802380617,"87 Opebi Road, Enugu, Rivers State, Nigeria",Kids Backpack,Fashion,1,7000.00 naira,2025-02-12,22/02/2025,Processing,Speedaf,card,2
ORD-2026-10099,Segun Afolabi,segun255@outlook.com,234-869-222-196,"81 Adeola Odeku St, Surulere, Rivers State, Nigeria",Air Fryer,Home Appliances,-1,"62,000.00 ",2025-08-16,2025/08/26,DELIVERED,DHL,Pay on Delivery,4
ORD-2026-10255,Chidi Ajayi,chidi6@yahoo.com,0622 444 7212,"67 Ogui Road, Lekki, Kano State, Nigeria",Power Bank 20000mAh,Electronics,1,"N11,000",2025/03/13,23 March 2025,delivered,gig logistics,POD,0
ORD-2026-10052,Chioma Nnamdi,unknown,(714) 345-5812,"136 Opebi Road, Victoria Island, Abuja State, Nigeria",Ladies Handbag,Fashion,1,13500.00 naira,06/03/2026,11 March 2026,Cancelled,GIGL,Pay on Delivery,6
ORD-2026-10091,  kemi lawal,kemi177@outlook.com,(982) 146-5840,"136 Ogui Road, Garki, Oyo State, Nigeria",Power Bank 20000mAh,Electronics,2,"NGN 11,000",31/03/2025,03-Apr-2025,Cancelled,Kwik Delivery,Pay on Delivery,4
ORD-2026-10086,Musa Ajayi,musa338@yahoo.com,15451680876,"51 Opebi Road, Lekki, Abuja State, Nigeria",Bluetooth Speaker,Electronics,-1,"NGN 9,000",10/12/2025,2025-10-15,Processing,gig logistics,Wallet,5
ORD-2026-10266,Ngozi Nnamdi,ngozi765@gmail.com,05071461125,"136 Allen Avenue, Surulere, Kano State, Nigeria",Ladies Handbag,Fashion,-1,"₦13,500.00",23/09/2025,2025-09-25,Processing,DHL,Pay on Delivery,2
ORD-2026-10303,Segun Olawale,N/A,234-904-210-202,"26 Allen Avenue, Enugu, Kaduna State, Nigeria",Air Fryer,Home Appliances,1,"NGN 62,000",2026/06/15,2026/06/23,Returned,GIG Logistics,Bank Transfer,1
ORD-2026-10093,Bisi Lawal,bisi43@outlook.com,0867 533 9636,"141 Ahmadu Bello Way, Lekki, Oyo State, Nigeria",Air Fryer,Home Appliances,-1,62000.00 naira,03.03.2026,,Pending,GIGL,Pay on Delivery,6
ORD-2026-10350,Ngozi Nnamdi,ngozi858@outlook.com,09899217223,"31 Ogui Road, Port Harcourt, Kaduna State, Nigeria",Wireless Earbuds,Electronics,NIL,12000.00 naira,18 March 2026,2026/03/21,delivered,Jumia Express,Pay on Delivery,NULL
ORD-2026-10179,Halima Adekunle,halima19@yahoo.com,08922680182,"  141 Opebi Road, Victoria Island, Kaduna State, Nigeria",Power Bank 20000mAh,Electronics,1,11000.00 naira,07/11/2025,2025/11/12,delivered,GIGL,Bank Transfer,6
ORD-2026-10056,ADAEZE ABUBAKAR,adaeze917@yahoo.com,70656272980,"74 Awolowo Road, Ikeja, Kaduna State, Nigeria",LED TV 43-inch,Electronics,2,185000.00 naira,2025/06/10,17.06.2025,Cancelled,Kwik Delivery,Card,1
ORD-2026-10150,Musa Eze,musa421@gmail.com,(805) 929-6222,"59 Opebi Road, Garki, Kaduna State, Nigeria   ",Ankara Fabric (6yds),Fashion,1,"NGN 9,500",05-Aug-2025,2025/08/15,Processing,GIG Logistics,card,4
ORD-2026-10160,Sadiq Adekunle,sadiq430@outlook.com,0893 246 0953,"48 Ahmadu Bello Way, Wuse, Abuja State, Nigeria   ",Blender,Home Appliances,1,"₦18,000.00",12/11/2025,18.12.2025,Cancelled,Speedaf,Pay on Delivery,4
ORD-2026-10407,Adaeze Adekunle,adaeze863@gmail.com,09452288515,"51 Ogui Road, Port Harcourt, Abuja State, Nigeria",Wireless Earbuds,Electronics,1,"N12,000",16-Sep-2025,,Pending,Jumia Express,Pay on Delivery,3
ORD-2026-10414,ADAEZE ABUBAKAR,adaeze493@gmail.com,+234484229405,"78 Opebi Road, Lekki, Rivers State, Nigeria",Ankara Fabric (6yds),Fashion,2,"N9,500",08.05.2025,05/09/2025,DELIVERED,gig logistics,Wallet,0
