SubscriberID,FullName,PhoneNumber,Network,PlanType,RegistrationDate,DataBundle,DataUsed_MB,CallMinutesUsed,SMSCount,MonthlySpend,State,SIM_Status,NIN_Linked
SUB600444,obinna nwosu,03222591365,glo,Postpaid,29/04/2019,5 gb,99999,-10,29,"N22,349",Imo,Suspended,true
SUB600447,  FATIMA OLAWALE,(286) 990-4137,mtn,Prepaid,11/12/2021,10GB,3492.2,-10,22,15259.19,Rivers,active,true
SUB600437,Obinna Okafor,(639) 427-8816,Glo,Pay As You Go,01.03.2019,No active bundle,-50,88,381,4684.0,Anambra,Inactive,0
SUB600296,Sadiq Abubakar   ,234-999-404-389,AIRTEL,Pay As You Go,2018/03/26,2GB,-50,-10,243,"₦15,208.35",Enugu,Suspended,FALSE
SUB600294,Yusuf Afolabi,234-532-697-311,MTN,prepaid,2024/05/26,2GB,7363.3,-10,41,17838.81 naira,Edo,Suspended,FALSE
SUB600311,Amara Okafor,(493) 759-7383,AIRTEL,PAYG,05.05.2021,No active bundle,3625.2,2731,266,3078.06 naira,Kano,Suspended,0
SUB600440,Kemi Yusuf,0303 856 7700,9mobile,Pay As You Go,28 July 2019,5 gb,7387.8,-10,297,15628.14 naira,lagos,Inactive,No
SUB600263,Grace Yusuf,(058) 911-3529,AIRTEL,Postpaid,2021/09/18,2 GB,-50,1961,282,"N1,107",Kano,Suspended,Yes
SUB600286,Wale Ogundimu,,glo,POSTPAID,19-Oct-2019,500MB,99999,411,--,"15,251.84 ",Plateau,Suspended,0
SUB600260,Tobi  Suleiman,+234193982807,glo,Pay As You Go,03-Sep-2022,No active bundle,-50,-10,356,13937.48 naira,Ogun,Inactive,yes
SUB600445,  Adaeze Olawale,77739260302,MTN,Postpaid,03.05.2018,No active bundle,3371.2,-10,486,18612.59,Delta,Inactive,yes
SUB600336,Halima Suleiman,06902959391,Glo,Prepaid,2023-08-18,10GB,-50,-10,309,24960.92,Plateau,BLACKLISTED,yes
SUB600013,Ibrahim Okonkwo,51462704828,mtn,Prepaid,22 February 2022,1.5GB,99999,-10,54,"NGN 4,308",Kano,Inactive,true
SUB600062,Amaka Ogundimu,234-663-193-149,Airtel,POSTPAID,2020-06-28,N/A,7077.0,-10,unknown,"₦17,553.76",Plateau,active,0
SUB600100,Segun Suleiman,03792374740,Glo,POSTPAID,03/01/2019,5 gb,99999,2342,86,7877.72 naira,FCT,active,yes
SUB600175,Fatima Nnamdi   ,(551) 884-4225,AIRTEL,prepaid,2025-07-01,No active bundle,-50,-10,334,"NGN 2,407",Imo,Inactive,TRUE
SUB600150,Yusuf Balogun,(805) 929-6222,mtn,Pay As You Go,2021/06/07,5GB,-50,1471,464,"NGN 10,383",Plateau,Inactive,N
SUB600185,Bisi Olawale,05925556258,9mobile,Prepaid,23-Sep-2020,10GB,-50,-10,264,"NGN 17,670",Oyo State,Active,TRUE
SUB600039,Musa Balogun,75433036541,MTN,POSTPAID,28.05.2018,2GB,99999,118,28,"₦9,683.61",Anambra,active,FALSE
SUB600064,Ngozi Yusuf,(716) 572-6284,mtn,Pay As You Go,22 January 2026,unknown,--,-10,182,8947.66,Edo,Active,FALSE
SUB600188,Chinedu Okafor,(787) 747-0168,glo,prepaid,2025-09-24,10GB,-50,-10,217,"NGN 17,667",Akwa Ibom,active,yes
SUB600412,Aliyu Mohammed,234-439-735-989,mtn,Postpaid,24/06/2024,5GB,-50,-10,81,"₦5,492.18",Enugu,Active,true
SUB600060,FUNMILAYO AJAYI,00923271937,9mobile,prepaid,06/04/2025,2 GB,-50,1838,158,  ,Ogun,active,0
SUB600274,Yusuf Okafor,(341) 252-8669,AIRTEL,PAYG,02/14/2022,1000MB,-50,NULL,173,21178.72 naira,Kano,Active ,0
SUB600275,Bisi Okeke,96627828274,mtn,POSTPAID,14 February 2021,1.5GB,99999,-10,118,"₦3,797.91",Lagos,active,true
SUB600137,GRACE AJAYI   ,0681 645 3521,9mobile,POSTPAID,2025-06-04,2GB,3842.6,-10,unknown,"NGN 11,894",Oyo,Inactive,false
SUB600361,Aliyu Okafor,+234103579727,AIRTEL,prepaid,2019/03/09,2GB,-50,-10,354,"N5,983",Imo,BLACKLISTED,No
SUB600169,Chidi Ajayi,02757059640,Glo,Pay As You Go,12.03.2025,1.5GB,99999,-10,n/a,"₦13,569.96",Enugu,BLACKLISTED,yes
SUB600329,Ifeoma Suleiman,234-039-652-239,Glo,Prepaid,2024/07/18,Unknown,6204.0,2291,100,"NGN 16,194",Fct Abuja,Active ,false
SUB600417,Tunde Okeke,88615335554,Glo,prepaid,29 May 2022,1000MB,99999,1531,Unknown,6700.06 naira,Ogun,Active ,TRUE
SUB600113,Bisi Afolabi,+234064317139,Airtel,Postpaid,10.07.2019,10GB,-50,2004,137,"₦9,691.72",Cross River,Active,1
SUB600134,  Funmilayo Balogun,0838 851 6060,MTN,prepaid,2019/07/31,2GB,-50,unknown,375,4575.29 naira,Imo,active,no
SUB600271,Tobi Okafor,+234191825537,Airtel,PAYG,20/05/2021,5GB,6036.4,-10,437,"NGN 18,350",Ogun,Active,No
SUB600318,musa olawale,04741124903,MTN,Postpaid,30 August 2018,No active bundle,99999,-10,unknown,"₦14,051.47",lagos,Active,yes
SUB600270,Halima Olawale,+234093796603,Airtel,Postpaid,13-Sep-2024,nil,-50,1766,16,"₦13,080.24",Abuja,Active,No
SUB600125,  Blessing Balogun,+234451983273,Glo,prepaid,06.03.2022,1000MB,99999,-10,38,3834.74,abuja,active,0
SUB600021,Kunle Ogundimu,0311 656 6701,mtn,PAYG,01-Jul-2019,5 gb,99999,-10,126,7294.13,Delta,Active ,N
SUB600084,  Musa Bello,07429671756,Glo,POSTPAID,20.12.2019,1.5GB,99999,2960,184,"₦2,022.05",Oyo State,Active ,No
SUB600232,Blessing Bello,0013 983 7354,9mobile,Prepaid,23.12.2023,No active bundle,4724.3,-10,120,16905.33,Plateau,BLACKLISTED,0
SUB600450,sadiq bello,invalid,MTN,Pay As You Go,2018-03-19,1.5GB,3077.3,-10,318,10974.96,Plateau,Active,No
SUB600136,Zainab Okafor   ,52975161369,mtn,PAYG,01 June 2023,1.5GB,99999,392,281,"NGN 4,263",Enugu,Active,yes
SUB600381,Aliyu Lawal,05064890901,glo,prepaid,02/02/2018,1000MB,-50,422,437,"NGN 16,045",Rivers State,Inactive,Y
SUB600344,Chioma Adeyemi,87205061497,AIRTEL,POSTPAID,07/03/2020,2GB,85.9,1792,142,"₦4,679.43",Abuja,BLACKLISTED,false
SUB600466,Segun Suleiman,+234184518489,AIRTEL,POSTPAID,14-Sep-2024,500MB,3847.7,1630,247,"N21,668",Edo,Inactive,Yes
SUB600319,Amara Eze,(213) 568-0442,9mobile,POSTPAID,2024/03/19,5 gb,99999,1529,275,"N24,053",Lagos State,BLACKLISTED,yes
SUB600183,Wale Nnamdi,39690784473,Airtel,Pay As You Go,14/05/2025,500MB,n/a,-10,180,"NGN 10,434",Lagos,Active,No
SUB600195,  Ibrahim Okafor,02694958887,glo,POSTPAID,30 September 2019,10GB,0.7,-10,223,4500.1,Enugu,active,N
SUB600115,Amara Lawal,0000000000,MTN,Prepaid,06/19/2019,2 GB,99999,1752,465,"₦16,424.93",Imo,Suspended,No
SUB600452,chioma  adeyemi,06865086376,Glo,prepaid,28-May-2024,,-50,-10,284,?,Anambra,Suspended,No
SUB600052,Yusuf Chukwu,07143455812,MTN,Postpaid,28 October 2021,1GB,-50,-10,226,5781.44 naira,Kaduna,active,No
SUB600118,CHIDI BELLO   ,(178) 390-8470,Glo,PAYG,unknown date,10GB,-50,-10,401,23889.45 naira,ABUJA,Active,TRUE
SUB600014,Sadiq Adekunle,01489325288,AIRTEL,POSTPAID,10/02/2025,1GB,-50,1072,282,"₦14,242.22",Imo,Active ,Y
SUB600212,Kemi Chukwu,234-530-463-745,9mobile,Pay As You Go,05/28/2025,10GB,6914.3,Unknown,156,"₦10,138.30",Kaduna,Active ,no
SUB600273,Tunde Nnamdi,05792499125,MTN,prepaid,24-Mar-2023,1.5GB,-50,-10,208,"₦21,456.46",Abuja,active,true
SUB600436,Tobi Nnamdi,(693) 084-8872,AIRTEL,POSTPAID,2024/07/22,5GB,5914.9,-10,102,N501,Abuja,Inactive,N
SUB600457,segun balogun,+234725887449,mtn,Postpaid,07-Aug-2022,No active bundle,99999,-10,41,"₦12,873.14",Delta,Active ,N
SUB600341,Tobi Lawal,(526) 218-1599,AIRTEL,PAYG,12/16/2025,1GB,99999,1635,466,12528.49 naira,Lagos,Suspended,true
SUB600277,Blessing Adeyemi,68876767721,Airtel,POSTPAID,2022-12-18,1000MB,99999,-10,350,"N12,011",Rivers,active,yes
SUB600416,Funmilayo Mohammed,234-158-328-182,9mobile,Postpaid,2018-05-01,5 gb,99999,-10,204,"₦6,627.28",Akwa Ibom,Active ,yes
SUB600127,EMEKA EZE,80940244550,AIRTEL,PAYG,03 March 2024,1.5GB,3696.3,264,227,"2,753.48 ",Cross River,Suspended,No
SUB600033,KEMI NNAMDI,44935348740,glo,Pay As You Go,07/07/2022,1.5GB,-50,-10,226,"N4,946",Edo,active,No
SUB600411,Kemi Adekunle,0000000000,MTN,Prepaid,unknown date,5 gb,-50,1372,220,"₦24,350.51",Edo,active,Yes
SUB600342,Segun Yusuf,(062) 962-0153,AIRTEL,POSTPAID,2023/02/13,5GB,3128.7,2861,445,22122.62 naira,Edo,Active,false
SUB600068,ngozi balogun,234-367-837-770,9mobile,Prepaid,23 May 2018,500MB,99999,n/a,255,"₦22,881.79",Cross River,Suspended,false
SUB600432,tobi okafor,07594929955,AIRTEL,prepaid,2021/12/13,10GB,399.2,-,127,16107.59 naira,Imo,Active,yes
SUB600350,Emeka Olawale,98992172233,Airtel,PAYG,04/08/2018,No active bundle,2741.8,-10,33,"₦2,214.63",Edo,Inactive,N
SUB600366,Tunde Mohammed,08589944171,Glo,POSTPAID,01 June 2022,5GB,99999,593,383,"NGN 16,455",Akwa Ibom,BLACKLISTED,No
SUB600186,Obinna Olawale,15371473210,Airtel,prepaid,01/02/2020,10GB,99999,436,346,"₦12,570.29",Akwa Ibom,BLACKLISTED,Yes
SUB600400,Chinedu Okeke,234-130-554-885,Airtel,Postpaid,08/09/2019,2GB,-50,883,82,12789.69,Anambra,Suspended,0
SUB600153,Chinedu Okafor,+234862392407,MTN,Pay As You Go,2020/08/18,2GB,5373.1,-10,25,"₦4,780.19",Oyo State,active,false
SUB600208,Aliyu Eze,00672400499,AIRTEL,PAYG,2022-11-14,Unknown,6958.3,1338,344,10125.63 naira,Ogun,BLACKLISTED,TRUE
SUB600132,Ngozi Okeke,234-403-690-034,MTN,prepaid,2018/03/31,1000MB,5637.6,1321,374,19900.14,Rivers,BLACKLISTED,false
SUB600058,Funmilayo Balogun,65375564641,glo,PAYG,05 April 2025,5GB,99999,-10,335,"N10,103",Fct Abuja,Active ,no
SUB600067,musa okonkwo,0354 549 4808,Glo,POSTPAID,unknown date,No active bundle,-50,234,207,"N20,127",Lag,Active ,0
SUB600324,Fatima Okafor,24472099934,mtn,POSTPAID,00/00/0000,1GB,99999,-10,265,9356.06,Imo,Active ,N
SUB600467,Kemi Nnamdi,0769 735 7790,Glo,Prepaid,2021/04/06,10GB,-50,-10,293,13632.32,Abuja,BLACKLISTED,FALSE
SUB600075,Halima Ogundimu,0719 022 9413,mtn,POSTPAID,08/03/2023,No active bundle,unknown,-10,4,11057.73,Cross River,active,no
SUB600332,chioma eze,(705) 932-5250,9mobile,PAYG,07/17/2019,5GB,2707.1,-10,219,"₦6,491.47",Ogun,BLACKLISTED,N
SUB600405,Fatima Adeyemi,234-669-346-547,Glo,PAYG,04/24/2023,2GB,1691.9,-10,268,"₦22,380.30",Lagos State,Suspended,yes
SUB600367,Kunle Mohammed,05454443283,MTN,prepaid,08/10/2025,1GB,-50,-10,321,"₦6,502.52",Enugu,active,yes
SUB600106,Obinna Chukwu,08588424745,Glo,Prepaid,05/11/2023,1GB,-50,2773,379,"₦4,774.10",Anambra,active,0
SUB600057,Funmilayo Ajayi,234-990-162-720,AIRTEL,Prepaid,02/11/2020,1GB,3805.0,1799,469,"NGN 10,515",Ogun,Active,true
SUB600204,Kemi Nnamdi,+234733848421,mtn,Prepaid,12/01/2024,5 gb,325.2,2690,485,18855.26 naira,Abuja,BLACKLISTED,no
SUB600200,Musa Mohammed,08578652785,MTN,prepaid,2025/09/20,5 gb,2971.2,-10,403,9009.28,Lagos,Suspended,false
SUB600206,Fatima Bello,(712) 082-6773,MTN,Pay As You Go,2024-02-13,1GB,99999,1289,482,"N7,261",Anambra,BLACKLISTED,FALSE
SUB600026,Zainab Yusuf,(098) 050-0978,glo,Prepaid,22-Feb-2019,  ,99999,-10,491,22343.59 naira,Rivers State,BLACKLISTED,TRUE
SUB600375,Bisi Nwosu,234-743-292-712,glo,POSTPAID,2025-12-07,1000MB,-50,-10,44,"NGN 10,460",Abuja,Active,false
SUB600297,Aliyu Afolabi,36403761379,AIRTEL,Pay As You Go,03-Feb-2020,nil,99999,608,153,"NGN 13,316",Lagos,Active,TRUE
SUB600029,IBRAHIM ADEKUNLE,0543 534 6247,Glo,PAYG,14.01.2021,5 gb,99999,-10,91,"₦17,846.45",Lagos,BLACKLISTED,yes
SUB600312,   Ngozi Afolabi,0060 385 0506,mtn,Pay As You Go,06-Feb-2019,1.5GB,6627.5,-10,213,"₦4,036.48",Plateau,active,Y
SUB600272,bisi okafor,+234785969691,mtn,PAYG,2024/06/26,No active bundle,99999,439,194,13099.15 naira,Cross River,Suspended,No
SUB600373,   CHIOMA OKAFOR,234-684-602-235,Glo,prepaid,12.11.2022,10GB,7712.1,-10,400,4805.42,Oyo,active,No
SUB600018,Tobi Abubakar,(713) 315-0983,Glo,PAYG,2024/01/15,1.5GB,2913.8,-10,283,10800.94,Imo,Inactive,FALSE
SUB600036,Amaka Lawal,+234620450533,mtn,Pay As You Go,08/29/2022,2GB,7842.0,-10,259,562.85,Akwa Ibom,BLACKLISTED,FALSE
SUB600317,Kunle Suleiman,01277561853,Glo,POSTPAID,13/12/2018,5 gb,-50,469,146,"₦6,761.09",Oyo,Active ,Y
SUB600037,Obinna Mohammed,58692322602,Airtel,Pay As You Go,27.05.2025,NIL,-50,-10,405,24530.04 naira,Lag,Suspended,No
SUB600091,Sadiq Mohammed,(982) 146-5840,mtn,Postpaid,2021-05-16,10GB,6446.2,-10,370,"NGN 1,763",Ogun,BLACKLISTED,Yes
SUB600233,Amara Ajayi,(331) 739-3638,glo,POSTPAID,2019/04/14,n/a,99999,2605,338,"NGN 13,516",Ogun,active,N
SUB600247,Bola Suleiman,0614 293 9685,MTN,Prepaid,2022-05-12,1GB,-50,-10,445,"N4,149",Imo,Active,Yes
SUB600238,ALIYU CHUKWU,05228728080,AIRTEL,POSTPAID,19 September 2021,1GB,-50,2557,42,2383.13,Oyo State,Suspended,yes
SUB600154,Tunde Adeyemi,234-181-412-478,9mobile,Pay As You Go,2019/04/20,2GB,77.4,-10,233,"9,950.03 ",Cross River,active,true
SUB600196,Bola Afolabi,47055169409,AIRTEL,prepaid,2020/12/13,5 gb,99999,280,56,"NGN 15,634",Ogun,active,N
SUB600345,Yusuf Balogun,234-103-241-714,Airtel,Postpaid,2022/05/20,5 gb,5371.1,2600,157,"₦15,156.03",Enugu,Inactive,N
SUB600252,Adaeze Eze   ,(754) 121-2678,mtn,prepaid,2023/01/31,500MB,99999,932,211,"NGN 9,701",Delta,BLACKLISTED,0
SUB600299,Blessing Ajayi,+234710910430,Airtel,Postpaid,08 July 2025,1.5GB,-50,N/A,6,"N12,189",Akwa Ibom,Active ,false
SUB600408,Fatima Chukwu,07996846081,Glo,prepaid,unknown date,5 gb,1678.1,-10,180,13790.44 naira,Cross River,Suspended,No
SUB600259,Blessing Ajayi,02654793564,Airtel,POSTPAID,12-Apr-2021,5GB,99999,447,356,"NGN 4,187",Edo,Active,yes
SUB600328,Chinedu Ajayi,(078) 593-2133,Airtel,PAYG,2019-02-25,1000MB,99999,761,null,14820.80 naira,Edo,Suspended,yes
SUB600203,YUSUF ADEYEMI,(866) 524-0415,Glo,Prepaid,16 June 2019,NULL,-50,-10,31,18715.2,Cross River,Active ,Yes
SUB600338,AMAKA OGUNDIMU,(433) 154-1006,MTN,prepaid,07.02.2026,5GB,2725.3,-10,214,18939.34,Plateau,BLACKLISTED,yes
SUB600234,Tobi Olawale,04678544587,mtn,Pay As You Go,04/22/2020,Unknown,99999,-10,144,6263.41,Enugu,Active ,no
SUB600011,Obinna Mohammed,(287) 101-2269,MTN,PAYG,21/01/2026,No active bundle,1519.2,Unknown,41,"₦2,178.77",Akwa Ibom,Inactive,1
SUB600401,Funmilayo Yusuf,+234272614933,mtn,PAYG,22/06/2019,1GB,-50,2241,232,"₦23,384.37",Oyo,Suspended,No
SUB600048,Halima Yusuf,01769367632,MTN,prepaid,22/05/2025,5GB,3664.3,-10,305,"N11,616",Abuja,Active,true
SUB600265,Segun Okafor,0899 375 6798,glo,POSTPAID,01.05.2022,1000MB,-50,2405,155,?,Cross River,active,No
SUB600028,Emeka Afolabi,0939 909 1699,9mobile,Prepaid,12/17/2018,1000MB,3908.6,-10,271,"N24,917",Kaduna,Active ,0
SUB600246,Femi Olawale,+234489025039,Airtel,Pay As You Go,00/00/0000,10GB,-50,-10,453,"₦18,515.44",KANO,Inactive,0
SUB600101,Kunle Balogun,(482) 175-9464,Airtel,POSTPAID,2023-06-07,1GB,2889.0,-10,168,"11,050.10 ",Edo,BLACKLISTED,Y
SUB600372,kemi mohammed,234-170-999-173,AIRTEL,POSTPAID,01/10/2022,5 gb,-50,1103,288,"N20,602",Enugu,Inactive,no
SUB600325,   KEMI AFOLABI,76870146263,9mobile,Prepaid,07/12/2018,5GB,-50,--,nil,"NGN 15,844",Ibadan,Inactive,no
SUB600228,Funmilayo Ogundimu,234-870-568-566,MTN,Pay As You Go,2018/12/23,10GB,7113.5,-10,343,"NGN 4,158",Lagos,BLACKLISTED,TRUE
SUB600191,Yusuf Yusuf,0098 358 4168,MTN,POSTPAID,15-Jan-2024,5GB,99999,-10,292,"₦22,723.29",Kaduna,Inactive,no
SUB600335,Bola Mohammed,(539) 264-4220,MTN,POSTPAID,2024-03-05,1000MB,-50,-10,unknown,"N6,228",Kaduna,Active,yes
SUB600421,Bisi Olawale,234-128-801-336,mtn,Prepaid,,1GB,3950.5,-10,45,"NGN 22,606",Imo,BLACKLISTED,Yes
SUB600434,Halima Ogundimu,0775 478 1291,Glo,POSTPAID,22-Jul-2019,Unknown,nil,1724,314,"N19,772",Kaduna,Inactive,FALSE
SUB600255,Ifeoma Okafor   ,62244472126,glo,Prepaid,06/07/2024,2GB,NIL,1665,151,"₦24,974.32",Edo,Suspended,Y
SUB600365,Fatima Nwosu,0574 374 8969,AIRTEL,POSTPAID,14.01.2026,5GB,5603.3,-10,178,10081.05 naira,oyo,Active ,TRUE
SUB600441,tunde lawal,+234844989266,AIRTEL,POSTPAID,17-Jun-2025,null,-50,-10,310,"₦1,221.76",Abuja,active,Y
SUB600024,Chinedu Balogun,234-267-736-026,9mobile,prepaid,2025-06-08,500MB,5142.0,-10,Unknown,N/A,Cross River,Active ,Yes
SUB600030,Ngozi Lawal,0107 991 1838,Glo,Postpaid,2025-10-27,2 GB,820.7,2014,n/a,NULL,Abuja,active,FALSE
SUB600159,  Tobi Chukwu,(036) 971-1798,mtn,prepaid,14/01/2026,5GB,5727.3,-10,312,"3,458.27 ",Kano,Active ,no
SUB600292,Wale Afolabi,234-271-361-115,mtn,prepaid,01/16/2022,500MB,-50,n/a,27,"NGN 1,379",Plateau,active,1
SUB600023,Bisi Bello,(473) 178-1080,Airtel,POSTPAID,08-May-2021,-,-50,1656,470,"₦15,745.30",Enugu,BLACKLISTED,FALSE
SUB600302,Femi Yusuf,(914) 630-3161,AIRTEL,POSTPAID,14/03/2026,?,-50,-10,213,"N3,365",Edo,Suspended,0
SUB600397,Amaka Afolabi,(775) 170-1660,mtn,prepaid,12-Jun-2022,5GB,-50,1546,205,"₦5,863.21",Plateau,BLACKLISTED,FALSE
SUB600255,Ifeoma Okafor   ,62244472126,glo,Prepaid,06/07/2024,2GB,NIL,1665,151,"₦24,974.32",Edo,Suspended,Y
SUB600249,Amara Suleiman,234-965-047-735,MTN,Prepaid,03.09.2025,1000MB,1098.6,-10,N/A,"N19,881",Enugu,Inactive,Yes
SUB600145,Tunde Okafor,(255) 466-5905,AIRTEL,Pay As You Go,2024-07-22,2GB,99999,-10,133,"N23,829",Kano,Active,FALSE
SUB600220,ALIYU  YUSUF,00651801704,9mobile,POSTPAID,30 July 2018,1GB,-50,-10,?,  ,Anambra,Inactive,Yes
SUB600420,Amara Okafor,08588770435,9mobile,prepaid,26-Aug-2020,1GB,99999,-10,35,20831.33 naira,Oyo State,active,No
SUB600148,  obinna abubakar,0281 685 0542,mtn,POSTPAID,19.10.2018,5GB,99999,2584,null,5629.87,Ogun,Inactive,0
SUB600383,Kemi Ajayi   ,+234461849926,Glo,prepaid,2023-04-18,No active bundle,806.1,-10,196,"N3,106",Ogun,Active,Yes
SUB600451,Chioma Yusuf,(990) 881-1729,glo,Pay As You Go,16-Mar-2024,2 GB,99999,540,349,"NGN 2,596",Anambra,Suspended,no
SUB600258,Grace Lawal,75692459375,glo,Postpaid,2019-04-11,5 gb,99999,-10,248,20824.22 naira,Anambra,Active ,TRUE
SUB600201,Kemi Adeyemi,0549 733 4843,Airtel,Pay As You Go,2019-07-06,500MB,-50,n/a,230,"NGN 6,952",Lagos,BLACKLISTED,1
SUB600389,EMEKA AFOLABI,55794155216,Airtel,PAYG,2023-01-02,5GB,-50,N/A,218,Unknown,Rivers,Active,FALSE
SUB600174,Ngozi Ogundimu,+234473121727,glo,Pay As You Go,04/06/2021,5GB,4009.0,-10,20,"₦12,447.23",Kaduna,Inactive,Yes
SUB600115,Amara Lawal,0000000000,MTN,Prepaid,06/19/2019,2 GB,99999,1752,465,"₦16,424.93",Imo,Suspended,No
SUB600178,Amaka Okonkwo,0691 251 7785,Airtel,Prepaid,not set,5 gb,99999,2480,461,1456.4,Anambra,Active,No
SUB600069,  FATIMA AJAYI,43634957885,glo,prepaid,2023/01/02,2GB,-50,1228,474,"NGN 4,765",Kano,Inactive,N
SUB600038,Tunde Nnamdi,56342160733,Airtel,Prepaid,2022-12-09,500MB,7283.5,-10,439,"N23,876",Imo,active,TRUE
SUB600456,Femi Eze,48695946368,mtn,Pay As You Go,2022-09-09,10GB,99999,-10,393,"NGN 6,157",Abuja,active,false
SUB600394,Zainab Afolabi,(375) 628-9002,9mobile,Pay As You Go,05/26/2023,NIL,99999,2366,120,"5,480.35 ",Kaduna,BLACKLISTED,0
SUB600017,Sadiq Balogun,invalid,Airtel,Pay As You Go,2021-02-15,1GB,-50,-10,261,"₦22,537.87",Lagos,Active,TRUE
SUB600349,Chinedu  Ajayi,234-879-374-160,Airtel,Postpaid,2020/08/10,1GB,6071.5,-10,162,19132.10 naira,Enugu,Active ,yes
SUB600274,Yusuf Okafor,(341) 252-8669,AIRTEL,PAYG,02/14/2022,1000MB,-50,NULL,173,21178.72 naira,Kano,Active ,0
SUB600314,Kunle Okeke,38657191826,9mobile,Prepaid,2019-08-06,2GB,-50,-10,460,"9,743.99 ",Akwa Ibom,BLACKLISTED,Y
SUB600352,bisi mohammed,+234686854870,mtn,PAYG,11-Nov-2022,2 GB,-50,-10,69,Unknown,Plateau,Active ,no
SUB600133,Kunle Chukwu,24451076226,AIRTEL,prepaid,2024/11/18,1GB,99999,1603,162,"NGN 24,205",Ogun,Active,0
SUB600232,Blessing Bello,0013 983 7354,9mobile,Prepaid,23.12.2023,No active bundle,4724.3,-10,120,16905.33,Plateau,BLACKLISTED,0
SUB600221,NGOZI ADEYEMI,02265676618,9mobile,Postpaid,2020-01-28,No active bundle,5226.2,2344,383,"₦23,321.26",Ibadan,Active,1
SUB600044,kunle bello,234-482-366-299,MTN,PAYG,05/01/2019,No active bundle,99999,2498,325,"NGN 22,780",Enugu,Active,Y
SUB600082,Chinedu Suleiman,0877 190 6594,9mobile,PAYG,2019-07-18,500MB,nil,366,370,n/a,Imo,Active,1
SUB600458,Ifeoma Ogundimu,62137213865,9mobile,PAYG,07.01.2020,1GB,n/a,299,271,"NGN 22,654",Enugu,Active ,TRUE
SUB600410,Grace Ogundimu,+234380571983,Airtel,POSTPAID,13/02/2019,10GB,4026.9,-10,420,"NGN 19,724",Kaduna,Inactive,TRUE
SUB600236,Musa Afolabi,0048 996 4235,9mobile,prepaid,19-Oct-2025,unknown,-50,-10,279,"₦1,319.82",Delta,Active ,no
SUB600385,Blessing Eze,(835) 642-0873,glo,Prepaid,2022-02-08,5GB,7286.8,249,203,13545.51 naira,ABUJA,active,TRUE
SUB600453,Yusuf Adekunle,+234991624731,MTN,PAYG,not set,2 GB,NIL,933,132,894.90 ,Akwa Ibom,Suspended,TRUE
SUB600239,Chidi Eze,234-062-312-038,glo,Postpaid,2018/02/28,10GB,99999,-10,495,"₦23,381.58",Delta,active,1
SUB600368,Musa Okonkwo,96520744666,AIRTEL,Prepaid,18.09.2025,1000MB,-50,1504,42,?,Ogun,BLACKLISTED,0
SUB600427,Tunde Okonkwo,24508821009,Airtel,Postpaid,13/01/2018,5GB,99999,580,219,"NGN 4,849",Abuja,BLACKLISTED,no
SUB600016,Yusuf Olawale,+234171822782,Glo,Postpaid,12/04/2018,1000MB,-50,911,235,"20,603.14 ",Kano,active,no
SUB600164,  Adaeze Bello,0722 170 4303,glo,Postpaid,2025/06/14,500MB,99999,2471,493,n/a,Plateau,BLACKLISTED,No
SUB600279,grace yusuf   ,0978 819 1485,mtn,Pay As You Go,2020-08-19,1GB,99999,-10,165,"₦20,304.00",Edo,Inactive,no
SUB600199,Grace Adeyemi,26368970283,Glo,Postpaid,12/10/2019,10GB,99999,nil,141,"NGN 10,197",Lagos,Active ,0
SUB600398,Amaka Ogundimu,+234019948837,MTN,prepaid,11/13/2018,1.5GB,99999,null,83,"N2,100",Cross River,Suspended,N
SUB600298,Halima Afolabi,234-805-526-965,Glo,prepaid,17.03.2019,NIL,-50,735,23,"NGN 21,981",Ogun,Active ,0
SUB600022,blessing balogun   ,65133387262,Airtel,Prepaid,2021-01-29,5 gb,5708.4,-10,299,978.53,Delta,Active,no
SUB600034,SEGUN AFOLABI,(164) 005-2427,MTN,POSTPAID,2023-04-10,500MB,99999,2107,277,1828.00 naira,Ogun,active,true
SUB600230,Segun Yusuf,(866) 882-6343,MTN,POSTPAID,29/11/2024,null,2658.7,-10,485,"N21,597",Imo,Suspended,1
SUB600283,Fatima Okonkwo,0254 494 8126,glo,Prepaid,,500MB,2181.7,-10,453,23607.47,Rivers,BLACKLISTED,true
SUB600337,Bisi Yusuf,0251 355 2157,glo,Pay As You Go,04/02/2018,2 GB,-50,-10,370,12123.74 naira,Cross River,BLACKLISTED,0
SUB600396,  sadiq okonkwo,0386 631 7797,AIRTEL,Postpaid,2024/08/29,1.5GB,-50,1818,  ,1286.92,Anambra,Inactive,Yes
SUB600217,Halima Eze,(398) 225-8713,9mobile,PAYG,00/00/0000,5 gb,3612.9,-10,452,20776.71 naira,Enugu,Suspended,FALSE
SUB600010,Grace Suleiman,+234388496965,9mobile,POSTPAID,27.07.2018,1000MB,6688.2,-10,401,"N7,489",Plateau,BLACKLISTED,true
SUB600282,Fatima Chukwu,09233095849,AIRTEL,Postpaid,2023-11-10,1.5GB,3699.9,2462,58,1178.75,Ibadan,active,true
SUB600140,Amara Nnamdi,(995) 527-1774,mtn,Prepaid,27 December 2024,2GB,6253.5,-10,335,"₦15,419.57",Ibadan,Active,1
SUB600210,BOLA EZE,234-527-420-549,mtn,POSTPAID,17-Jun-2024,1GB,-50,-10,372,"₦3,253.11",Ogun,Inactive,yes
SUB600122,OBINNA OKEKE,06576615654,glo,Prepaid,16-Aug-2018,500MB,1335.1,-10,127,"NGN 18,147",Abuja,Active,TRUE
SUB600045,  Adaeze Yusuf,(680) 443-6995,9mobile,Pay As You Go,07/05/2018,1000MB,7967.4,-10,-,5823.11 naira,Kano,Active,true
SUB600126,Aliyu Eze,05851493689,MTN,Postpaid,2021-07-10,-,4287.4,2912,202,"NGN 17,091",Port Harcourt,active,TRUE
SUB600117,  Ngozi Lawal,+234268117758,AIRTEL,PAYG,13 October 2025,  ,-50,1438,77,15593.86 naira,Kano,Inactive,No
SUB600162,Wale Mohammed,(067) 065-4051,AIRTEL,PAYG,15/11/2021,500MB,99999,-10,457,"7,505.24 ",Cross River,Active,TRUE
SUB600213,GRACE YUSUF,(990) 453-0174,Glo,Postpaid,26-Dec-2021,--,99999,2777,293,Unknown,rivers,BLACKLISTED,TRUE
SUB600426,Adaeze Nwosu,(660) 728-3268,AIRTEL,PAYG,22-Aug-2025,2GB,7671.8,-10,87,"NGN 9,017",Ogun,Suspended,false
SUB600184,Ibrahim Suleiman,06471027677,Glo,Postpaid,01/03/2024,null,-50,-10,416,6628.47 naira,Enugu,BLACKLISTED,0
SUB600331,  FATIMA BELLO   ,(427) 010-3930,glo,prepaid,,10GB,1474.0,1073,283,"₦5,301.70",Oyo,Active,true
SUB600147,Kunle Suleiman,25462914865,MTN,Postpaid,2026/02/18,1.5GB,6103.3,-10,237,"12,028.15 ",Ogun,BLACKLISTED,FALSE
SUB600015,Adaeze Chukwu,invalid,glo,Prepaid,02/13/2024,10GB,4660.1,-10,383,"23,282.08 ",Cross River,Inactive,1
SUB600446,adaeze eze,09922809202,MTN,Postpaid,10.02.2026,1000MB,99999,nil,193,11028.11 naira,Rivers,BLACKLISTED,no
SUB600439,Wale Chukwu,09275037314,Airtel,prepaid,24.06.2018,5 gb,-50,-10,89,9120.74,Kaduna,active,false
SUB600216,Aliyu Nwosu,0187 851 9108,glo,Pay As You Go,2021-01-10,2 GB,5938.9,-10,201,"N18,690",Anambra,Active ,false
SUB600181,Femi Suleiman,234-249-818-299,mtn,prepaid,20-Aug-2022,5GB,-50,-10,486,5754.22 naira,Kaduna,BLACKLISTED,FALSE
SUB600179,Tobi Mohammed,89226801824,AIRTEL,POSTPAID,2023-05-30,1GB,99999,-10,411,"N19,158",FCT,active,N
SUB600012,IFEOMA OKEKE,66978480184,AIRTEL,prepaid,07-May-2019,5GB,99999,?,288,"NGN 2,295",Oyo State,Active,N
SUB600403,Kemi Adeyemi,0798 270 8086,Airtel,Pay As You Go,18/01/2023,10GB,99999,-10,328,"₦20,548.10",Rivers,active,1
SUB600123,Ifeoma Adeyemi,02711116152,9mobile,prepaid,2025-07-20,unknown,NULL,-10,124,14996.43 naira,Cross River,Inactive,false
SUB600425,Obinna Nnamdi,234-158-144-914,MTN,POSTPAID,28/04/2018,1GB,-50,1730,206,"N7,260",Anambra,active,No
SUB600391,Ibrahim Olawale   ,234-697-972-965,MTN,Pay As You Go,31-Oct-2019,NULL,--,1578,146,"NGN 22,035",Imo,Active ,No
SUB600284,BISI NNAMDI,42232536729,AIRTEL,Postpaid,07/05/2024,5GB,2014.5,-10,441,"NGN 12,514",Fct Abuja,active,true
SUB600009,Fatima Eze   ,04139537672,9mobile,PAYG,26.07.2022,2GB,-50,1837,142,"₦21,924.91",Cross River,BLACKLISTED,No
SUB600358,Segun Bello,01373678508,MTN,POSTPAID,08-Sep-2020,N/A,3027.5,1144,316,21811.40 naira,Edo,Inactive,Yes
SUB600156,Blessing Adeyemi,36153051522,glo,prepaid,2022/08/12,  ,99999,-10,328,"N21,056",Ogun,Active,Yes
SUB600004,Bola Abubakar,35116155940,9mobile,POSTPAID,2021/01/01,2 GB,99999,-10,219,"NGN 10,285",Rivers,Active,Yes
SUB600429,kemi chukwu,0222 394 3129,MTN,prepaid,2023/06/16,1GB,-50,902,15,NIL,Fct Abuja,Active ,No
SUB600303,aliyu okafor,(990) 421-0202,glo,PAYG,10/28/2025,1.5GB,99999,-10,409,"NGN 4,470",Plateau,Active ,No
SUB600095,Amaka Nwosu,0171 870 2621,AIRTEL,POSTPAID,not set,5 gb,NIL,NIL,345,"₦23,522.94",Imo,Active,TRUE
SUB600025,EMEKA ABUBAKAR,234-474-687-234,Airtel,Pay As You Go,2018/05/08,2GB,99999,1274,475,NIL,KANO,Active ,N
SUB600280,Halima Olawale,(078) 361-3407,Airtel,prepaid,2023-07-28,No active bundle,-50,376,nil,13511.06 naira,Kaduna,Active,true
SUB600080,musa lawal,36183242102,AIRTEL,POSTPAID,2020-12-18,5 gb,1538.1,-10,346,"NGN 22,446",Kaduna,Inactive,yes
SUB600392,  Yusuf Eze,(027) 716-7014,Airtel,Postpaid,2023-07-08,No active bundle,-50,-10,146,3046.1,Imo,Suspended,false
SUB600293,Ifeoma Lawal,0426 221 8909,9mobile,Prepaid,21.04.2019,5GB,-50,1163,383,7183.39,Ogun,Active,TRUE
SUB600050,amara suleiman,234-788-957-986,mtn,prepaid,03 September 2018,5 gb,99999,918,284,"N19,184",Cross River,active,TRUE
SUB600306,adaeze nnamdi,0079 252 4191,AIRTEL,Prepaid,2024-04-22,500MB,99999,-10,393,"6,510.24 ",Kaduna,Suspended,TRUE
SUB600093,Kemi Chukwu,86753396360,9mobile,prepaid,2021-06-17,500MB,-50,Unknown,478,"NGN 18,140",kano,BLACKLISTED,N
SUB600114,Chidi Adekunle,(053) 293-1839,MTN,PAYG,13-Oct-2023,500MB,-50,1629,422,"7,079.15 ",Kaduna,BLACKLISTED,FALSE
SUB600051,Musa Suleiman,+234277434873,Glo,PAYG,2024-12-21,n/a,99999,1641,324,2748.06 naira,Enugu,active,0
SUB600382,Chinedu Ajayi,00167618472,mtn,POSTPAID,2022-10-13,2GB,1597.1,-10,,N513,Kaduna,Inactive,yes
SUB600192,Grace Yusuf,0849 912 1655,glo,prepaid,21 July 2021,2 GB,99999,94,338,18724.95,Kano,Active,No
SUB600422,  Sadiq Adeyemi,234-861-207-501,AIRTEL,Postpaid,20 September 2025,2 GB,2077.5,-10,342,"N13,426",Edo,active,yes
SUB600096,Emeka Abubakar,0459 615 8657,MTN,prepaid,02-Sep-2019,No active bundle,-50,1228,439,1276.27 naira,Enugu,BLACKLISTED,0
SUB600098,ngozi bello,24005045562,Airtel,PAYG,01 August 2024,--,-50,-10,314,10219.22,Lagos,active,0
SUB600339,Amara Okafor,234-267-658-617,mtn,PAYG,28 August 2021,No active bundle,4540.6,--,96,8556.61,Oyo,Active ,TRUE
SUB600402,Yusuf Ogundimu,0637 351 6091,AIRTEL,Postpaid,19 October 2018,null,-50,2538,262,"NGN 23,825",Edo,active,TRUE
SUB600308,Aliyu Adeyemi,(086) 353-6541,MTN,PAYG,05.11.2019,5 gb,3146.1,-10,160,NGN 694,Anambra,BLACKLISTED,Y
SUB600158,Tunde  Lawal   ,(328) 986-1434,AIRTEL,prepaid,18 July 2021,10GB,5961.9,-10,418,"N11,634",Ogun,BLACKLISTED,0
SUB600055,Funmilayo Okonkwo,+234668893734,Airtel,Prepaid,06/26/2020,5GB,99999,2684,395,"N11,867",Ogun,active,true
SUB600109,Emeka Yusuf,0098 593 1746,mtn,Postpaid,28-Apr-2019,5GB,-50,2642,250,"5,083.92 ",Ogun,Active,no
SUB600187,Segun Ajayi,(469) 632-5953,Glo,POSTPAID,30 May 2023,nil,99999,2214,201,19509.65 naira,Abuja,active,no
SUB600089,Emeka Abubakar   ,+234861317127,mtn,Postpaid,06.03.2018,1GB,99999,-10,395,"NGN 8,356",Rivers,BLACKLISTED,N
SUB600172,Obinna Ogundimu,07192856543,Glo,Postpaid,2021/07/25,1000MB,99999,-10,236,19481.79 naira,ABUJA,Active,yes
SUB600356,Bisi Afolabi,(653) 074-5054,MTN,POSTPAID,10/14/2018,5GB,99999,-10,446,"N15,858",Akwa Ibom,Active ,Y
SUB600455,Tunde Ajayi,(063) 565-1269,glo,Pay As You Go,04/15/2018,1000MB,NIL,-10,N/A,23986.32,Ogun,Active ,TRUE
SUB600327,Adaeze Suleiman,0856 420 5930,Airtel,Pay As You Go,07 August 2025,1GB,-50,1753,480,1136.32 naira,Ogun,Inactive,No
SUB600094,Femi Olawale,0576 627 0289,9mobile,Postpaid,2023-08-08,5GB,-50,753,429,"N23,657",Cross River,Active,1
SUB600222,Bola Yusuf,(512) 868-2300,9mobile,Pay As You Go,03/04/2024,?,3766.5,2576,352,19810.53,Enugu,BLACKLISTED,no
SUB600409,Blessing Afolabi,0620 034 2442,Glo,PAYG,22-Dec-2019,1.5GB,99999,406,53,NIL,Cross River,BLACKLISTED,TRUE
SUB600046,FEMI CHUKWU,(773) 872-1489,MTN,Prepaid,02/13/2022,5GB,-50,2270,416,"₦8,549.71",Imo,BLACKLISTED,Yes
SUB600090,Ibrahim Adekunle,84677378263,AIRTEL,POSTPAID,21/08/2022,500MB,99999,-10,209,9723.27,Delta,Inactive,N
SUB600167,Wale Nnamdi,0775 841 6169,MTN,prepaid,04/12/2018,500MB,-50,685,107,"19,452.77 ",Enugu,Active,N
SUB600112,Kunle Okeke,(405) 377-3515,Airtel,Postpaid,09.05.2020,1GB,99999,2444,360,14532.02,Imo,Active ,No
SUB600231,Zainab Olawale,0000000000,MTN,prepaid,22.01.2020,5GB,-50,2353,207,"NGN 20,021",Edo,Active,yes
SUB600261,Kunle Adekunle,07416724342,Airtel,prepaid,12/05/2019,No active bundle,-50,1168,429,22665.42,Rivers,Suspended,FALSE
SUB600454,Adaeze Ajayi,98643009818,9mobile,Prepaid,2026-01-21,?,1877.6,-10,191,"N24,351",Rivers State,Inactive,FALSE
SUB600176,Segun Chukwu,N/A,9mobile,Postpaid,21 July 2022,1.5GB,-50,1483,212,18146.26 naira,Delta,active,N
SUB600423,Bisi Lawal,234-248-193-466,mtn,Postpaid,2021/08/11,10GB,-50,2025,343,"₦20,553.53",ABUJA,BLACKLISTED,TRUE
SUB600431,Ibrahim Eze,55231491357,Airtel,Pay As You Go,22 November 2021,5 gb,-50,1180,7,"5,824.47 ",FCT,Active,1
SUB600227,Blessing Nnamdi,234-283-644-089,9mobile,PAYG,2019-01-15,500MB,-50,2114,18,17985.10 naira,Lagos,Active ,FALSE
SUB600224,Adaeze  Olawale,(310) 690-3311,Glo,Prepaid,2022-08-23,500MB,99999,119,426,16975.59,Edo,Inactive,0
SUB600463,Obinna Adekunle,00214656693,Glo,Prepaid,11/06/2022,2GB,694.9,-10,262,"N2,315",Imo,Active,1
SUB600143,Fatima Adekunle,07935978207,AIRTEL,Prepaid,26-Nov-2025,No active bundle,-50,-10,428,"N18,850",Oyo,Inactive,FALSE
SUB600404,Chioma Olawale,78292216995,AIRTEL,POSTPAID,28-Mar-2020,1GB,-50,596,16,"₦19,468.04",Cross River,Suspended,1
SUB600110,Obinna Mohammed,0200 471 1382,9mobile,PAYG,2018/02/09,2 GB,-50,126,140,7572.42,Ogun,Active ,0
SUB600041,Grace Afolabi,0401 965 5698,glo,POSTPAID,10-May-2021,No active bundle,-50,  ,202,"N14,365",Plateau,Active,FALSE
SUB600442,Amara Suleiman,+234184638655,Airtel,PAYG,23.02.2025,5 gb,-50,2384,342,"₦1,314.36",Lagos State,BLACKLISTED,TRUE
SUB600346,Wale Nwosu,234-741-862-565,glo,Postpaid,15/03/2022,10GB,1599.9,2720,22,"NGN 3,138",Anambra,Active ,N
SUB600182,  TOBI ADEYEMI,+234995900109,Glo,Prepaid,2025/10/26,1000MB,99999,-10,nil,"N20,596",Delta,Active,N
SUB600296,Sadiq Abubakar   ,234-999-404-389,AIRTEL,Pay As You Go,2018/03/26,2GB,-50,-10,243,"₦15,208.35",Enugu,Suspended,FALSE
SUB600198,Yusuf Abubakar,06230913075,glo,PAYG,10.04.2023,2 GB,-50,-10,48,24561.84 naira,Edo,Suspended,no
SUB600194,Sadiq Suleiman,57872982595,mtn,Postpaid,29-Mar-2023,No active bundle,99999,-10,246,20215.34 naira,Kaduna,active,yes
SUB600202,Ifeoma Okafor,43757584419,MTN,PAYG,30.01.2020,1000MB,-50,2258,165,"₦8,389.59",Edo,Active,Yes
SUB600124,Bisi  Nwosu,09885165604,9mobile,PAYG,17/02/2024,10GB,-50,2015,72,2779.15,Anambra,active,false
SUB600386,Chioma Ajayi   ,(530) 011-9721,AIRTEL,PAYG,2022-05-18,10GB,2172.0,487,273,"₦1,457.72",Imo,Suspended,Y
SUB600257,Kunle Abubakar,03712406596,mtn,PAYG,14/06/2024,2GB,6301.5,-10,331,2141.64,kano,Inactive,TRUE
SUB600155,Tunde Mohammed,06137506068,9mobile,Pay As You Go,15 November 2019,2 GB,5569.4,1468,450,"₦24,349.39",Imo,active,No
SUB600168,Amaka Afolabi,0845 115 4479,AIRTEL,prepaid,,1GB,5172.5,288,208,15940.32 naira,Lagos,BLACKLISTED,Yes
SUB600362,Funmilayo Bello,85524140602,glo,Pay As You Go,22-Mar-2025,10GB,99999,359,379,5109.83,Rivers,active,FALSE
SUB600399,Fatima Adeyemi,(503) 758-9975,glo,POSTPAID,unknown date,2GB,-,-10,161,18279.36,ABUJA,Active,TRUE
SUB600226,Chioma Suleiman,00284395995,glo,prepaid,2021-10-21,1GB,99999,-10,486,"₦13,364.96",Kaduna,Active,N
SUB600262,Blessing Adekunle,invalid,Glo,Postpaid,03 June 2019,5GB,2957.4,-10,393,"NGN 11,722",Lagos,BLACKLISTED,TRUE
SUB600071,Amara Okonkwo,05182337498,glo,Prepaid,2025-03-05,5GB,6142.3,-10,265,"NGN 21,225",Edo,BLACKLISTED,yes
SUB600027,Blessing Afolabi   ,0208 121 9136,mtn,Pay As You Go,2023-06-04,1GB,99999,1997,132,22067.84,Oyo,BLACKLISTED,N
SUB600313,Halima Nnamdi,N/A,mtn,prepaid,25/11/2025,No active bundle,944.5,n/a,60,"NGN 24,780",Delta,Active,Y
SUB600419,Halima Abubakar,93056164840,MTN,Pay As You Go,19-May-2020,1000MB,-50,807,null,"₦10,820.31",Rivers,BLACKLISTED,1
SUB600001,Tunde  Okafor,01043321819,MTN,Postpaid,04 March 2025,1GB,5932.4,-10,301,21797.86,Rivers,Suspended,yes
SUB600244,Yusuf Lawal,66687002176,MTN,POSTPAID,28/05/2022,?,99999,1826,76,₦521.26,Enugu,Suspended,Y
SUB600357,IBRAHIM BALOGUN,invalid,glo,Prepaid,23.11.2018,Unknown,-50,-10,242,"NGN 15,307",Edo,Suspended,no
SUB600202,Ifeoma Okafor,43757584419,MTN,PAYG,30.01.2020,1000MB,-50,2258,165,"₦8,389.59",Edo,Active,Yes
SUB600076,chioma adeyemi,(869) 993-8677,AIRTEL,Pay As You Go,05/07/2018,1000MB,4562.3,-10,101,"₦10,333.98",LAGOS,active,TRUE
SUB600047,SADIQ  MOHAMMED   ,+234343320037,mtn,prepaid,unknown date,1GB,99999,465,398,15044.82 naira,Kano,Active,false
SUB600309,Chioma Ogundimu,0518 023 8061,AIRTEL,prepaid,08.11.2025,1000MB,99999,345,199,"₦18,631.28",Anambra,Suspended,N
SUB600013,Ibrahim Okonkwo,51462704828,mtn,Prepaid,22 February 2022,1.5GB,99999,-10,54,"NGN 4,308",Kano,Inactive,true
SUB600002,Fatima Olawale,0001 338 9083,MTN,Pay As You Go,2019/09/29,No active bundle,-50,NULL,395,"NGN 2,455",Fct Abuja,Active ,no
SUB600260,Tobi  Suleiman,+234193982807,glo,Pay As You Go,03-Sep-2022,No active bundle,-50,-10,356,13937.48 naira,Ogun,Inactive,yes
SUB600360,Ibrahim Ajayi,03070534578,mtn,Prepaid,26.04.2022,2GB,1560.6,-10,228,12313.13 naira,KANO,Active ,No
SUB600355,ifeoma afolabi,0970 246 2996,glo,PAYG,13/02/2020,No active bundle,-50,-10,476,"₦17,625.72",Rivers,Active,No
SUB600142,Fatima Ogundimu,234-119-986-798,glo,Prepaid,01/01/2019,2GB,-50,555,448,"NGN 21,006",Delta,Active,no
SUB600295,Chinedu Olawale,19656523413,AIRTEL,Pay As You Go,19.05.2025,1GB,99999,227,308,"₦10,272.03",Cross River,active,No
SUB600340,Adaeze Ajayi,0327 104 0541,MTN,prepaid,12/29/2019,500MB,3908.9,643,214,2184.69,Rivers,Suspended,1
SUB600197,Chinedu Mohammed   ,,Airtel,Prepaid,2021-08-06,1000MB,99999,-10,16,nil,Enugu,Active,TRUE
SUB600301,Chinedu Eze,0241 418 3285,9mobile,Prepaid,25 September 2022,10GB,1328.8,1604,52,17970.77,Plateau,BLACKLISTED,FALSE
SUB600459,Zainab Yusuf,89026012796,MTN,Prepaid,2020-09-15,2 GB,-50,-10,358,4994.54,Imo,BLACKLISTED,No
SUB600065,Ngozi Adeyemi,87769453147,9mobile,PAYG,09/23/2021,nil,-50,-10,405,1526.7,Akwa Ibom,BLACKLISTED,0
SUB600364,Ngozi Ajayi,22903494466,MTN,Pay As You Go,10 February 2023,2GB,99999,-10,110,"NGN 17,751",Cross River,Suspended,Y
SUB600418,Chioma Okafor,+234987801573,MTN,Postpaid,2021-12-13,5GB,-50,1304,109,19983.37,Enugu,Suspended,FALSE
SUB600135,Chioma Eze,+234596966416,9mobile,Prepaid,15/02/2024,null,99999,-10,192,2337.56,Kaduna,BLACKLISTED,FALSE
SUB600370,Yusuf Ajayi,02824172482,MTN,Postpaid,2019/04/26,null,5561.7,143,259,"₦24,173.77",Edo,Active,N
SUB600144,Sadiq Nwosu,0518 203 7788,Airtel,PAYG,27.05.2020,1GB,99999,-10,192,"NGN 11,745",Oyo,BLACKLISTED,1
SUB600111,Halima Eze,234-586-926-179,mtn,Prepaid,01-Mar-2024,5 gb,-50,2677,16,"9,040.14 ",Delta,Active,N
SUB600053,tobi okeke   ,+234623166587,glo,prepaid,06/03/2021,1GB,99999,-10,117,"20,917.18 ",Abuja,active,Yes
SUB600079,Halima Ajayi,(740) 344-7134,Airtel,Pay As You Go,2022/08/08,2 GB,99999,-10,175,"17,058.78 ",Edo,Active ,false
SUB600468,ngozi ajayi,01416335658,AIRTEL,Prepaid,2021-09-12,5 gb,99999,-10,117,"NGN 4,454",Enugu,Inactive,TRUE
SUB600413,Ngozi Okafor,0347 212 2816,MTN,PAYG,27-Aug-2024,500MB,99999,-10,430,19610.71,Cross River,Suspended,true
SUB600104,Femi Nnamdi,invalid,AIRTEL,Pay As You Go,30/06/2022,2GB,99999,1454,22,"N16,303",Cross River,Suspended,1
SUB600278,Amara Bello,09034043842,MTN,Pay As You Go,unknown date,500MB,-50,-10,219,"NGN 9,255",Edo,Inactive,N
SUB600433,Musa Yusuf,(205) 336-4525,Airtel,PAYG,2021-05-22,5GB,-50,1249,474,"NGN 13,873",Imo,active,No
SUB600131,  Segun Okeke,0643 815 6149,mtn,prepaid,28/10/2025,?,99999,?,103,"₦8,848.60",Cross River,Suspended,Yes
SUB600464,Wale Nnamdi,00118489554,AIRTEL,PAYG,N/A,No active bundle,99999,2758,77,5084.07 naira,Rivers,BLACKLISTED,false
SUB600189,Yusuf Okeke,33950047974,Glo,Postpaid,21.01.2023,1000MB,99999,-10,90,3794.56,Anambra,Active ,no
SUB600157,Wale Okonkwo,00472779010,glo,POSTPAID,2025-03-20,NULL,-50,-10,40,20130.90 naira,Akwa Ibom,active,0
SUB600300,Chidi Lawal,06848666188,Airtel,Prepaid,2024/10/01,10GB,99999,2656,223,21525.64 naira,Fct Abuja,Inactive,0
SUB600219,Zainab Eze,(087) 406-4039,AIRTEL,POSTPAID,03 November 2019,No active bundle,99999,1558,467,"21,846.98 ",Rivers,Inactive,false
SUB600146,Tobi Olawale,(518) 644-9251,AIRTEL,Pay As You Go,2022-07-14,10GB,99999,-10,432,"N16,612",oyo,Active ,yes
SUB600141,Zainab Nwosu,09058147700,Glo,prepaid,19.09.2021,2 GB,-50,933,380,"NGN 20,733",Enugu,BLACKLISTED,true
SUB600099,Segun Suleiman,03869222196,MTN,prepaid,2020/07/23,5GB,-50,null,227,"₦7,109.28",Port Harcourt,Active,Yes
SUB600008,Emeka Balogun,07648350305,MTN,PAYG,10/12/2020,2GB,99999,290,248,3741.64,Delta,Inactive,0
SUB600322,Kunle Balogun,0013 721 5107,glo,Pay As You Go,11/29/2018,1GB,99999,NIL,10,17173.58,KANO,Active ,yes
SUB600177,  Yusuf Afolabi,+234829114678,Glo,Postpaid,16-Aug-2024,No active bundle,179.6,-10,110,"24,823.01 ",Port Harcourt,BLACKLISTED,Y
SUB600116,Segun Adekunle,0102 053 9502,AIRTEL,prepaid,05.05.2025,10GB,99999,389,39,"N6,042",LAGOS,Active,1
SUB600287,Chinedu Adeyemi,+234374545892,MTN,POSTPAID,2025-10-18,500MB,5131.0,1022,351,23515.75 naira,Akwa Ibom,Active ,Y
SUB600326,Amaka Olawale,(838) 065-7875,9mobile,Prepaid,11 August 2018,,4157.4,-10,n/a,"2,019.05 ",Lagos State,Active,No
SUB600180,IBRAHIM AJAYI   ,0225 358 4143,AIRTEL,Postpaid,2018-12-10,1000MB,-50,-10,274,"NGN 9,458",Edo,active,N
SUB600348,Tunde Ajayi,11586938068,Airtel,prepaid,28.10.2020,500MB,99999,?,229,"NGN 16,194",Ogun,Active ,Yes
SUB600081,Ibrahim Balogun,+234994717464,Airtel,Pay As You Go,22 June 2018,1.5GB,-50,2403,342,"NGN 6,029",Fct Abuja,Active,true
SUB600305,Femi Nwosu,(648) 149-1778,Glo,Postpaid,10.05.2019,5 gb,-50,-10,492,"₦3,217.81",Ogun,BLACKLISTED,No
SUB600240,Tobi Ogundimu,+234099770088,9mobile,POSTPAID,01-Sep-2020,5 gb,5808.0,-10,271,  ,Kaduna,BLACKLISTED,true
SUB600320,yusuf okafor,(678) 831-7121,Glo,Prepaid,28 April 2025,N/A,-50,503,143,5665.83 naira,Cross River,Suspended,true
SUB600032,ibrahim yusuf,+234084124118,9mobile,Prepaid,2020/08/06,5GB,-50,292,157,unknown,Plateau,Suspended,false
SUB600343,Chidi Abubakar,234-884-443-106,MTN,Prepaid,23.02.2026,500MB,-50,849,37,17052.74 naira,Kaduna,Active ,1
SUB600414,Kemi Balogun   ,+234484229405,Glo,prepaid,31/07/2018,2GB,99999,-10,N/A,"N12,420",Kano,active,no
SUB600235,  CHIOMA BELLO,0175 355 6093,Airtel,prepaid,2025/12/25,5GB,99999,64,249,"₦24,386.89",Rivers,active,0
SUB600276,  Yusuf Bello   ,0225 790 5072,Airtel,prepaid,20-Apr-2018,5 gb,-50,2214,16,"₦22,063.08",Delta,Suspended,1
SUB600196,Bola Afolabi,47055169409,AIRTEL,prepaid,2020/12/13,5 gb,99999,280,56,"NGN 15,634",Ogun,active,N
SUB600103,Bisi Suleiman,0406 409 0974,glo,prepaid,24/08/2025,1000MB,99999,1240,78,"₦19,832.38",Ogun,active,FALSE
SUB600097,Grace Okafor,234-913-431-611,mtn,Prepaid,18/08/2018,10GB,5622.8,-10,null,"N22,533",LAGOS,Active,N
SUB600449,Ibrahim Suleiman,04257991366,Airtel,PAYG,02.08.2020,2 GB,,-10,153,"NGN 2,570",Ogun,active,0
SUB600438,Ibrahim Yusuf,0803 928 2722,9mobile,PAYG,22-May-2023,1000MB,99999,-10,null,"N1,335",Edo,BLACKLISTED,0
SUB600035,bisi  adeyemi,+234801128059,AIRTEL,Postpaid,16/12/2022,5 gb,99999,-10,331,12710.2,Anambra,Active ,yes
SUB600241,Tunde Suleiman,234-084-840-862,Glo,prepaid,18/06/2018,1.5GB,-50,2765,301,"N13,239",Rivers,Active ,Yes
SUB600077,Ngozi Ajayi,234-649-909-133,mtn,Pay As You Go,2023/02/15,No active bundle,7145.1,-10,213,20020.49,Plateau,Active ,Yes
SUB600092,fatima okeke,+234997278755,AIRTEL,Prepaid,26.10.2018,2 GB,99999,2882,122,"NGN 19,500",Anambra,Active ,no
SUB600214,Kunle Abubakar,+234841459332,9mobile,Postpaid,02 September 2025,5GB,-50,2946,429,18313.45,Imo,active,1
SUB600163,chinedu bello,03195205852,AIRTEL,prepaid,13 March 2019,1GB,99999,2523,287,13017.6,Plateau,Suspended,false
SUB600006,Bisi Okonkwo,10341316475,mtn,Pay As You Go,2023-08-13,5GB,4061.5,2172,-,"22,028.69 ",oyo,BLACKLISTED,No
SUB600461,Chioma Olawale,(849) 027-7038,Glo,Prepaid,08/15/2021,2GB,6058.4,916,469,"₦15,351.17",Kano,Inactive,No
SUB600204,Kemi Nnamdi,+234733848421,mtn,Prepaid,12/01/2024,5 gb,325.2,2690,485,18855.26 naira,Abuja,BLACKLISTED,no
SUB600374,  SEGUN OKEKE,97252175250,AIRTEL,Pay As You Go,07.12.2023,1000MB,99999,38,73,"₦18,517.85",Plateau,Active ,no
SUB600070,Chinedu Chukwu,+234855744431,mtn,Prepaid,17-Jul-2023,2 GB,-50,2354,162,"N11,524",Kaduna,Inactive,TRUE
SUB600170,Ngozi Yusuf,06582029702,mtn,Pay As You Go,10/02/2025,1GB,99999,2242,383,"NGN 18,285",Imo,Active ,TRUE
SUB600435,Ifeoma Okeke,0283 411 0809,AIRTEL,Prepaid,04.02.2024,5 gb,,1106,49,"N14,353",Akwa Ibom,Active,No
SUB600424,Bisi Yusuf,(665) 061-8091,mtn,Postpaid,07/07/2021,2GB,99999,1258,448,"₦3,199.88",Delta,Inactive,yes
SUB600242,Chinedu Afolabi,18233984546,Glo,prepaid,06/10/2018,?,781.6,888,61,"NGN 15,315",Cross River,Active ,FALSE
SUB600129,Adaeze Balogun,(675) 254-5991,Airtel,PAYG,17 May 2023,1GB,2238.2,-10,248,"NGN 14,358",Oyo State,BLACKLISTED,N
SUB600310,Halima Suleiman,04451870534,glo,Pay As You Go,01/16/2019,1.5GB,-50,452,132,"₦9,184.60",Edo,Active,0
SUB600266,Aliyu Adekunle,+234071461125,Airtel,Postpaid,2018-01-28,5 gb,99999,-10,378,"₦1,157.58",Ibadan,Active,true
SUB600377,Emeka Nnamdi,05830033542,glo,Pay As You Go,11/14/2021,2GB,5472.6,1447,194,"NGN 24,258",Edo,Inactive,TRUE
SUB600366,Tunde Mohammed,08589944171,Glo,POSTPAID,01 June 2022,5GB,99999,593,383,"NGN 16,455",Akwa Ibom,BLACKLISTED,No
SUB600378,Ibrahim Yusuf,16894210447,mtn,Prepaid,28 April 2019,,-50,-10,2,18199.62 naira,Lagos State,Inactive,No
SUB600105,Chinedu Eze,09521456232,mtn,Postpaid,10-Mar-2019,2 GB,99999,2049,12,NIL,Rivers State,active,N
SUB600351,BOLA OKONKWO,+234061632945,mtn,Postpaid,30 May 2019,2 GB,4741.0,1970,184,4610.27 naira,Anambra,BLACKLISTED,false
SUB600448,Tobi Balogun,234-723-692-929,Glo,Pay As You Go,2019/05/17,10GB,99999,--,361,"₦12,412.09",Imo,Inactive,TRUE
SUB600149,Ngozi Ajayi,0573 322 1418,MTN,Prepaid,2018/12/27,500MB,-50,,320,"6,043.51 ",Ibadan,BLACKLISTED,FALSE
SUB600465,Chinedu Afolabi,09376904268,9mobile,PAYG,27-May-2020,No active bundle,99999,2172,430,7656.84 naira,Cross River,Active ,1
SUB600085,WALE YUSUF,(512) 567-4680,9mobile,Pay As You Go,01.03.2025,10GB,2940.4,2440,270,"N2,414",Lagos,BLACKLISTED,N
SUB600333,Ibrahim Mohammed,+234921851569,glo,Pay As You Go,03-Jan-2024,10GB,2621.4,2717,198,16304.25 naira,Delta,BLACKLISTED,0
SUB600056,Grace Ajayi,234-065-627-298,mtn,Prepaid,01-May-2024,null,99999,-10,283,"₦18,603.57",Imo,BLACKLISTED,true
SUB600191,Yusuf Yusuf,0098 358 4168,MTN,POSTPAID,15-Jan-2024,5GB,99999,-10,292,"₦22,723.29",Kaduna,Inactive,no
SUB600315,Halima Ogundimu,234-990-623-445,MTN,Pay As You Go,22-Jul-2019,1000MB,99999,2215,455,"₦7,295.69",Rivers,BLACKLISTED,true
SUB600166,femi suleiman,(054) 156-6765,9mobile,Pay As You Go,2022/08/31,1GB,-50,984,349,9843.63,ABUJA,Active ,yes
SUB600460,Ifeoma Okafor,234-143-519-066,9mobile,Postpaid,16 September 2019,1.5GB,-50,-10,288,13367.24 naira,Imo,active,yes
SUB600139,Musa Mohammed,32921277997,9mobile,Postpaid,2025/08/07,5GB,-50,2978,284,"NGN 8,490",Delta,Active,false
SUB600347,fatima suleiman,0704 774 3490,Airtel,POSTPAID,2025/01/02,1.5GB,-50,275,392,"₦24,586.01",Anambra,BLACKLISTED,Y
SUB600369,Zainab Eze,09935387584,glo,Pay As You Go,26.01.2021,1GB,6354.7,?,275,"₦19,856.66",Cross River,Inactive,true
SUB600151,Amara Nnamdi,0270 653 7947,AIRTEL,prepaid,31 March 2018,1GB,N/A,N/A,213,"NGN 3,528",Plateau,Inactive,N
SUB600223,Halima Okeke,0786 863 3752,mtn,PAYG,29-Nov-2020,5GB,-50,,238,"3,389.18 ",Cross River,BLACKLISTED,1
SUB600061,Bisi Bello,(529) 912-4190,Airtel,prepaid,00/00/0000,500MB,-50,2113,390,11508.32 naira,Akwa Ibom,active,No
SUB600152,Tobi Okafor,(834) 735-9774,AIRTEL,Pay As You Go,18/10/2025,2GB,99999,1077,209,1465.44 naira,Kano,active,no
SUB600005,Ngozi Okonkwo,(781) 618-4959,9mobile,Pay As You Go,26 March 2019,1GB,-50,-10,174,11151.75 naira,Plateau,Active ,yes
SUB600205,Blessing Afolabi,(933) 083-3016,Glo,PAYG,25 July 2025,2 GB,7062.6,-10,211,11049.41,Ogun,Inactive,FALSE
SUB600215,BLESSING ADEKUNLE,+234795687833,mtn,Postpaid,27/05/2021,nil,1215.7,-10,191,9992.78 naira,Rivers,active,Yes
SUB600281,Halima Yusuf,05171339596,AIRTEL,PAYG,05/21/2021,No active bundle,99999,-10,272,21392.98,Plateau,Active ,Yes
SUB600406,Fatima Chukwu,+234698485833,AIRTEL,POSTPAID,2019/11/05,No active bundle,nil,2445,341,"N4,043",Akwa Ibom,Active ,false
SUB600072,Grace Yusuf,(413) 435-2408,Airtel,Postpaid,2019/05/28,No active bundle,4915.4,168,485,"N14,631",Cross River,BLACKLISTED,1
SUB600250,Bola Okafor,234-629-619-431,9mobile,PAYG,18.06.2023,2 GB,57.8,-10,210,"N4,776",Ogun,Inactive,false
SUB600269,  ZAINAB CHUKWU,+234258673622,MTN,Postpaid,09/08/2025,10GB,99999,2824,n/a,23123.54 naira,Oyo,Inactive,0
SUB600321,Grace Adekunle,234-323-651-994,Glo,Postpaid,04 November 2021,NIL,99999,,344,"N14,117",Delta,active,TRUE
SUB600088,Femi Bello,02477109324,Glo,POSTPAID,02 January 2020,1000MB,99999,-10,141,21942.6,Lagos,active,FALSE
SUB600254,Yusuf Ajayi,06046618398,9mobile,Pay As You Go,10/08/2024,No active bundle,99999,-10,126,"NGN 11,139",Imo,BLACKLISTED,Y
SUB600373,   CHIOMA OKAFOR,234-684-602-235,Glo,prepaid,12.11.2022,10GB,7712.1,-10,400,4805.42,Oyo,active,No
SUB600020,Sadiq Balogun,0473 829 9737,9mobile,POSTPAID,2024/11/08,1GB,99999,-10,411,"₦13,189.96",Kano,Active,0
SUB600059,Tobi Nnamdi,234-080-531-003,Glo,Postpaid,2019-06-08,2 GB,99999,634,403,"19,386.43 ",Imo,BLACKLISTED,Yes
SUB600225,Grace Ogundimu,0079 030 6738,AIRTEL,Prepaid,2019-09-29,No active bundle,99999,2194,350,22946.57,Abuja,Suspended,Yes
SUB600102,Funmilayo Ajayi,0436 713 6959,Glo,prepaid,2021/05/15,2 GB,7578.2,-10,402,"N3,290",Ogun,BLACKLISTED,Y
SUB600086,Femi Mohammed,15451680876,mtn,POSTPAID,03 June 2024,2 GB,99999,-10,29,"NGN 16,983",Lagos,Active ,N
SUB600063,Chinedu Balogun,90586518506,mtn,Pay As You Go,25.11.2024,1.5GB,152.0,-10,318,3216.02,Lagos,BLACKLISTED,N
SUB600384,Wale Abubakar,(891) 411-7393,mtn,prepaid,30-Jul-2024,10GB,-50,523,364,"21,988.35 ",Imo,BLACKLISTED,no
SUB600267,Ifeoma Yusuf,05738757177,MTN,prepaid,20/06/2025,No active bundle,-50,-10,321,"24,369.34 ",Kaduna,BLACKLISTED,false
SUB600083,Yusuf Yusuf,(139) 904-9027,9mobile,Postpaid,23-Jul-2023,1.5GB,7013.9,-10,367,18547.14,Ogun,Active ,N
SUB600007,Chidi Lawal,0255 341 9283,mtn,Postpaid,17.12.2018,No active bundle,99999,2208,204,16422.01 naira,Anambra,active,No
SUB600388,Yusuf Adekunle,(045) 561-1002,MTN,PAYG,19-Feb-2021,1.5GB,99999,2256,112,"N5,496",Akwa Ibom,active,Y
SUB600066,Adaeze Abubakar,03799650752,glo,prepaid,03-Nov-2020,2 GB,2288.9,-10,188,"13,222.26 ",Plateau,active,No
SUB600193,Femi Adeyemi,05239868000,Glo,Pay As You Go,2023/04/23,1000MB,-50,-10,67,"₦4,679.90",Kaduna,Suspended,0
SUB600040,Kunle Okonkwo,45868501429,Airtel,POSTPAID,08/24/2025,10GB,1359.9,1045,238,"₦17,101.47",Delta,Suspended,FALSE
SUB600359,Amaka Olawale,14862890233,Glo,PAYG,26 February 2025,2 GB,-50,-10,476,"N12,165",Plateau,Active,false
SUB600218,Zainab Nnamdi,71870728679,mtn,Prepaid,12 August 2018,5 gb,-50,1846,302,-,Plateau,Active ,false
SUB600054,Wale Balogun,03669096705,9mobile,prepaid,27/02/2023,500MB,99999,-10,432,11174.07 naira,FCT,Active ,no
SUB600042,Amaka Yusuf,69340608835,Airtel,Pay As You Go,28.07.2023,5GB,6205.9,2647,-,"₦18,442.81",Ibadan,Inactive,N
SUB600376,Bola Okonkwo,0666 676 0083,glo,Prepaid,10-Sep-2020,5 gb,4602.5,2039,315,"₦20,869.24",Enugu,Active ,TRUE
SUB600379,Halima Mohammed,+234985625753,mtn,prepaid,08-Dec-2023,2 GB,-50,1777,445,"NGN 3,211",Rivers State,Active,Y
SUB600285,kemi  mohammed,04667116845,AIRTEL,PAYG,06 October 2020,1000MB,99999,1486,121,null,oyo,Suspended,N
SUB600264,Grace Abubakar,+234656101438,MTN,Prepaid,26-Oct-2024,2GB,4667.5,-10,261,"NGN 22,757",Rivers,active,no
SUB600248,   Obinna Okafor,02185016315,9mobile,Pay As You Go,03 August 2019,2GB,99999,NULL,218,20979.45,Enugu,Suspended,No
SUB600363,Ibrahim Adeyemi,234-333-346-800,glo,prepaid,07.01.2018,5GB,4720.5,909,275,"8,240.19 ",Oyo,active,true
SUB600237,Amara Lawal,06937854777,mtn,Pay As You Go,09-Apr-2019,2GB,7693.9,-10,462,19573.91 naira,Anambra,active,FALSE
SUB600470,Tunde Okeke,234-539-423-733,9mobile,Pay As You Go,2019-09-14,1.5GB,6341.0,-10,219,"N24,189",Delta,Suspended,false
SUB600121,Tunde Okafor,234-896-118-367,Airtel,PAYG,2019-12-21,2GB,nil,-10,134,"₦14,627.97",Delta,BLACKLISTED,no
SUB600334,Funmilayo Chukwu,234-452-267-528,mtn,POSTPAID,04.01.2020,No active bundle,-50,-10,202,"NGN 10,913",Rivers,Suspended,yes
SUB600161,Tobi Ajayi,(621) 851-8888,AIRTEL,Postpaid,2022-05-06,1.5GB,-50,-10,280,17940.92,KANO,Suspended,true
SUB600256,Blessing Okeke,+234647154379,glo,PAYG,20.11.2025,500MB,5978.3,5,353,1301.50 naira,Oyo,BLACKLISTED,TRUE
SUB600280,Halima Olawale,(078) 361-3407,Airtel,prepaid,2023-07-28,No active bundle,-50,376,nil,13511.06 naira,Kaduna,Active,true
SUB600469,chinedu adeyemi,04341651827,Airtel,Prepaid,15/10/2020,1000MB,99999,1105,258,19178.46 naira,Lagos,BLACKLISTED,FALSE
SUB600407,Chinedu Mohammed,94522885158,9mobile,prepaid,20/07/2021,2 GB,7172.0,-10,296,Unknown,Cross River,Inactive,FALSE
SUB600126,Aliyu Eze,05851493689,MTN,Postpaid,2021-07-10,-,4287.4,2912,202,"NGN 17,091",Port Harcourt,active,TRUE
SUB600387,Sadiq Adeyemi,01143744701,MTN,PAYG,12 January 2021,500MB,5139.3,-10,209,7724.94,Lagos,Inactive,false
SUB600108,Fatima Ogundimu,81754965137,Glo,Pay As You Go,28-Aug-2021,No active bundle,99999,1875,361,"N23,008",Edo,Inactive,no
SUB600354,Emeka Lawal,19148564679,AIRTEL,PAYG,07 October 2020,2 GB,-50,nil,47,"NGN 22,964",Ogun,Active,TRUE
SUB600138,Tunde Balogun,+234883552312,mtn,Prepaid,26.06.2025,5 gb,99999,1944,40,"₦21,421.53",Ogun,BLACKLISTED,FALSE
SUB600003,Segun Chukwu,06379402654,mtn,PAYG,2019/10/29,10GB,-50,2621,431,"1,870.48 ",Cross River,Suspended,1
SUB600209,emeka afolabi,0547 887 2874,mtn,POSTPAID,01/04/2019,5GB,-50,1619,376,"NGN 6,437",Enugu,Suspended,true
SUB600307,Bola Adekunle,0800 030 7562,9mobile,POSTPAID,03.12.2019,5 gb,-50,-10,5,"₦13,175.04",Kaduna,Suspended,1
SUB600290,Kemi Nwosu   ,52064361103,9mobile,PAYG,03-Apr-2021,1000MB,4941.4,NULL,241,24920.12,Ogun,Active ,false
SUB600353,Chioma Afolabi,,9mobile,Pay As You Go,06.07.2023,1000MB,99999,-10,250,"₦9,520.42",Enugu,active,false
SUB600165,Adaeze Afolabi,+234486874034,Glo,Pay As You Go,not set,1.5GB,-50,1466,162,23946.20 naira,Cross River,BLACKLISTED,Y
SUB600019,ibrahim bello,30103105183,Airtel,Pay As You Go,20.05.2024,5GB,4383.5,-10,487,"NGN 16,983",Kano,Inactive,0
SUB600078,Obinna Adekunle,(123) 281-2067,9mobile,Postpaid,2024/09/10,No active bundle,99999,NIL,56,11305.44 naira,Enugu,Active ,N
SUB600428,Amara Okafor,,mtn,PAYG,25.04.2023,10GB,3906.5,600,411,11589.1,Anambra,Suspended,true
SUB600173,Ifeoma Suleiman,00278681447,MTN,Pay As You Go,28.07.2019,No active bundle,99999,871,278,"N13,722",rivers,BLACKLISTED,false
SUB600380,Fatima Lawal,0603 323 0982,mtn,PAYG,21.06.2025,1000MB,-50,86,  ,"N6,294",Kaduna,active,FALSE
SUB600391,Ibrahim Olawale   ,234-697-972-965,MTN,Pay As You Go,31-Oct-2019,NULL,--,1578,146,"NGN 22,035",Imo,Active ,No
SUB600211,funmilayo eze,0296 685 1612,mtn,PAYG,2018/02/26,1GB,-50,2157,30,"N19,835",Lagos,Active,1
SUB600130,Ifeoma Adekunle,+234290147679,Airtel,Prepaid,05/01/2018,1.5GB,-50,229,408,NULL,Ogun,Suspended,false
SUB600253,Ifeoma Afolabi,+234610158199,9mobile,PAYG,2018-08-11,1.5GB,99999,2835,56,"₦11,735.18",Kaduna,Inactive,yes
SUB600393,Kunle Okafor,+234899358891,9mobile,POSTPAID,09.11.2018,2 GB,6893.7,-10,165,"NGN 4,956",Kaduna,active,1
SUB600031,Kunle Ajayi,02513542784,mtn,PAYG,07.09.2024,10GB,99999,332,,"N10,509",Delta,Suspended,Yes
SUB600120,bola suleiman,0124 998 5698,mtn,PAYG,2022/07/06,2GB,4301.2,977,473,"N11,608",Oyo,Active ,false
SUB600390,Chioma Bello,06746762120,Airtel,Postpaid,2019-02-13,5GB,165.7,38,418,"NGN 17,833",Delta,BLACKLISTED,0
SUB600291,chinedu adekunle,234-129-387-005,Airtel,Pay As You Go,2018-07-06,2 GB,-50,-10,59,24473.66 naira,Akwa Ibom,Suspended,false
SUB600462,Femi Nnamdi,N/A,MTN,POSTPAID,27/04/2020,500MB,6038.9,-10,266,11619.31,Imo,Active,0
SUB600371,Adaeze Nnamdi,(135) 346-5549,9mobile,PAYG,2021-05-16,No active bundle,-50,405,96,"NGN 21,474",Rivers,Inactive,FALSE
SUB600268,Chinedu  Adekunle,14010512382,Glo,Prepaid,14 June 2024,2GB,1302.8,750,85,"21,874.86 ",Edo,Suspended,yes
SUB600243,  Ifeoma Eze,15679334101,AIRTEL,prepaid,27.01.2020,2GB,-50,-10,132,6984.29 naira,Delta,Inactive,FALSE
SUB600430,Ifeoma Suleiman,+234781414139,Glo,PAYG,2021-01-26,1000MB,-50,-10,296,"N8,910",Enugu,active,FALSE
SUB600316,Ibrahim Suleiman,(557) 431-3291,mtn,Pay As You Go,07 December 2025,5 gb,99999,76,272,964.85,Kano,BLACKLISTED,0
SUB600207,tunde adeyemi,0540 193 8026,mtn,Postpaid,2019/09/26,500MB,3683.0,2824,nil,"₦14,618.95",Lagos,Suspended,no
SUB600073,Grace Okafor,234-008-427-109,9mobile,Postpaid,2024/12/06,1000MB,99999,245,247,"₦8,834.72",Akwa Ibom,Active ,no
SUB600009,Fatima Eze   ,04139537672,9mobile,PAYG,26.07.2022,2GB,-50,1837,142,"₦21,924.91",Cross River,BLACKLISTED,No
SUB600128,Blessing Adeyemi,0229 612 0183,MTN,POSTPAID,06/24/2018,500MB,99999,-10,17,"N15,616",Delta,active,TRUE
SUB600304,Obinna Mohammed,0588 425 2410,9mobile,prepaid,25 June 2025,1GB,1386.3,-10,89,"₦22,414.21",Abuja,BLACKLISTED,N
SUB600251,MUSA BALOGUN   ,234-262-655-110,glo,Pay As You Go,10-Aug-2023,10GB,-50,-10,81,"N1,556",Oyo State,Suspended,FALSE
SUB600443,Funmilayo Okonkwo,+234908272318,mtn,POSTPAID,2018-10-22,No active bundle,99999,-10,192,"₦14,444.23",Anambra,Suspended,No
SUB600107,Kunle Bello,07123685160,AIRTEL,Pay As You Go,07-Aug-2020,No active bundle,NULL,-10,414,14645.02,Anambra,Inactive,no
SUB600087,Bola Adeyemi   ,0000000000,Airtel,Postpaid,2024/06/26,1000MB,99999,-10,349,"₦21,926.57",Akwa Ibom,Suspended,No
SUB600288,Yusuf Okeke,+234500170127,MTN,Prepaid,2020/12/03,No active bundle,-50,1894,436,10325.36 naira,Oyo State,Inactive,FALSE
SUB600049,Ifeoma Suleiman,0163 287 0831,Glo,POSTPAID,2025/04/20,2GB,5766.7,-10,351,"2,144.77 ",FCT,Inactive,TRUE
SUB600043,Kunle Suleiman,+234159514846,Glo,POSTPAID,2019-06-26,500MB,-50,308,115,18243.31,Cross River,BLACKLISTED,no
SUB600323,Emeka  Nwosu,29667066253,9mobile,Prepaid,19 January 2026,5 gb,-50,n/a,null,"23,372.30 ",Imo,BLACKLISTED,false
SUB600415,Wale Ogundimu,234-025-909-479,Glo,POSTPAID,08 February 2025,Unknown,6468.4,498,Unknown,"NGN 19,144",Kaduna,Active,N
SUB600074,Chioma Mohammed,0777 520 4711,MTN,prepaid,11/15/2021,--,99999,1712,461,"N8,522",Kaduna,Inactive,Y
SUB600171,YUSUF OKONKWO,(355) 690-9275,9mobile,PAYG,2019-08-07,2GB,-50,-10,182,"₦16,559.09",Ogun,Active,N
SUB600160,Bisi Afolabi,0893 246 0953,9mobile,PAYG,18 March 2019,5GB,NIL,-10,247,19636.5,Rivers,Inactive,No
SUB600330,Musa Olawale,0590 599 2937,Glo,Postpaid,30.03.2023,1GB,99999,2616,238,6355.97,Akwa Ibom,Suspended,false
SUB600056,Grace Ajayi,234-065-627-298,mtn,Prepaid,01-May-2024,null,99999,-10,283,"₦18,603.57",Imo,BLACKLISTED,true
SUB600289,Chinedu Nnamdi,+234632424154,AIRTEL,Postpaid,26.04.2019,1.5GB,-50,-10,307,20690.18,kano,Inactive,Yes
SUB600245,Funmilayo Bello,0591 803 3974,9mobile,POSTPAID,07.11.2025,2GB,NIL,1974,478,"NGN 8,669",Lagos,Active ,No
SUB600190,IBRAHIM ADEKUNLE,08016245650,9mobile,PAYG,2023-06-17,500MB,99999,N/A,179,"₦24,096.36",Ogun,Active ,true
SUB600229,Fatima Suleiman,234-628-733-427,mtn,POSTPAID,,2 GB,--,220,91,"N22,336",Plateau,Active ,0
SUB600119,Segun Olawale,+234661771159,glo,POSTPAID,19.02.2018,N/A,NULL,163,203,15899.98 naira,Enugu,active,false
SUB600395,Wale Eze   ,(772) 175-3540,9mobile,Postpaid,07/02/2019,1GB,-50,2849,13,"₦10,905.36",Abuja,Active,0
