ShipmentID,DriverName,VehicleType,VehiclePlateNumber,OriginCity,DestinationCity,DispatchDate,DeliveryDate,Distance_km,PackageWeight_kg,DeliveryStatus,DeliveryFee,CustomerPhone,FuelCost,OnTimeDelivery
SHP700135,Halima Okafor,Bike,LND-662BX,Lagos,Ibadan,11 June 2025,06/15/2025,156.5,176.89,Delivered,23302.00 naira,01596966416,"₦14,919.00",TRUE
SHP700291,Ibrahim Ogundimu,Truck (Big),ABJ-157KL,Lagos,Lagos (Intra-city),2026/05/01,01-May-2026,862.1,455.73,delivered,50064.00 naira,+234129387005,N/A,N
SHP700395,Grace Bello,VAN,PHC-459BX,Enugu,Onitsha,02.04.2025,04/04/2025,303.7,158.61,Returned to Sender,"N59,969",(772) 175-3540,N/A,N
SHP700140,Kemi Chukwu,Truck,ABJ-690KL,Lagos,Abuja,17.06.2025,22-Jun-2025,455.4,48602.8,Delivered,"NGN 33,319",+234955271774,?,FALSE
SHP700285,Chidi Mohammed,bike,KJA-432AA,Lagos,Ibadan,unknown date,26/12/2025,543.5,352878.1,DELAYED,"N79,908",46671168457,"26,845.00 ",true
SHP700087,Tunde Ogundimu,Bike,KJA-782KL,Lagos,Abuja,14/11/2025,2025-11-14,630.3,43563.3,delivered,"NGN 23,147",234-385-977-034,--,yes
SHP700247,Sadiq Suleiman,Bike,KJA-388BX,Lagos,Lagos (Intra-city),21-Jul-2025,21 July 2025,142.1,95.73,DELAYED,"NGN 34,692",0614 293 9685,"N24,306",0
SHP700136,Tobi Ogundimu,Truck (Big),LND-593AA,Port Harcourt,Aba,14.09.2025,17-Sep-2025,540.0,378857.9,Delivered,"NGN 60,018",0529 751 6136,"₦33,201.00",Y
SHP700361,Adaeze Adekunle,Tricycle (Keke),ABJ-267BX,Lagos,Lagos (Intra-city),29-Jan-2026,03/02/2026,239.7,337798.8,DELAYED,"NGN 2,521",0610 357 9727,"N2,440",true
SHP700122,  Adaeze Olawale,Bike,KJA-626KL,Enugu,Onitsha,N/A,01/11/2025,107.7,452.3,Returned to Sender,"₦2,112.00",+234576615654,"₦18,120.00",TRUE
SHP700006,Bola Nnamdi   ,bike,PHC-348BX,Abuja,Kaduna,14/08/2025,19-Aug-2025,11.4,  ,delivered,9718.00 naira,01034131647,9228.00 naira,1
SHP700163,aliyu okonkwo,bike,ABJ-566KL,Lagos,Benin,03/02/2025,08-Feb-2025,468.9,165.89,DELAYED,"NGN 47,464",31952058527,14510.00 naira,N
SHP700003,Kemi Balogun,Tricycle (Keke),PHC-246BX,Abuja,Kaduna,29 November 2025,05-Dec-2025,759.4,402620.4,In Transit,"₦44,045.00",,  ,1
SHP700039,Ibrahim Eze,Truck,ABJ-920KL,Kano,Kaduna,2025-01-20,,46.4,286913.1,Returned to Sender,"₦34,938.00",75433036541,"₦14,657.00",TRUE
SHP700360,Musa Bello,Truck,PHC-785KL,Kano,Kaduna,not set,2025-05-15,522.9,?,DELAYED,"₦34,748.00",0030 705 3457,--,No
SHP700083,Zainab Mohammed,Truck,-,Lagos,Ibadan,2025-05-08,unknown date,90.9,0.84,Cancelled,56233.0,0000000000,Unknown,true
SHP700328,Kemi Adeyemi,Truck (Big),nil,Lagos,Ibadan,21 December 2025,2025/12/27,unknown,nil,Cancelled,59569.00 naira,+234785932133,?,no
SHP700120,Fatima Ajayi,Truck (Big),PHC-949AA,Lagos,Ibadan,2026/01/26,01/29/2026,534.8,27374.2,delivered,7718.0,01249985698,"₦23,151.00",FALSE
SHP700344,  Musa Ajayi,Bike,,Port Harcourt,Aba,2026-04-04,06-Apr-2026,371.8,268.24,DELAYED,"NGN 14,977",(872) 050-6149,"₦37,721.00",Yes
SHP700192,Tobi Olawale,Van,KJA-559KL,Lagos,Abuja,12/02/2025,18.02.2025,322.4,130.57,Delayed,14530.0,84991216558,"NGN 20,009",FALSE
SHP700142,Chinedu Adeyemi,Truck (Big),KJA-984BX,Kano,Kaduna,2025-11-13,2025/11/15,413.1,313.43,Cancelled,"N54,192",(411) 998-6798,NULL,No
SHP700007,Adaeze Suleiman,Bike,ABJ-270BX,Lagos,Benin,13-Oct-2025,15-Oct-2025,419.1,221.84,Cancelled,"N25,318",(255) 341-9283,"₦20,494.00",N
SHP700221,Grace Nwosu,VAN,ABJ-188BX,Lagos,Ibadan,15-Jul-2025,,105.2,429.58,delivered,38680.00 naira,0000000000,"N9,651",1
SHP700055,Halima Ogundimu,Truck,LND-231AA,Lagos,Lagos (Intra-city),2025-02-16,02/21/2025,363.5,144656.5,Delivered,"₦5,283.00",0466 889 3734,?,no
SHP700212,segun  okonkwo,Bike,ABJ-191BX,Lagos,Benin,09/24/2025,,332.7,99732.5,In Transit,"NGN 8,937",07530463745,nil,0
SHP700320,Chioma Okafor,Truck (Big),null,Lagos,Lagos (Intra-city),2025/05/11,,503.3,27.24,Returned to Sender,"NGN 41,703",67883171210,21411.0,false
SHP700334,Adaeze Adekunle,Bike,NULL,Lagos,Abuja,09/02/2025,02/10/2025,284.7,290.16,DELAYED,70195.00 naira,234-452-267-528,nil,no
SHP700229,Obinna Ogundimu   ,Tricycle (Keke),LND-864AA,Kano,Kaduna,27/03/2026,2026-04-02,529.9,n/a,Delivered,unknown,N/A,,yes
SHP700385,Chidi Okonkwo   ,Tricycle (Keke),KJA-961BX,Port Harcourt,Aba,,N/A,460.7,--,DELAYED,51475.00 naira,08356420873,10463.00 naira,No
SHP700323,SEGUN NNAMDI,Truck,PHC-832AA,Lagos,Benin,2026-04-25,2026/04/26,794.8,490.89,Returned to Sender,"N56,524",29667066253,"NGN 6,918",FALSE
SHP700044,Ifeoma Abubakar,Tricycle (Keke),PHC-265AA,Abuja,Kaduna,2026-03-31,,421.3,119964.7,Delivered,60902.00 naira,06482366299,--,No
SHP700251,Blessing Bello,Van,LND-502KL,Lagos,Lagos (Intra-city),01.11.2025,05/11/2025,355.0,90199.3,In Transit,77379.00 naira,04262655110,"₦4,908.00",no
SHP700363,Bisi Okafor,Van,-,Lagos,Abuja,17/05/2026,22 May 2026,30.9,169062.1,Delivered,"₦46,171.00",0933 334 6800,12438.0,N
SHP700253,Zainab Adeyemi,bike,  ,Kano,Kaduna,2025/06/22,2025-06-23,427.5,77.17,Delivered,65996.0,234-610-158-199,"₦9,599.00",Yes
SHP700151,Amara Suleiman,Tricycle (Keke),null,Lagos,Lagos (Intra-city),29 November 2025,N/A,232.3,413.16,DELAYED,"N70,132",(270) 653-7947,"N23,685",No
SHP700076,Blessing Chukwu,Bike,PHC-207BX,Lagos,Lagos (Intra-city),17/03/2026,2026-03-19,99.8,255.58,Cancelled,"₦30,583.00",0869 993 8677,"13,410.00 ",No
SHP700347,Amara Nwosu,Truck (Big),ABJ-160BX,Lagos,Abuja,2025-11-15,15 November 2025,302.5,85043.2,Delayed,59148.0,(704) 774-3490,"NGN 38,460",0
SHP700286,Segun Mohammed,Bike,PHC-285BX,Abuja,Kaduna,03/29/2026,31/03/2026,152.5,116245.7,DELAYED,"N34,415",07590175186,"N19,291",1
SHP700227,HALIMA SULEIMAN,Van,LND-128KL,Lagos,Lagos (Intra-city),19.02.2026,25/02/2026,699.0,18.97,Delayed,"NGN 53,854",,"₦23,753.00",no
SHP700213,Aliyu Abubakar,Truck (Big),KJA-844KL,Enugu,Onitsha,02.05.2025,05/06/2025,116.0,144.34,Delayed,"N50,172",0990 453 0174,NIL,1
SHP700079,Ngozi Abubakar,bike,PHC-518KL,Port Harcourt,Aba,24-May-2025,25.05.2025,172.5,475945.1,Delayed,"NGN 20,274",(740) 344-7134,31105.00 naira,No
SHP700369,Blessing Chukwu,Van,ABJ-583KL,Enugu,Onitsha,2025-04-04,,?,276.25,In Transit,58587.00 naira,+234993538758,"₦21,008.00",FALSE
SHP700026,Obinna Yusuf,Truck,PHC-954BX,Lagos,Abuja,19 August 2025,22 August 2025,510.5,473.56,Delivered,24567.0,(098) 050-0978,2097.0,FALSE
SHP700201,Emeka Suleiman,Truck (Big),PHC-293AA,Lagos,Ibadan,2025/03/26,26-Mar-2025,67.4,368219.1,Returned to Sender,"₦56,489.00",0549 733 4843,39148.0,Y
SHP700035,OBINNA OGUNDIMU   ,VAN,KJA-490KL,Port Harcourt,Aba,15 April 2026,2026/04/16,20.4,423.73,DELAYED,19454.00 naira,234-801-128-059,17152.0,no
SHP700305,Aliyu Balogun,VAN,LND-315KL,Lagos,Abuja,2025/03/21,23/03/2025,447.3,195.7,delivered,"₦52,156.00",234-481-491-778,25332.00 naira,Y
SHP700341,Blessing Nnamdi,Bike,KJA-139BX,Lagos,Lagos (Intra-city),22 March 2025,2025/03/22,n/a,253776.6,DELAYED,"N80,254",+234262181599,9110.00 naira,Y
SHP700159,Ngozi Nnamdi,Tricycle (Keke),KJA-288BX,Port Harcourt,Aba,08/25/2025,31/08/2025,538.7,344226.6,In Transit,63488.0,0036 971 1798,"NGN 20,618",0
SHP700371,Ngozi Nwosu,Van,KJA-199BX,Lagos,Abuja,2025/04/17,2025-04-20,135.7,183549.0,DELAYED,"NGN 39,106",01353465549,"NGN 7,625",N
SHP700118,Musa Nnamdi,VAN,ABJ-305AA,Kano,Kaduna,2025-09-12,2025/09/14,538.7,67119.2,Returned to Sender,"NGN 59,475",234-783-908-470,24147.0,true
SHP700171,Tunde Okeke,Truck,LND-941BX,Kano,Kaduna,22/03/2026,2026/03/28,512.7,n/a,Returned to Sender,"N76,922",N/A,"NGN 19,213",FALSE
SHP700209,fatima mohammed,Bike,PHC-646BX,Lagos,Abuja,17 November 2025,20.11.2025,327.9,372107.5,delivered,"NGN 32,206",(547) 887-2874,nil,Yes
SHP700002,Tobi Nwosu,Bike,ABJ-987AA,Lagos,Abuja,23.01.2026,2026/01/28,166.1,288.89,delivered,"N7,462",+234013389083,  ,false
SHP700166,Funmilayo Bello,Truck (Big),ABJ-684KL,Lagos,Lagos (Intra-city),20.01.2025,2025-01-24,384.1,33.57,Delivered,"NGN 43,004",234-541-566-765,"₦13,488.00",Yes
SHP700342,Zainab Okonkwo,Truck,PHC-643KL,Abuja,Kaduna,01.04.2025,05-Apr-2025,856.0,2.1,Delayed,"NGN 46,875",234-629-620-153,"NGN 18,993",1
SHP700015,Amaka Suleiman,Van,PHC-560BX,Abuja,Kaduna,2025-05-05,2025-05-12,448.5,445767.2,In Transit,"NGN 24,188",+234570154303,n/a,false
SHP700398,Chidi Chukwu,VAN,ABJ-576BX,Lagos,Benin,not set,04/15/2025,unknown,267.91,Delivered,76303.00 naira,08019948837,4486.0,FALSE
SHP700345,Adaeze Adekunle,Truck (Big),PHC-771BX,Lagos,Abuja,2026-05-29,2026/05/30,361.2,141.9,Delivered,"2,731.00 ",+234103241714,--,N
SHP700380,Tunde Afolabi,Truck (Big),PHC-917AA,Lagos,Lagos (Intra-city),23 July 2025,29 July 2025,394.4,302.01,Returned to Sender,"N42,583",60332309821,Unknown,No
SHP700144,Aliyu Abubakar,Van,ABJ-396AA,Abuja,Kaduna,2026-06-14,21/06/2026,508.9,371592.0,Delivered,"₦17,026.00",51820377889,"₦2,312.00",Yes
SHP700031,FUNMILAYO AFOLABI,Truck,ABJ-363BX,Lagos,Abuja,10.02.2025,11/02/2025,248.1,45521.6,DELAYED,"N57,973",(251) 354-2784,"₦32,046.00",TRUE
SHP700137,obinna abubakar,Truck (Big),KJA-259AA,Enugu,Onitsha,2025/11/18,18 November 2025,500.2,91.8,Delayed,53326.00 naira,(681) 645-3521,20651.0,yes
SHP700085,Femi Ajayi,bike,  ,Kano,Kaduna,12/26/2025,2025-12-29,867.1,124.27,DELAYED,81215.00 naira,0512 567 4680,-,no
SHP700155,Fatima Suleiman,Truck,PHC-737KL,Lagos,Ibadan,2025/12/18,,65.0,235.86,Delivered,"₦22,831.00",61375060685,"N4,017",Yes
SHP700199,Kunle Eze,Van,ABJ-289KL,Lagos,Ibadan,26.04.2026,2026-04-30,111.4,151.17,DELAYED,"NGN 62,334",02636897028,31003.00 naira,false
SHP700335,Ibrahim Mohammed,Bike,LND-723AA,Lagos,Lagos (Intra-city),22.02.2026,27-Feb-2026,211.4,NIL,In Transit,N/A,+234392644220,"N39,917",false
SHP700390,Ifeoma Lawal,Van,KJA-100AA,Port Harcourt,Aba,2025-02-20,00/00/0000,530.5,261113.4,In Transit,"65,344.00 ",+234746762120,8059.00 naira,FALSE
SHP700162,IBRAHIM OKONKWO,Tricycle (Keke),PHC-975BX,Lagos,Lagos (Intra-city),00/00/0000,10-Jun-2025,?,Unknown,Delayed,"N53,250",00670654051,-,Yes
SHP700315,  Ifeoma Balogun,Bike,PHC-994AA,Lagos,Lagos (Intra-city),,16 April 2026,10.2,10903.0,DELAYED,"NGN 9,341",0199 062 3445,15330.00 naira,true
SHP700259,chidi chukwu   ,Bike,PHC-679AA,Lagos,Ibadan,2025-01-14,19-Jan-2025,409.0,462882.7,Delivered,55851.0,02654793564,15734.0,Yes
SHP700193,Ibrahim Okafor,Truck (Big),,Lagos,Benin,03/29/2026,01.04.2026,65.5,Unknown,DELAYED,"N38,696",(523) 986-8000,"N20,638",TRUE
SHP700063,Blessing Mohammed,Tricycle (Keke),LND-672BX,Enugu,Onitsha,30/04/2025,30 April 2025,--,45.93,Delivered,"₦46,687.00",0905 865 1850,nil,Y
SHP700244,Wale Adeyemi,bike,ABJ-974KL,Lagos,Benin,07/14/2025,,213.3,159.32,DELAYED,"N43,941",66687002176,  ,FALSE
SHP700132,Aliyu Mohammed   ,bike,NIL,Kano,Kaduna,23 August 2025,08/23/2025,271.1,175.58,Delayed,10400.00 naira,234-403-690-034,"NGN 18,095",yes
SHP700394,Chinedu Olawale,Truck,KJA-938KL,Lagos,Ibadan,02/13/2026,2026/02/13,352.2,334.7,DELAYED,"N14,909",37562890028,"NGN 17,250",Y
SHP700141,Musa Bello,Tricycle (Keke),PHC-271AA,Kano,Kaduna,03/15/2025,16-Mar-2025,194.1,unknown,Returned to Sender,5994.0,09058147700,N/A,true
SHP700300,Kemi Nnamdi,Tricycle (Keke),ABJ-749BX,Lagos,Lagos (Intra-city),15/01/2025,18 January 2025,139.7,158545.7,In Transit,30565.0,06848666188,"NGN 15,824",yes
SHP700187,Amaka Ogundimu,bike,ABJ-705AA,Lagos,Benin,24-Aug-2025,2025/08/24,479.4,Unknown,Cancelled,41519.0,0469 632 5953,5157.0,false
SHP700061,Emeka Ogundimu,Truck,KJA-696KL,Kano,Kaduna,2025-04-08,08-Apr-2025,81.3,3911.6,Returned to Sender,78579.0,52991241904,"N13,211",N
SHP700393,Musa Nnamdi,VAN,PHC-143KL,Port Harcourt,Aba,2025/04/17,18.04.2025,462.3,418787.3,delivered,76966.00 naira,08993588916,unknown,0
SHP700167,Wale Lawal,bike,KJA-894BX,Abuja,Kaduna,05.04.2025,07/04/2025,17.0,77461.8,Returned to Sender,"NGN 11,172",,"₦35,789.00",true
SHP700279,Yusuf Abubakar,VAN,KJA-221BX,Abuja,Kaduna,2025/04/24,29.04.2025,25.5,210.82,delivered,"NGN 71,896",09788191485,"NGN 6,793",Yes
SHP700349,Halima Ajayi,Truck (Big),ABJ-268KL,Lagos,Lagos (Intra-city),2025-06-19,21/06/2025,131.7,476021.7,delivered,9336.00 naira,(687) 937-4160,"NGN 7,945",TRUE
SHP700376,Funmilayo Suleiman,Van,LND-881AA,Enugu,Onitsha,2026-05-23,2026-05-30,39.5,47736.7,delivered,"₦14,409.00",+234666760083,"₦25,185.00",TRUE
SHP700081,funmilayo yusuf,Bike,ABJ-868BX,Lagos,Benin,31.07.2025,2025/08/02,450.8,266.37,DELAYED,57966.00 naira,234-994-717-464,"₦16,257.00",No
SHP700169,Zainab Ajayi,VAN,PHC-731BX,Lagos,Ibadan,2026/04/28,29.04.2026,31.1,27.37,Delivered,unknown,27570596401,"NGN 19,685",N
SHP700392,Emeka Lawal,Tricycle (Keke),PHC-158KL,Lagos,Benin,14.05.2026,2026/05/18,683.8,366013.8,DELAYED,"NGN 22,479",0000000000,"N20,809",true
SHP700262,Obinna Lawal,Bike,LND-162BX,Lagos,Benin,not set,23 March 2025,213.0,32.6,Returned to Sender,83906.0,0617 979 6886,"NGN 24,966",true
SHP700134,Wale Bello,bike,nil,Enugu,Onitsha,2026/03/22,2026/03/22,149.3,19358.8,In Transit,"N4,306",+234388516060,"NGN 27,613",true
SHP700208,Chidi Lawal,Bike,LND-421KL,Abuja,Kaduna,13-Jun-2025,14.06.2025,19.3,329.51,Delivered,49176.00 naira,06724004991,N/A,N
SHP700186,  Chioma Nwosu,bike,PHC-282BX,Lagos,Lagos (Intra-city),08/24/2025,08/28/2025,?,n/a,Delivered,72613.00 naira,234-537-147-321,"₦13,216.00",true
SHP700168,Femi Olawale,VAN,LND-379AA,Port Harcourt,Aba,24 January 2025,2025-01-25,521.9,96676.5,delivered,"N68,634",234-451-154-479,14872.00 naira,Y
SHP700152,kunle yusuf,Truck (Big),PHC-277BX,Lagos,Ibadan,17 April 2026,2026-04-18,nil,125303.5,Delivered,--,08347359774,"N10,615",FALSE
SHP700001,AMARA AFOLABI,VAN,PHC-325BX,Lagos,Abuja,26/01/2025,2025-01-28,668.7,368.37,DELAYED,"₦29,606.00",234-043-321-819,32671.0,TRUE
SHP700203,Kunle Ogundimu,Truck (Big),LND-882AA,Kano,Kaduna,01/12/2025,06-Dec-2025,141.7,Unknown,delivered,"NGN 73,340",0866 524 0415,"NGN 13,873",No
SHP700111,Amaka Eze,bike,LND-389AA,Port Harcourt,Aba,07 March 2026,03/11/2026,371.3,350512.8,In Transit,4790.00 naira,0758 692 6179,"N2,104",No
SHP700014,  TOBI YUSUF,Truck (Big),LND-566BX,Lagos,Benin,2025/03/28,04/04/2025,372.1,nil,DELAYED,"₦65,799.00",+234489325288,28445.00 naira,TRUE
SHP700116,Zainab Chukwu,Bike,LND-877KL,Lagos,Lagos (Intra-city),25.02.2025,2025-03-01,472.4,n/a,Cancelled,13228.0,01020539502,"₦9,445.00",1
SHP700005,  Emeka Adeyemi,Truck (Big),ABJ-231KL,Lagos,Ibadan,2025-11-28,04 December 2025,65.3,415916.9,delivered,27528.0,(781) 618-4959,"₦11,420.00",Yes
SHP700131,Amaka Mohammed,Van,nil,Lagos,Abuja,24.08.2025,,343.5,429866.1,Returned to Sender,"₦46,530.00",64381561497,"NGN 21,838",Yes
SHP700042,Funmilayo Eze,Tricycle (Keke),KJA-358KL,Lagos,Lagos (Intra-city),17 October 2025,2025/10/22,351.7,394.72,delivered,"NGN 59,823",06934060883,16314.0,Y
SHP700104,Segun Okonkwo,Truck,LND-391AA,Lagos,Ibadan,05 September 2025,2025/09/08,338.4,237553.9,delivered,"₦35,694.00",95339421047,  ,Y
SHP700205,Kemi Okafor,bike,LND-424BX,Lagos,Lagos (Intra-city),23/06/2025,06/24/2025,184.4,211525.3,DELAYED,"₦57,227.00",0933 083 3016,Unknown,N
SHP700382,Ifeoma  Okeke,bike,LND-898AA,Port Harcourt,Aba,2025-08-17,08/20/2025,429.8,100565.6,Delayed,20954.0,0000000000,,0
SHP700240,Blessing Bello,Tricycle (Keke),LND-447KL,Port Harcourt,Aba,26-Jan-2026,29/01/2026,346.2,nil,DELAYED,"N17,667",234-099-770-088,"N20,293",Y
SHP700218,Kemi Okeke,Bike,PHC-930BX,Lagos,Benin,03-Jan-2026,,600.6,442763.8,delivered,"N20,223",0718 707 2867,"₦26,595.00",0
SHP700069,Tobi Lawal   ,bike,KJA-117KL,Lagos,Benin,25.08.2025,27/08/2025,65.8,186913.7,Returned to Sender,"45,459.00 ",0436 349 5788,unknown,FALSE
SHP700350,Amara Yusuf,Van,LND-706AA,Abuja,Kaduna,12/20/2025,21 December 2025,518.8,455799.6,Delayed,"49,567.00 ",98992172233,27403.00 naira,Y
SHP700239,Bola Ajayi,Truck (Big),LND-740BX,Abuja,Kaduna,21/04/2025,27.04.2025,428.9,410.91,Delivered,78246.00 naira,00623120387,"₦5,869.00",Yes
SHP700264,Emeka Ajayi,VAN,LND-456BX,Lagos,Ibadan,26-Nov-2025,2025-11-27,19.9,368038.6,DELAYED,"N44,925",(965) 610-1438,N/A,yes
SHP700333,Blessing Okafor,Truck,PHC-753KL,Lagos,Ibadan,,13-May-2025,370.4,423.87,Delayed,23172.00 naira,+234921851569,,N
SHP700139,Amaka Eze,Truck (Big),ABJ-668BX,Lagos,Lagos (Intra-city),09.01.2026,11/01/2026,769.6,285.92,DELAYED,54159.00 naira,0329 212 7799,"N23,361",1
SHP700192,Tobi Olawale,Van,KJA-559KL,Lagos,Abuja,12/02/2025,18.02.2025,322.4,130.57,Delayed,14530.0,84991216558,"NGN 20,009",FALSE
SHP700337,Bola Afolabi,Van,PHC-747AA,Abuja,Kaduna,22/02/2026,28 February 2026,373.2,398.03,Delivered,"₦12,054.00",25135521570,Unknown,TRUE
SHP700071,Chioma Mohammed,VAN,LND-612KL,Lagos,Benin,00/00/0000,13.02.2026,836.3,424796.5,DELAYED,"N28,752",0518 233 7498,  ,FALSE
SHP700258,Bisi Mohammed,Truck (Big),PHC-120BX,Lagos,Abuja,2026-01-04,01/06/2026,96.3,304892.4,Cancelled,"N25,149",234-569-245-937,n/a,N
SHP700021,Fatima Abubakar,Truck,KJA-202AA,Enugu,Onitsha,2025-10-05,,279.4,158.12,Delivered,"N47,705",0311 656 6701,null,0
SHP700249,Bola Suleiman,Truck,LND-275AA,Lagos,Benin,07.06.2025,N/A,--,102500.2,In Transit,25807.00 naira,234-965-047-735,"8,529.00 ",1
SHP700312,Tunde Olawale,Truck,PHC-771AA,Lagos,Abuja,05/22/2026,27-May-2026,58.9,192837.6,DELAYED,"₦34,917.00",06038505064,"N35,054",Y
SHP700068,Chioma Okeke,Tricycle (Keke),KJA-363BX,Lagos,Benin,17-Jan-2025,2025/01/22,522.6,147.95,Returned to Sender,84192.0,01367837770,27392.0,1
SHP700078,Segun Ogundimu,Truck (Big),n/a,Port Harcourt,Aba,05/17/2026,05/19/2026,358.3,293708.9,In Transit,49496.00 naira,(123) 281-2067,26520.0,0
SHP700032,Tunde Nwosu,bike,KJA-724AA,Lagos,Abuja,11-Apr-2026,15/04/2026,419.4,411297.4,Delayed,"₦84,660.00",(808) 412-4118,  ,false
SHP700108,Ngozi Olawale,Van,LND-599BX,Kano,Kaduna,2025/02/25,,784.4,493602.2,DELAYED,15579.0,08175496513,--,1
SHP700009,Segun Yusuf,VAN,LND-783KL,Lagos,Abuja,03/17/2025,03/18/2025,486.2,466.66,delivered,"N30,131",(413) 953-7672,"36,403.00 ",No
SHP700057,Sadiq Adeyemi,bike,ABJ-674BX,Lagos,Ibadan,28-Mar-2026,30 March 2026,285.8,387598.7,DELAYED,"N73,949",234-990-162-720,"NGN 9,306",TRUE
SHP700217,Funmilayo Okeke,VAN,LND-660KL,Enugu,Onitsha,04/10/2026,16.04.2026,567.4,22401.6,Cancelled,25292.0,03982258713,32442.0,yes
SHP700245,Zainab Chukwu,Tricycle (Keke),PHC-585BX,Lagos,Abuja,21.06.2025,06/21/2025,420.7,232401.5,In Transit,27051.0,234-918-033-974,5221.0,yes
SHP700391,fatima ogundimu,bike,LND-890KL,Abuja,Kaduna,12-Sep-2025,13 September 2025,42.3,nil,delivered,"NGN 30,005",0169 797 2965,"N11,707",1
SHP700379,Emeka Olawale,Truck (Big),KJA-670KL,Lagos,Lagos (Intra-city),02/28/2026,2026/03/01,488.8,281137.3,DELAYED,31663.0,+234985625753,unknown,no
SHP700001,AMARA AFOLABI,VAN,PHC-325BX,Lagos,Abuja,26/01/2025,2025-01-28,668.7,368.37,DELAYED,"₦29,606.00",234-043-321-819,32671.0,TRUE
SHP700317,Kemi Yusuf,Truck (Big),PHC-680BX,Enugu,Onitsha,24-Jun-2026,06/26/2026,509.1,195817.6,Returned to Sender,"NGN 56,971",234-277-561-853,null,FALSE
SHP700325,Amaka Nnamdi,Van,LND-696AA,Lagos,Benin,07/24/2025,,276.1,nil,Cancelled,"48,953.00 ",76870146263,"N36,618",0
SHP700017,  Grace Afolabi,Truck,KJA-879BX,Enugu,Onitsha,11-May-2025,2025/05/12,300.0,296.15,Delayed,"₦20,223.00",08963834657,"₦38,085.00",Yes
SHP700130,Halima Bello,bike,LND-999KL,Lagos,Benin,18/05/2025,05/25/2025,568.4,28.43,In Transit,"67,850.00 ",22901476797,"N8,373",0
SHP700075,Bola Ogundimu,Tricycle (Keke),PHC-647KL,Kano,Kaduna,27-May-2026,01.06.2026,171.4,357760.6,Delivered,"NGN 10,632",+234190229413,3683.0,1
SHP700310,Amaka Chukwu,Bike,LND-329AA,Lagos,Ibadan,2026-02-07,13/02/2026,550.0,424.41,Delayed,69648.00 naira,,"₦31,828.00",yes
SHP700098,bola olawale,Bike,KJA-708KL,Abuja,Kaduna,16-Jun-2025,18-Jun-2025,408.9,147.81,In Transit,82862.00 naira,24005045562,"NGN 27,103",No
SHP700101,Amaka Mohammed,Truck,Unknown,Lagos,Benin,2025-08-05,12/08/2025,73.2,39.65,Returned to Sender,"₦66,771.00",(482) 175-9464,30818.0,FALSE
SHP700296,Obinna Eze,Van,KJA-265AA,Lagos,Benin,25/05/2026,,11.4,273.79,Cancelled,83203.0,+234999404389,38924.00 naira,no
SHP700176,Wale Okeke,VAN,PHC-478AA,Port Harcourt,Aba,16-May-2025,16/05/2025,156.1,7.59,DELAYED,14372.00 naira,0313 237 0589,"N18,727",N
SHP700119,Fatima Adekunle,Van,KJA-799BX,Port Harcourt,Aba,09.03.2026,09-Mar-2026,728.4,190.74,delivered,"NGN 48,417",0766 177 1159,31804.0,yes
SHP700090,Sadiq  Yusuf,Van,KJA-195AA,Lagos,Ibadan,27 August 2025,2025/09/01,N/A,1230.3,delivered,"₦69,967.00",0846 773 7826,"NGN 6,967",no
SHP700045,CHIOMA BALOGUN,Truck (Big),ABJ-240AA,Abuja,Kaduna,2026/04/07,14/04/2026,520.3,NULL,DELAYED,13985.0,234-804-436-995,"NGN 6,630",true
SHP700220,FUNMILAYO OKONKWO,Tricycle (Keke),LND-105BX,Lagos,Abuja,03-Mar-2026,2026/03/09,168.5,225249.0,Returned to Sender,"N69,397",06518017046,"₦32,576.00",Y
SHP700088,OBINNA OKEKE,Bike,,Lagos,Abuja,27-Sep-2025,29.09.2025,nil,248.33,delivered,"NGN 56,251",24771093248,"N33,388",No
SHP700040,EMEKA EZE,Van,PHC-575KL,Lagos,Abuja,28 June 2026,2026/07/03,506.6,175.87,Cancelled,"NGN 38,424",04586850142,4819.00 naira,Yes
SHP700004,Tobi Eze,bike,KJA-887KL,Lagos,Abuja,01/30/2026,03.02.2026,556.7,485.55,DELAYED,"53,713.00 ",+234511615594,Unknown,TRUE
SHP700185,Tobi Lawal,Van,LND-155KL,Lagos,Lagos (Intra-city),2026-06-04,,201.3,138.58,DELAYED,3927.00 naira,+234925556258,"NGN 24,523",N
SHP700012,Yusuf Okeke,Truck,LND-211KL,Lagos,Abuja,2025-10-13,14 October 2025,286.2,--,Delivered,"44,913.00 ",66978480184,9487.00 naira,true
SHP700082,Sadiq Balogun,Tricycle (Keke),KJA-970AA,Kano,Kaduna,12-Jun-2026,19.06.2026,389.2,227.62,In Transit,48773.00 naira,87719065940,"N3,746",0
SHP700157,Ngozi Olawale,VAN,ABJ-189KL,Port Harcourt,Aba,05 March 2025,08 March 2025,565.1,472.1,Returned to Sender,28995.00 naira,+234472779010,"NGN 27,994",Y
SHP700224,KUNLE BALOGUN,Truck,KJA-887AA,Lagos,Ibadan,01/19/2025,20-Jan-2025,326.1,87.77,DELAYED,"₦10,763.00",03106903311,"₦3,595.00",true
SHP700129,Halima Mohammed,Van,LND-626KL,Abuja,Kaduna,06/13/2026,14-Jun-2026,457.3,243.69,Cancelled,57882.00 naira,67525459910,"₦2,853.00",FALSE
SHP700214,Funmilayo Nwosu,Truck,LND-105BX,Abuja,Kaduna,28-Jan-2026,30 January 2026,n/a,36.99,Returned to Sender,"NGN 42,652",06841459332,"₦22,156.00",No
SHP700153,Ngozi Adeyemi,Tricycle (Keke),PHC-870KL,Lagos,Ibadan,27-Jan-2026,2026-02-02,?,270.19,Returned to Sender,"₦34,832.00",88623924075,Unknown,N
SHP700277,Halima Chukwu,Tricycle (Keke),PHC-488AA,Lagos,Ibadan,2026/04/05,06-Apr-2026,868.4,87.82,delivered,"NGN 54,203",68876767721,35950.0,0
SHP700311,  amara ogundimu,Tricycle (Keke),PHC-784AA,Lagos,Abuja,28-Sep-2025,2025/10/02,343.7,nil,Delayed,"NGN 60,900",+234937597383,"NGN 29,940",No
SHP700113,Zainab Lawal,VAN,ABJ-215AA,Lagos,Abuja,N/A,,104.7,228541.1,Returned to Sender,"₦58,146.00",234-064-317-139,"34,778.00 ",false
SHP700095,   FEMI YUSUF,Tricycle (Keke),LND-439KL,Lagos,Ibadan,2025/12/27,N/A,853.1,405295.4,DELAYED,10762.00 naira,01718702621,"NGN 37,793",No
SHP700304,Amara Bello,Van,ABJ-768AA,Abuja,Kaduna,04/06/2025,2025/04/12,N/A,14.4,delivered,3432.0,(588) 425-2410,null,Y
SHP700007,Adaeze Suleiman,Bike,ABJ-270BX,Lagos,Benin,13-Oct-2025,15-Oct-2025,419.1,221.84,Cancelled,"N25,318",(255) 341-9283,"₦20,494.00",N
SHP700388,Funmilayo Lawal,Tricycle (Keke),LND-784BX,Enugu,Onitsha,01.05.2025,05/01/2025,unknown,446317.2,Delivered,"NGN 47,464",234-455-611-002,23025.0,TRUE
SHP700243,ibrahim okonkwo,Van,LND-280BX,Lagos,Benin,N/A,10/26/2025,354.0,22.43,DELAYED,"₦32,591.00",(156) 793-3410,"₦35,379.00",Y
SHP700307,Amaka Olawale,bike,PHC-539AA,Port Harcourt,Aba,2025/06/19,26/06/2025,533.2,223355.8,Cancelled,"26,005.00 ",(800) 030-7562,"₦3,138.00",no
SHP700048,SEGUN NNAMDI,Van,  ,Kano,Kaduna,14-Feb-2026,20-Feb-2026,500.3,-,Returned to Sender,"NGN 84,846",01769367632,-,TRUE
SHP700100,Tobi Chukwu,Tricycle (Keke),ABJ-666AA,Port Harcourt,Aba,20-Aug-2025,08/27/2025,754.2,NIL,Delivered,43425.0,(379) 237-4740,unknown,Y
SHP700372,  Tobi Yusuf,Truck,ABJ-128AA,Lagos,Lagos (Intra-city),07/01/2026,01/13/2026,643.9,152718.3,Returned to Sender,"NGN 72,693",0717 099 9173,35090.00 naira,0
SHP700059,  Funmilayo Lawal,Tricycle (Keke),PHC-588KL,Abuja,Kaduna,2025-09-06,06/09/2025,50.4,26719.3,delivered,61880.0,+234080531003,"3,381.00 ",0
SHP700375,Amara Ajayi,Bike,KJA-872BX,Enugu,Onitsha,11/04/2025,2025/11/11,514.5,360.13,In Transit,"N29,985",07432927129,-,TRUE
SHP700183,Musa Ajayi,VAN,PHC-432AA,Lagos,Abuja,04/13/2026,16 April 2026,552.0,null,In Transit,"₦64,755.00",+234969078447,"₦37,176.00",No
SHP700358,Musa Olawale,Tricycle (Keke),KJA-141AA,Enugu,Onitsha,13 April 2026,,389.1,122172.6,Returned to Sender,"₦34,963.00",234-373-678-508,?,Y
SHP700121,Bisi Ajayi,Truck,PHC-908KL,Port Harcourt,Aba,2025/01/06,09 January 2025,Unknown,20.45,Returned to Sender,"₦46,343.00",+234896118367,"NGN 14,581",FALSE
SHP700010,Femi Afolabi,Bike,LND-807AA,Kano,Kaduna,11 October 2025,2025-10-17,44.5,131346.7,DELAYED,"NGN 4,831",23884969653,--,FALSE
SHP700133,Kemi Yusuf,Truck (Big),PHC-853AA,Kano,Kaduna,2025/07/28,30 July 2025,438.7,279767.4,Returned to Sender,"N52,771",0244 510 7622,"₦2,201.00",Y
SHP700316,Tunde Adekunle,VAN,LND-251BX,Enugu,Onitsha,09/17/2025,2025/09/17,10.6,167202.6,In Transit,"₦63,654.00",55743132912,  ,true
SHP700180,ZAINAB ADEKUNLE,Tricycle (Keke),,Enugu,Onitsha,2025-04-22,27 April 2025,NIL,53571.7,Cancelled,41425.00 naira,02253584143,2126.0,0
SHP700128,Tobi Abubakar,Truck (Big),KJA-497BX,Enugu,Onitsha,03/01/2026,08 January 2026,41.2,31.9,delivered,23487.00 naira,22961201836,null,1
SHP700143,Segun Yusuf,Bike,PHC-873BX,Enugu,Onitsha,12.11.2025,15 November 2025,147.5,5.77,Returned to Sender,"NGN 37,998",79359782071,"NGN 16,378",1
SHP700257,Adaeze Mohammed,Van,LND-277KL,Kano,Kaduna,06/18/2026,19-Jun-2026,292.9,32.78,In Transit,"N36,905",(371) 240-6596,"NGN 26,153",0
SHP700378,Chidi Lawal,bike,PHC-147KL,Abuja,Kaduna,2025/08/09,13 August 2025,247.7,121947.3,delivered,30115.00 naira,234-689-421-044,NIL,No
SHP700195,Femi Lawal,Tricycle (Keke),ABJ-127AA,Kano,Kaduna,2025/10/07,2025/10/14,376.0,416225.7,Cancelled,"N77,217",invalid,"N38,884",no
SHP700352,Grace Chukwu,Tricycle (Keke),ABJ-731KL,Lagos,Benin,03/24/2026,26/03/2026,275.5,279173.6,In Transit,"NGN 1,969",234-686-854-870,"₦21,106.00",yes
SHP700028,Funmilayo Ajayi,VAN,LND-972BX,Enugu,Onitsha,16-Jan-2025,23/01/2025,651.6,390871.9,delivered,78398.0,09399091699,"₦28,748.00",Y
SHP700250,Ngozi Abubakar,Truck,ABJ-614KL,Kano,Kaduna,10/06/2025,17-Jun-2025,74.9,239.39,Delayed,"77,510.00 ",(662) 961-9431,  ,0
SHP700146,Kemi Lawal,Van,KJA-153KL,Abuja,Kaduna,2026/04/30,2026-04-30,537.3,79.73,In Transit,"₦2,246.00",0518 644 9251,7890.0,N
SHP700236,BLESSING OKAFOR,Bike,KJA-927KL,Lagos,Lagos (Intra-city),2026-02-01,,163.6,62.82,Returned to Sender,"₦18,959.00",0048 996 4235,Unknown,0
SHP700074,Funmilayo Yusuf,VAN,PHC-689AA,Lagos,Benin,04.11.2025,11/05/2025,292.0,89229.8,delivered,"₦65,596.00",77752047116,"32,312.00 ",No
SHP700302,Tunde Chukwu,Tricycle (Keke),PHC-940KL,Lagos,Ibadan,24/10/2025,2025-10-27,120.9,57693.3,DELAYED,76873.0,0000000000,nil,no
SHP700359,  BLESSING BELLO,Bike,ABJ-341AA,Lagos,Benin,12/08/2025,N/A,710.8,383028.6,delivered,"NGN 34,403",0148 628 9023,28837.0,No
SHP700215,Ifeoma Adekunle,Truck (Big),KJA-629BX,Lagos,Lagos (Intra-city),2025/02/15,2025/02/17,280.6,463155.4,In Transit,"NGN 13,910",invalid,N/A,0
SHP700238,Ifeoma Nwosu,Truck,LND-685AA,Kano,Kaduna,2026/02/21,02/22/2026,381.1,248.04,delivered,"₦53,712.00",05228728080,"NGN 25,799",yes
SHP700353,Sadiq Lawal,VAN,PHC-602AA,Lagos,Ibadan,09.10.2025,,224.5,137.45,delivered,"62,972.00 ",0986 162 2999,6538.00 naira,false
SHP700351,Funmilayo Balogun,Bike,ABJ-623BX,Lagos,Ibadan,2025-08-26,27-Aug-2025,890.2,72.09,Cancelled,"31,142.00 ",02061632945,34003.0,yes
SHP700066,Emeka Nwosu,Tricycle (Keke),ABJ-497AA,Kano,Kaduna,22/06/2026,2026/06/27,290.3,--,delivered,"₦52,015.00",(379) 965-0752,23236.00 naira,no
SHP700283,Ifeoma Chukwu,VAN,LND-546AA,Lagos,Ibadan,11 May 2025,2025/05/13,309.1,379797.9,Returned to Sender,--,(254) 494-8126,"₦38,918.00",TRUE
SHP700322,Amaka Nwosu,VAN,LND-702BX,Port Harcourt,Aba,26-Mar-2026,27.03.2026,346.1,unknown,Delivered,"₦48,611.00",01372151070,26973.00 naira,no
SHP700084,OBINNA BALOGUN   ,Truck,ABJ-491AA,Enugu,Onitsha,10/01/2025,01/10/2025,12.2,494.08,delivered,63980.0,+234429671756,nil,No
SHP700138,Chioma Okonkwo,Bike,  ,Kano,Kaduna,16 August 2025,,74.4,270613.6,In Transit,"NGN 47,305",(188) 355-2312,8989.00 naira,1
SHP700346,Grace Okeke,Truck,PHC-195AA,Port Harcourt,Aba,28-Nov-2025,01-Dec-2025,416.3,101732.0,DELAYED,"₦47,140.00",07741862565,"NGN 10,820",FALSE
SHP700018,Yusuf Ajayi,VAN,LND-896AA,Lagos,Benin,02/09/2025,2025/09/08,118.0,128493.7,DELAYED,"₦53,875.00",71331509839,6600.0,no
SHP700126,zainab afolabi,Tricycle (Keke),KJA-893BX,Lagos,Benin,2026/01/09,01/13/2026,727.9,2.91,delivered,"₦75,509.00",05851493689,"26,002.00 ",FALSE
SHP700041,Amara Suleiman,VAN,LND-560KL,Lagos,Ibadan,13-Jan-2026,13.01.2026,749.4,253780.4,delivered,"N8,541",0000000000,"N21,915",no
SHP700204,Musa Chukwu,Truck,KJA-162AA,Enugu,Onitsha,2026-04-27,2026/04/27,430.9,-,Delayed,"₦35,896.00",+234733848421,null,No
SHP700030,tunde  nwosu,Truck (Big),PHC-381AA,Port Harcourt,Aba,2026/03/11,2026-03-18,257.0,192654.3,DELAYED,"N30,919",10799118384,"N31,164",Y
SHP700290,Aliyu Lawal,Tricycle (Keke),KJA-241KL,Port Harcourt,Aba,29 May 2025,05.06.2025,86.0,NIL,Cancelled,45500.0,+234206436110,"₦10,937.00",Yes
SHP700019,Aliyu Chukwu,Truck (Big),PHC-824AA,Kano,Kaduna,2026/01/15,22.01.2026,66.7,424.86,DELAYED,unknown,0301 031 0518,"NGN 27,391",0
SHP700058,Funmilayo Lawal,VAN,PHC-504BX,Port Harcourt,Aba,2025-08-19,,549.0,unknown,delivered,22913.00 naira,(653) 755-6464,"NGN 23,357",No
SHP700232,  sadiq nnamdi   ,Van,ABJ-361AA,Lagos,Lagos (Intra-city),2026/02/16,2026/02/21,--,n/a,Cancelled,"NGN 76,066",00139837354,?,FALSE
SHP700263,Sadiq Olawale,Bike,PHC-991KL,Lagos,Lagos (Intra-city),11/19/2025,,526.1,29092.2,delivered,"NGN 64,245",05891135290,20058.00 naira,N
SHP700033,Adaeze Chukwu,Truck,KJA-162BX,Kano,Kaduna,08.06.2025,2025/06/09,367.1,469557.0,Delivered,"NGN 67,197",(449) 353-4874,"N33,533",FALSE
SHP700115,Adaeze Nnamdi,Truck (Big),PHC-190BX,Enugu,Onitsha,23-May-2026,23-May-2026,Unknown,N/A,DELAYED,"N51,951",(352) 904-2284,26875.00 naira,no
SHP700197,Chinedu Mohammed,Truck,PHC-521BX,Port Harcourt,Aba,10/05/2025,08.10.2025,618.5,267.44,DELAYED,"81,033.00 ",74993097289,6331.00 naira,No
SHP700384,Zainab Balogun,Truck (Big),null,Lagos,Lagos (Intra-city),2026-01-05,,468.0,473.0,Delivered,"₦12,184.00",08914117393,NIL,true
SHP700011,Kunle Afolabi,Truck (Big),ABJ-373AA,Lagos,Benin,31.08.2025,,778.8,12880.8,Cancelled,"30,696.00 ",+234871012269,-,yes
SHP700329,Aliyu Suleiman,Truck (Big),LND-994KL,Lagos,Lagos (Intra-city),,2025-07-20,312.1,116.4,In Transit,"₦84,840.00",80396522395,null,TRUE
SHP700178,Chidi Okeke,bike,KJA-793KL,Port Harcourt,Aba,10/12/2025,,449.0,327.34,Delayed,"NGN 19,821",06912517785,"N4,162",N
SHP700241,Ibrahim Okeke,Truck (Big),ABJ-250BX,Abuja,Kaduna,2025-05-21,not set,36.7,256806.3,Delivered,"₦36,742.00",+234084840862,"N14,979",false
SHP700242,Tunde Ogundimu,Bike,PHC-324AA,Enugu,Onitsha,06-Dec-2025,09.12.2025,317.7,308.24,delivered,32889.00 naira,01823398454,"₦4,802.00",No
SHP700339,Obinna Olawale,Truck,KJA-493BX,Lagos,Lagos (Intra-city),26/03/2026,2026-03-29,404.7,48900.9,Delivered,"₦30,503.00",0626 765 8617,"NGN 35,643",yes
SHP700065,  Emeka Suleiman,Truck (Big),KJA-691KL,Lagos,Abuja,02/04/2025,06 February 2025,404.6,22596.2,Delivered,"N47,986",+234776945314,18234.00 naira,no
SHP700125,Fatima Eze,bike,  ,Lagos,Lagos (Intra-city),05/08/2025,2025-08-12,374.3,110783.6,Delivered,"₦25,309.00",0945 198 3273,"NGN 25,421",FALSE
SHP700364,Chioma Nnamdi,Bike,KJA-752KL,Enugu,Onitsha,02/11/2025,2025/02/15,73.5,304.87,Cancelled,82091.0,234-290-349-446,22488.0,false
SHP700210,Sadiq Ogundimu,Bike,ABJ-404AA,Abuja,Kaduna,17-Sep-2025,2025-09-23,175.0,451.63,Cancelled,40836.00 naira,15274205493,"₦36,905.00",Y
SHP700049,Segun Bello,Bike,ABJ-795BX,Lagos,Benin,01.02.2025,,340.8,34083.1,Delayed,"NGN 55,738",16328708317,Unknown,No
SHP700216,Tunde Chukwu,Truck,ABJ-697AA,Lagos,Ibadan,29-Mar-2026,2026/04/01,-,  ,delivered,"NGN 11,686",01878519108,"₦7,843.00",false
SHP700072,Chioma Mohammed,Truck,null,Kano,Kaduna,29.03.2025,31-Mar-2025,696.1,356.7,Cancelled,"₦10,125.00",(413) 435-2408,"NGN 14,328",yes
SHP700292,Chidi Nnamdi,Truck,PHC-521KL,Lagos,Abuja,2025/01/13,,514.4,  ,Delivered,"₦51,948.00",0627 136 1115,"27,836.00 ",TRUE
SHP700383,Bola Okonkwo,bike,LND-266AA,Abuja,Kaduna,25 January 2026,01/30/2026,49.0,103.21,Delayed,41411.00 naira,00461849926,--,No
SHP700211,Grace Okonkwo,Truck (Big),ABJ-103BX,Port Harcourt,Aba,03 June 2026,,237.0,226.9,DELAYED,70857.0,29668516122,37698.00 naira,false
SHP700107,Tobi Olawale,Van,KJA-328KL,Lagos,Benin,2025-10-28,01/11/2025,74.2,362.73,Returned to Sender,"N49,956",+234123685160,"NGN 34,965",yes
SHP700265,  Yusuf Balogun,Tricycle (Keke),KJA-325KL,Enugu,Onitsha,2025/06/22,2025/06/24,533.9,NIL,Delayed,74307.0,89937567982,36586.0,false
SHP700271,Bisi Abubakar,Bike,ABJ-982KL,Lagos,Ibadan,00/00/0000,not set,301.2,32.43,Returned to Sender,22940.0,04191825537,15815.00 naira,1
SHP700297,Segun Balogun,bike,  ,Port Harcourt,Aba,N/A,15/02/2026,371.1,256483.4,Cancelled,"NGN 72,795",36403761379,  ,TRUE
SHP700331,Adaeze Adekunle,Tricycle (Keke),PHC-119BX,Enugu,Onitsha,N/A,2025/05/03,467.9,139.34,Delayed,79758.0,234-270-103-930,24456.0,no
SHP700234,Segun Abubakar,bike,KJA-146AA,Port Harcourt,Aba,2025-06-21,,521.9,125819.0,delivered,"NGN 47,966",(467) 854-4587,32478.0,true
SHP700189,blessing ajayi,Truck (Big),ABJ-241BX,Lagos,Abuja,10-Dec-2025,13.12.2025,33.6,55927.8,Delayed,43548.00 naira,234-395-004-797,20477.00 naira,No
SHP700168,Femi Olawale,VAN,LND-379AA,Port Harcourt,Aba,24 January 2025,2025-01-25,521.9,96676.5,delivered,"N68,634",234-451-154-479,14872.00 naira,Y
SHP700225,chidi eze   ,Tricycle (Keke),LND-351BX,Lagos,Abuja,30/07/2025,2025/08/05,90.4,381101.4,Returned to Sender,"NGN 36,714",0079 030 6738,36126.0,true
SHP700053,Yusuf Ogundimu,Tricycle (Keke),ABJ-448KL,Port Harcourt,Aba,2026-05-10,05/15/2026,451.8,149.07,Delivered,28146.00 naira,+234623166587,--,FALSE
SHP700197,Chinedu Mohammed,Truck,PHC-521BX,Port Harcourt,Aba,10/05/2025,08.10.2025,618.5,267.44,DELAYED,"81,033.00 ",74993097289,6331.00 naira,No
SHP700299,Yusuf Adeyemi,Truck,PHC-593BX,Lagos,Abuja,2025/10/08,14 October 2025,168.9,262626.6,Delivered,"N61,847",27109104300,37681.0,false
SHP700231,Femi Eze,Bike,ABJ-733KL,Enugu,Onitsha,not set,19/10/2025,583.1,398181.3,In Transit,"NGN 81,858",17518304699,"₦24,023.00",TRUE
SHP700222,Adaeze Lawal,Truck (Big),,Lagos,Ibadan,2025-12-08,12-Dec-2025,353.5,424383.8,Returned to Sender,"NGN 79,904",05128682300,unknown,no
SHP700182,chinedu adeyemi,VAN,PHC-794KL,Abuja,Kaduna,16/05/2026,,443.7,482494.4,Cancelled,"N77,249",29959001094,,yes
SHP700147,Ngozi Lawal,Tricycle (Keke),ABJ-121KL,Lagos,Benin,2026-05-27,03 June 2026,86.8,30.36,In Transit,48820.00 naira,0254 629 1486,33591.0,No
SHP700175,Aliyu Chukwu,Truck (Big),?,Lagos,Ibadan,2025/12/18,22-Dec-2025,9.1,234881.6,delivered,"84,195.00 ",234-518-844-225,"₦6,819.00",yes
SHP700109,Bisi Nnamdi,Truck,KJA-232AA,Kano,Kaduna,05/04/2026,,null,475059.3,Returned to Sender,"NGN 51,297",+234985931746,"NGN 36,253",N
SHP700237,Ngozi Adekunle,Truck (Big),ABJ-635KL,Lagos,Benin,2025/07/18,,595.6,33.15,Returned to Sender,"N22,619",0693 785 4777,"₦37,837.00",no
SHP700399,Ibrahim Suleiman,Truck,KJA-338KL,Port Harcourt,Aba,29-Jan-2025,03 February 2025,nil,107994.5,Delivered,"₦66,181.00",0503 758 9975,"NGN 29,837",FALSE
SHP700067,Zainab Ajayi,Tricycle (Keke),ABJ-665BX,Port Harcourt,Aba,16 January 2025,20 January 2025,194.6,373.57,DELAYED,83440.00 naira,+234545494808,"N17,729",N
SHP700172,Wale Afolabi,Truck,LND-696AA,Enugu,Onitsha,20.07.2025,24 July 2025,490.8,Unknown,DELAYED,"₦83,221.00",07192856543,"NGN 28,684",no
SHP700387,  bisi mohammed,VAN,PHC-747AA,Lagos,Abuja,13/09/2025,09/13/2025,105.7,486991.4,Returned to Sender,"41,645.00 ",(114) 374-4701,39723.00 naira,yes
SHP700064,Grace Chukwu   ,Truck (Big),LND-874AA,Kano,Kaduna,2026/01/19,01/25/2026,215.7,188.13,In Transit,79774.0,71657262849,NULL,No
SHP700154,Funmilayo Okeke,bike,LND-888BX,Enugu,Onitsha,09.02.2026,16-Feb-2026,NULL,133495.4,Delayed,14525.0,81814124782,n/a,yes
SHP700037,Chinedu Okonkwo,Van,PHC-171AA,Abuja,Kaduna,16/03/2026,19-Mar-2026,761.4,329086.7,delivered,28586.0,+234869232260,  ,No
SHP700374,Emeka Ogundimu,VAN,LND-235KL,Enugu,Onitsha,06/20/2026,27 June 2026,226.9,nil,delivered,7600.00 naira,0972 521 7525,NULL,FALSE
SHP700282,Chidi Okeke,Truck,ABJ-765BX,Lagos,Lagos (Intra-city),08/11/2025,N/A,104.8,370775.4,Delivered,7752.00 naira,92330958498,30918.00 naira,Y
SHP700206,  zainab okeke,Van,KJA-914AA,Port Harcourt,Aba,29.09.2025,04-Oct-2025,556.8,402.4,delivered,"₦65,247.00",N/A,10092.0,0
SHP700191,Blessing Yusuf,Truck (Big),KJA-275BX,Lagos,Lagos (Intra-city),2026-02-26,2026-02-26,367.6,333094.7,In Transit,"NGN 60,936",09835841687,"₦27,322.00",N
SHP700117,Bisi Ogundimu,bike,ABJ-610AA,Abuja,Kaduna,00/00/0000,21.04.2026,109.0,54.33,Returned to Sender,"16,000.00 ",02681177589,35542.00 naira,1
SHP700373,Musa Eze,Truck,PHC-570KL,Kano,Kaduna,15.01.2025,2025-01-18,603.5,112542.8,Delivered,80994.00 naira,(168) 460-2235,"₦22,434.00",Yes
SHP700397,Aliyu Okonkwo,bike,PHC-742KL,Abuja,Kaduna,2025/01/22,2025-01-27,271.7,207.56,In Transit,"NGN 28,233",+234751701660,33443.0,TRUE
SHP700170,OBINNA OKAFOR,Truck,ABJ-620AA,Lagos,Benin,22/09/2025,23 September 2025,221.0,441260.7,In Transit,53343.00 naira,0658 202 9702,NIL,FALSE
SHP700124,Yusuf Suleiman,VAN,ABJ-405KL,Port Harcourt,Aba,30.03.2025,04/04/2025,518.2,330531.2,Delivered,"N4,988",(098) 851-6560,13578.0,false
SHP700003,Kemi Balogun,Tricycle (Keke),PHC-246BX,Abuja,Kaduna,29 November 2025,05-Dec-2025,759.4,402620.4,In Transit,"₦44,045.00",,  ,1
SHP700149,Tobi Lawal,VAN,KJA-150BX,Lagos,Benin,02/02/2025,05.02.2025,nil,321055.0,Delayed,-,05733221418,"₦12,101.00",No
SHP700366,Funmilayo Olawale,bike,ABJ-789BX,Port Harcourt,Aba,not set,2026-04-24,NIL,270.96,Delayed,26887.0,0085 899 4417,n/a,FALSE
SHP700272,Zainab Olawale,Truck,ABJ-804AA,Lagos,Ibadan,,09/16/2025,529.0,222737.7,In Transit,"NGN 50,914",0478 596 9691,--,true
SHP700196,halima okeke   ,VAN,-,Enugu,Onitsha,2026-03-23,,352.1,409231.3,Delivered,44408.0,04705516940,"NGN 8,351",no
SHP700024,Bisi Adekunle,Truck (Big),ABJ-581KL,Lagos,Ibadan,03/19/2026,25-Mar-2026,662.4,46.12,Cancelled,"N29,331",234-267-736-026,"N20,828",1
SHP700008,ADAEZE NNAMDI,Bike,N/A,Lagos,Ibadan,04 March 2025,03/09/2025,34.9,251.67,Delayed,"N34,548",234-648-350-305,"₦37,558.00",FALSE
SHP700106,Tobi Olawale,VAN,LND-771BX,Port Harcourt,Aba,12-Jul-2025,12 July 2025,139.2,401280.7,delivered,20067.00 naira,85884247451,"₦13,407.00",true
SHP700254,Chidi Okonkwo,bike,ABJ-654BX,Lagos,Ibadan,12/12/2025,,739.4,  ,Delayed,"NGN 2,500",60466183982,"NGN 26,698",No
SHP700105,Aliyu Bello,Tricycle (Keke),KJA-323BX,Lagos,Ibadan,18 August 2025,unknown date,450.6,354829.4,Delayed,"₦26,423.00",234-952-145-623,"NGN 34,737",false
SHP700038,Segun Afolabi,Van,null,Port Harcourt,Aba,30.03.2026,03/04/2026,NIL,207.38,In Transit,33247.0,56342160733,"4,739.00 ",Yes
SHP700164,Aliyu Ajayi,Truck,KJA-232KL,Abuja,Kaduna,2025/03/01,03/03/2025,102.8,344482.8,Delivered,11370.00 naira,72217043030,-,no
SHP700114,Chinedu Nnamdi,bike,ABJ-785BX,Lagos,Benin,10 May 2026,,65.9,32136.4,Delayed,"N56,920",(053) 293-1839,"₦25,291.00",Y
SHP700096,Yusuf Suleiman,bike,KJA-328KL,Lagos,Lagos (Intra-city),2025-11-06,2025/11/10,NIL,480350.7,Cancelled,72538.0,+234596158657,?,No
SHP700235,Chinedu Mohammed,Bike,PHC-104AA,Port Harcourt,Aba,2026/04/09,15.04.2026,371.2,230169.8,Returned to Sender,"4,084.00 ",17535560932,--,FALSE
SHP700348,Chioma Mohammed,Van,LND-270AA,Enugu,Onitsha,11/06/2026,18.06.2026,501.6,460.65,DELAYED,"NGN 47,182",0115 869 3806,-,FALSE
SHP700110,Tunde Chukwu,Truck (Big),LND-484KL,Lagos,Benin,18/02/2026,2026/02/18,22.1,N/A,Cancelled,"₦38,600.00",20047113826,  ,Yes
SHP700023,Ibrahim Adeyemi,Truck,ABJ-535AA,Lagos,Abuja,2025-06-10,unknown date,219.7,225526.6,Delayed,38169.00 naira,0473 178 1080,21018.00 naira,No
SHP700190,fatima  ogundimu,Van,KJA-214KL,Enugu,Onitsha,06/29/2026,2026/06/29,299.3,226.26,Delayed,36581.0,N/A,NULL,TRUE
SHP700287,Tunde Okafor,VAN,LND-235AA,Lagos,Abuja,2026/06/24,24/06/2026,127.9,301.85,DELAYED,"NGN 60,573",(637) 454-5892,"NGN 32,988",0
SHP700092,Tunde Okafor,VAN,LND-696KL,Lagos,Ibadan,19/02/2026,22-Feb-2026,769.9,nil,Delayed,?,49972787558,"N3,120",Y
SHP700269,Chioma Afolabi,Van,LND-198BX,Abuja,Kaduna,10/01/2025,,329.2,339.32,Cancelled,"N82,472",08258673622,null,false
SHP700261,AMAKA LAWAL,VAN,PHC-274AA,Lagos,Lagos (Intra-city),05/27/2025,28.05.2025,119.6,349.65,delivered,16758.0,0741 672 4342,"₦36,693.00",true
SHP700324,wale lawal,Bike,ABJ-845BX,Lagos,Lagos (Intra-city),18/02/2026,,65.5,NIL,Delivered,"NGN 38,368",02447209993,"N14,204",1
SHP700027,Wale Olawale,VAN,ABJ-685BX,Enugu,Onitsha,02/06/2025,09.06.2025,272.3,271943.3,DELAYED,,(208) 121-9136,"5,814.00 ",No
SHP700389,Fatima Chukwu,Truck (Big),ABJ-676KL,Lagos,Benin,2026-02-12,14/02/2026,738.9,71.28,DELAYED,"53,118.00 ",+234579415521,38295.00 naira,N
SHP700181,Segun Suleiman,Truck,LND-961BX,Lagos,Abuja,01/03/2026,2026/01/03,303.4,316.32,Delivered,"NGN 54,157",42498182992,"₦9,200.00",Yes
SHP700306,sadiq chukwu,Van,KJA-380BX,Port Harcourt,Aba,2025/05/05,09.05.2025,177.6,259.24,Cancelled,"NGN 78,516",07925241913,"N16,927",FALSE
SHP700198,Ifeoma Ajayi,Truck,N/A,Lagos,Abuja,15.05.2025,05/18/2025,269.6,NIL,DELAYED,"₦66,966.00",0623 091 3075,nil,true
SHP700156,Emeka Bello,VAN,LND-423BX,Lagos,Abuja,02/02/2026,2026/02/09,NULL,10029.6,Delayed,"NGN 29,353",234-615-305-152,"NGN 15,504",TRUE
SHP700298,Bola Olawale,Tricycle (Keke),LND-658AA,Enugu,Onitsha,04/22/2025,22.04.2025,409.8,100135.8,Delayed,NULL,18055269658,"₦11,579.00",Y
SHP700015,Amaka Suleiman,Van,PHC-560BX,Abuja,Kaduna,2025-05-05,2025-05-12,448.5,445767.2,In Transit,"NGN 24,188",+234570154303,n/a,false
SHP700274,Tunde Bello,Van,PHC-207AA,Lagos,Abuja,2026-01-07,2026-01-14,818.8,434.49,Returned to Sender,"₦24,133.00",invalid,"NGN 16,803",false
SHP700025,Tobi Suleiman,Bike,ABJ-630BX,Lagos,Ibadan,11-Apr-2026,04/14/2026,83.8,485.11,delivered,"₦41,973.00",+234474687234,"₦13,809.00",1
SHP700161,CHIOMA AFOLABI,Tricycle (Keke),LND-356BX,Lagos,Benin,20.04.2026,2026/04/21,747.8,90.3,Returned to Sender,60558.0,(621) 851-8888,"NGN 16,390",Y
SHP700289,ALIYU NNAMDI,bike,KJA-456AA,Lagos,Lagos (Intra-city),2025-05-02,03.05.2025,327.6,447.85,delivered,"₦13,740.00",0063 242 4154,6300.00 naira,false
SHP700278,Chioma Chukwu,Tricycle (Keke),LND-599AA,Lagos,Ibadan,12/31/2025,05-Jan-2026,259.0,177.27,Delayed,10576.00 naira,+234034043842,,no
SHP700293,Ngozi Abubakar,Bike,ABJ-501AA,Port Harcourt,Aba,29 May 2026,2026/06/05,278.9,46422.3,In Transit,"NGN 6,065",234-262-218-909,?,no
SHP700301,HALIMA OLAWALE,bike,PHC-490BX,Lagos,Abuja,27-May-2026,28.05.2026,256.5,,Returned to Sender,"₦79,363.00",(241) 418-3285,5789.00 naira,FALSE
SHP700158,Funmilayo Balogun,VAN,LND-288BX,Port Harcourt,Aba,21/06/2026,2026-06-27,819.1,328.29,delivered,"NGN 79,426",03289861434,?,FALSE
SHP700046,ibrahim afolabi,bike,KJA-169KL,Enugu,Onitsha,06 March 2025,12/03/2025,104.2,316.16,Delayed,"NGN 63,901",+234738721489,25874.0,false
SHP700356,  Yusuf Yusuf,Truck (Big),PHC-949KL,Port Harcourt,Aba,02.07.2025,07/04/2025,317.2,113.37,delivered,69211.0,65307450544,22961.0,yes
SHP700354,Amaka Olawale,Van,KJA-628AA,Lagos,Ibadan,18.11.2025,18.11.2025,92.2,368858.1,Delayed,8511.00 naira,+234914856467,"N17,552",Yes
SHP700271,Bisi Abubakar,Bike,ABJ-982KL,Lagos,Ibadan,00/00/0000,not set,301.2,32.43,Returned to Sender,22940.0,04191825537,15815.00 naira,1
SHP700029,Halima Afolabi,Truck (Big),--,Port Harcourt,Aba,01/30/2025,2025/02/01,445.6,179.55,Delivered,76559.00 naira,(543) 534-6247,-,FALSE
SHP700148,Chidi Okonkwo,bike,KJA-894KL,Lagos,Benin,2026/04/06,2026/04/12,149.5,388071.0,Returned to Sender,25141.00 naira,02816850542,"4,534.00 ",Y
SHP700377,Segun Mohammed,bike,--,Enugu,Onitsha,00/00/0000,05.03.2026,152.8,428190.6,In Transit,18919.0,234-583-003-354,--,no
SHP700157,Ngozi Olawale,VAN,ABJ-189KL,Port Harcourt,Aba,05 March 2025,08 March 2025,565.1,472.1,Returned to Sender,28995.00 naira,+234472779010,"NGN 27,994",Y
SHP700368,Ibrahim Okafor,Truck,PHC-771AA,Abuja,Kaduna,18 February 2026,2026/02/24,NULL,436734.3,Returned to Sender,"₦43,531.00",0965 207 4466,"NGN 14,351",FALSE
SHP700313,Segun Adekunle,Tricycle (Keke),KJA-154BX,Enugu,Onitsha,2025/04/20,04/26/2025,136.8,14778.8,Returned to Sender,52222.00 naira,01383670241,"NGN 38,441",Yes
SHP700248,Fatima Ogundimu,bike,LND-483AA,Enugu,Onitsha,2025/12/15,,713.8,470993.9,Delayed,20328.00 naira,21850163159,"₦14,391.00",Yes
SHP700288,Tunde Nnamdi,Tricycle (Keke),--,Lagos,Benin,2025-09-07,2025/09/10,55.0,22740.7,DELAYED,76785.00 naira,+234500170127,-,No
SHP700332,Sadiq Suleiman,bike,KJA-266BX,Kano,Kaduna,03/14/2026,2026/03/14,705.4,NULL,DELAYED,"NGN 46,824",(705) 932-5250,"NGN 12,212",true
SHP700054,Bisi Okonkwo,bike,PHC-610BX,Kano,Kaduna,12-Sep-2025,2025-09-15,null,466.91,DELAYED,56131.00 naira,00366909670,35533.0,1
SHP700327,Amara Lawal,Truck,LND-133BX,Lagos,Abuja,05.09.2025,,521.0,199.91,Delayed,"N78,669",+234564205930,"N32,615",FALSE
SHP700013,Chioma Yusuf,Van,PHC-780BX,Lagos,Lagos (Intra-city),18 November 2025,24/11/2025,72.4,333613.0,DELAYED,"N49,929",0514 627 0482,21425.0,false
SHP700357,Obinna Mohammed,Truck,KJA-677BX,Lagos,Abuja,2026-06-10,15/06/2026,146.6,130.79,Delayed,"₦55,598.00",234-713-247-546,nil,Yes
SHP700043,Fatima Nwosu,Van,LND-402AA,Lagos,Abuja,2026/03/10,10.03.2026,13.2,107489.2,In Transit,"15,048.00 ",+234159514846,"NGN 3,660",false
SHP700194,Segun Chukwu,VAN,PHC-922BX,Lagos,Ibadan,05-Jan-2026,11 January 2026,401.0,186729.2,Delayed,"41,130.00 ",05787298259,"NGN 24,446",Yes
SHP700223,Ngozi Yusuf,Tricycle (Keke),PHC-953KL,Enugu,Onitsha,26-Aug-2025,2025-08-28,329.7,unknown,In Transit,"₦15,970.00",0786 863 3752,"NGN 20,762",TRUE
SHP700355,Bola Eze,Van,LND-290BX,Port Harcourt,Aba,08.10.2025,2025-10-08,68.5,348297.9,In Transit,"N27,200",+234702462996,"NGN 30,048",1
SHP700219,Amaka Nwosu,Truck,LND-664AA,Kano,Kaduna,23 March 2025,2025/03/24,817.0,342314.8,Delayed,50395.0,0000000000,--,Yes
SHP700321,Ibrahim Yusuf,Bike,PHC-738KL,Abuja,Kaduna,06/13/2026,06/14/2026,414.6,68.63,DELAYED,"NGN 43,735",234-323-651-994,"39,342.00 ",TRUE
SHP700386,Ibrahim Lawal,Truck,ABJ-430KL,Lagos,Abuja,2026/05/03,10.05.2026,233.8,67.64,In Transit,"44,480.00 ",53001197218,--,yes
SHP700102,ADAEZE  OKONKWO,Truck,ABJ-150KL,Lagos,Abuja,2025-10-20,,492.3,327566.4,Delayed,"71,878.00 ",+234367136959,unknown,no
SHP700367,Chioma Suleiman   ,Bike,KJA-282AA,Lagos,Lagos (Intra-city),18-Mar-2026,23-Mar-2026,428.3,278.44,DELAYED,"₦31,825.00",54544432830,14075.00 naira,1
SHP700070,  Bola Bello   ,Tricycle (Keke),PHC-760BX,Abuja,Kaduna,20/08/2025,20.08.2025,273.5,327.04,Delayed,"₦5,388.00",(685) 574-4431,NULL,FALSE
SHP700365,Kemi Nnamdi,bike,PHC-285KL,Lagos,Ibadan,N/A,,122.7,137.76,Delayed,40114.0,05743748969,"NGN 2,687",No
SHP700145,Funmilayo Balogun,Van,unknown,Enugu,Onitsha,11.08.2025,17/08/2025,176.3,498.98,Cancelled,65897.00 naira,02554665905,N/A,TRUE
SHP700103,Bisi Nnamdi,Truck (Big),NIL,Port Harcourt,Aba,03/03/2026,03.03.2026,52.7,,Cancelled,"NGN 5,722",234-064-090-974,"N21,195",No
SHP700330,Bisi Suleiman,bike,LND-155BX,Abuja,Kaduna,22 May 2026,05/23/2026,636.2,151708.1,Delayed,"NGN 63,449",+234905992937,unknown,true
SHP700280,BOLA AFOLABI,Truck (Big),KJA-817AA,Abuja,Kaduna,23-Feb-2025,24 February 2025,612.1,145088.6,DELAYED,"N50,865",+234783613407,"₦12,407.00",Y
SHP700202,Kemi Okeke,Truck (Big),PHC-464BX,Lagos,Abuja,08-Jan-2026,10/01/2026,191.3,419135.5,In Transit,"₦53,969.00",04375758441,"₦20,929.00",Y
SHP700268,Aliyu Lawal,Truck (Big),PHC-500AA,Enugu,Onitsha,2026/02/06,2026-02-12,272.7,274197.5,DELAYED,  ,+234401051238,nil,false
SHP700273,Bola Adekunle,VAN,ABJ-831BX,Lagos,Benin,14 February 2026,2026-02-20,528.2,470.13,Delivered,"NGN 81,995",(579) 249-9125,N/A,no
SHP700295,Bola Balogun,Van,ABJ-926KL,Lagos,Ibadan,01/27/2026,02/01/2026,431.9,76193.1,DELAYED,"₦80,002.00",19656523413,"N9,935",No
SHP700289,ALIYU NNAMDI,bike,KJA-456AA,Lagos,Lagos (Intra-city),2025-05-02,03.05.2025,327.6,447.85,delivered,"₦13,740.00",0063 242 4154,6300.00 naira,false
SHP700270,  KEMI OGUNDIMU,bike,ABJ-123KL,Lagos,Benin,2026-01-20,01/21/2026,699.4,432515.4,delivered,"N37,710",06093796603,34764.00 naira,1
SHP700165,bisi okafor,Truck (Big),ABJ-298BX,Abuja,Kaduna,12-Jan-2025,12-Jan-2025,386.6,154232.4,DELAYED,"NGN 46,337",0548 687 4034,4129.00 naira,FALSE
SHP700336,Funmilayo Adekunle,Truck,ABJ-566BX,Kano,Kaduna,05/05/2025,2025-05-11,763.6,-,delivered,"NGN 41,927",+234902959391,"₦33,418.00",TRUE
SHP700340,Chinedu Ajayi,bike,ABJ-106BX,Lagos,Abuja,N/A,01 September 2025,601.5,276.31,Delivered,--,03271040541,39737.0,No
SHP700047,Grace Okonkwo,Bike,PHC-137BX,Lagos,Lagos (Intra-city),17/05/2025,21.05.2025,44.7,342498.9,DELAYED,"NGN 55,516",01343320037,"₦14,613.00",no
SHP700267,Ngozi  Ajayi,Truck,KJA-614KL,Lagos,Ibadan,2026/04/17,2026/04/20,456.7,nil,Delayed,14251.0,+234738757177,"3,998.00 ",Y
SHP700051,musa balogun,Tricycle (Keke),LND-228BX,Lagos,Benin,2025/08/31,02.09.2025,17.7,233.97,DELAYED,82183.00 naira,07277434873,"NGN 21,688",Y
SHP700381,Bisi Afolabi,Tricycle (Keke),PHC-856AA,Lagos,Benin,2026/06/10,2026/06/17,51.9,305.21,Delivered,"NGN 35,022",0506 489 0901,--,Y
SHP700370,Sadiq Nnamdi,Truck (Big),PHC-172BX,Lagos,Lagos (Intra-city),13 June 2025,13.06.2025,224.2,16645.1,Cancelled,70664.0,0000000000,"N21,439",1
SHP700246,Blessing Afolabi,Truck (Big),PHC-424BX,Enugu,Onitsha,06/16/2026,17/06/2026,327.7,168518.8,Returned to Sender,55245.0,01489025039,Unknown,N
SHP700031,FUNMILAYO AFOLABI,Truck,ABJ-363BX,Lagos,Abuja,10.02.2025,11/02/2025,248.1,45521.6,DELAYED,"N57,973",(251) 354-2784,"₦32,046.00",TRUE
SHP700184,Aliyu Lawal,Van,ABJ-755BX,Kano,Kaduna,06/11/2025,2025/06/11,19.0,463105.4,delivered,"NGN 70,511",(647) 102-7677,6465.00 naira,No
SHP700022,  Chioma Lawal   ,Truck,LND-354AA,Enugu,Onitsha,28 March 2026,31-Mar-2026,539.7,470.56,DELAYED,50642.00 naira,06513338726,NULL,yes
SHP700207,HALIMA ABUBAKAR,Tricycle (Keke),PHC-426AA,Port Harcourt,Aba,2026-06-30,02 July 2026,477.1,467.35,In Transit,"NGN 17,525",0540 193 8026,39669.00 naira,Yes
SHP700291,Ibrahim Ogundimu,Truck (Big),ABJ-157KL,Lagos,Lagos (Intra-city),2026/05/01,01-May-2026,862.1,455.73,delivered,50064.00 naira,+234129387005,N/A,N
SHP700252,Chioma Olawale,Truck (Big),N/A,Kano,Kaduna,04/07/2026,14/04/2026,  ,37061.1,Cancelled,"13,211.00 ",+234541212678,"₦25,066.00",No
SHP700123,Adaeze Okonkwo,bike,LND-688AA,Kano,Kaduna,15-Mar-2025,21-Mar-2025,88.6,358.58,delivered,"₦61,644.00",02711116152,nil,true
SHP700073,  yusuf mohammed,Truck,PHC-901AA,Kano,Kaduna,2026/02/02,02/05/2026,702.4,85206.7,Delayed,"NGN 71,775",0400 842 7109,"32,988.00 ",FALSE
SHP700188,Zainab Ogundimu,VAN,LND-565BX,Kano,Kaduna,12-Aug-2025,2025/08/17,123.8,8.46,Delivered,"N33,637",234-877-470-168,12252.0,N
SHP700127,Emeka Okeke,Truck,ABJ-575KL,Kano,Kaduna,06 August 2025,,309.7,74742.2,Returned to Sender,58627.0,+234094024455,  ,Y
SHP700174,Zainab  Nnamdi   ,Tricycle (Keke),KJA-215KL,Kano,Kaduna,12/30/2025,03/01/2026,207.0,289.18,In Transit,40950.0,09473121727,"N22,489",FALSE
SHP700034,Femi Adekunle,Bike,LND-234AA,Abuja,Kaduna,27 August 2025,08/29/2025,299.1,139.0,delivered,6807.00 naira,(164) 005-2427,?,Yes
SHP700284,Ifeoma Nnamdi,VAN,KJA-410AA,Kano,Kaduna,04/02/2026,2026-02-04,n/a,2.3,Delayed,"NGN 78,925",42232536729,"NGN 39,602",No
SHP700343,Bisi Lawal,Truck (Big),PHC-715BX,Lagos,Abuja,unknown date,06.07.2025,420.9,174.12,Cancelled,34180.00 naira,06884443106,"NGN 29,671",Yes
SHP700060,Grace Suleiman,Van,PHC-379AA,Lagos,Benin,2025/10/24,28/10/2025,789.7,167853.5,Returned to Sender,"₦57,812.00",09232719374,33426.00 naira,No
SHP700230,Aliyu Lawal,bike,PHC-445BX,Port Harcourt,Aba,09 August 2025,11-Aug-2025,168.9,61.6,In Transit,"NGN 73,840",86688263435,,true
SHP700200,Wale Nnamdi,Tricycle (Keke),KJA-814KL,Abuja,Kaduna,16/10/2025,21-Oct-2025,158.7,486.8,Delivered,"NGN 65,078",(857) 865-2785,NIL,yes
SHP700281,Emeka Olawale,Bike,PHC-759AA,Kano,Kaduna,2025-01-19,25/01/2025,556.7,  ,delivered,"NGN 28,357",(517) 133-9596,unknown,no
SHP700338,Amara Ajayi,VAN,LND-175KL,Kano,Kaduna,09-Mar-2026,15-Mar-2026,322.2,59955.3,delivered,65457.0,04331541006,"N16,055",1
SHP700233,Bola Lawal   ,bike,LND-352KL,Abuja,Kaduna,20 May 2026,21 May 2026,460.2,159509.1,Delayed,"₦46,627.00",0331 739 3638,"₦23,096.00",0
SHP700173,Amaka Chukwu,Van,KJA-993KL,Kano,Kaduna,,02/27/2026,  ,94519.3,DELAYED,39578.0,0027 868 1447,19267.00 naira,0
SHP700314,Chioma Bello,Truck (Big),ABJ-455KL,Lagos,Ibadan,2025/09/30,,298.9,310300.3,Returned to Sender,"NGN 41,309",+234865719182,n/a,Y
SHP700049,Segun Bello,Bike,ABJ-795BX,Lagos,Benin,01.02.2025,,340.8,34083.1,Delayed,"NGN 55,738",16328708317,Unknown,No
SHP700309,tunde ogundimu,VAN,LND-572BX,Lagos,Lagos (Intra-city),22/07/2025,22/07/2025,N/A,23.87,Cancelled,"NGN 61,892",0518 023 8061,unknown,FALSE
SHP700099,Ibrahim Ajayi,Bike,LND-311AA,Lagos,Ibadan,07-Feb-2026,11-Feb-2026,516.7,27.73,Delivered,"NGN 55,096",0386 922 2196,"NGN 18,939",0
SHP700255,Kemi Eze,VAN,PHC-794KL,Abuja,Kaduna,25.02.2026,2026/03/02,274.9,356.41,Returned to Sender,77661.00 naira,62244472126,?,No
SHP700052,Ngozi Yusuf,Bike,ABJ-706KL,Lagos,Lagos (Intra-city),2025/08/19,24 August 2025,,  ,DELAYED,"N49,660",0714 345 5812,3151.0,true
SHP700086,BISI  BALOGUN   ,Truck (Big),PHC-618BX,Lagos,Benin,01-Feb-2026,07 February 2026,319.0,86798.8,Delivered,27377.00 naira,+234545168087,"N16,848",true
SHP700266,Chidi Okeke,VAN,LND-686BX,Kano,Kaduna,24-Mar-2026,24 March 2026,728.6,56135.6,Cancelled,"NGN 28,190",+234071461125,"NGN 24,861",1
SHP700303,Musa Bello,Truck (Big),PHC-231KL,Lagos,Lagos (Intra-city),10-Dec-2025,12/12/2025,321.1,121.29,Delivered,54225.0,99042102027,"₦33,819.00",no
SHP700093,Grace Yusuf,bike,PHC-162AA,Lagos,Lagos (Intra-city),08/08/2025,11.08.2025,155.9,--,DELAYED,61066.00 naira,234-675-339-636,"NGN 21,091",Y
SHP700087,Tunde Ogundimu,Bike,KJA-782KL,Lagos,Abuja,14/11/2025,2025-11-14,630.3,43563.3,delivered,"NGN 23,147",234-385-977-034,--,yes
SHP700179,Ifeoma Eze,Truck,KJA-578KL,Lagos,Abuja,2025-05-03,08.05.2025,nil,--,Delayed,"NGN 84,663",+234922680182,20685.0,Y
SHP700056,Zainab Okeke,bike,KJA-915KL,Lagos,Benin,07 February 2026,10 February 2026,414.0,253903.8,delivered,"53,248.00 ",70656272980,23758.0,N
SHP700150,Fatima Abubakar,Van,ABJ-671KL,Port Harcourt,Aba,21.03.2025,2025/03/26,850.4,115893.5,In Transit,67671.00 naira,80592962229,unknown,no
SHP700160,Halima Eze,Truck (Big),LND-998AA,Abuja,Kaduna,2026/03/14,,26.4,360.24,Delivered,17353.00 naira,234-932-460-953,"N18,054",Yes
SHP700062,Bisi Suleiman,Truck (Big),ABJ-880AA,Lagos,Benin,05.05.2026,,418.7,274842.6,Delivered,"₦78,090.00",(966) 319-3149,"₦22,393.00",TRUE
SHP700276,Kunle Okafor,Tricycle (Keke),ABJ-591BX,Lagos,Abuja,03 September 2025,N/A,850.7,143282.5,delivered,36986.00 naira,22579050723,36977.0,true
SHP700020,Femi Okafor,Van,LND-347KL,Lagos,Lagos (Intra-city),07/06/2025,13/07/2025,NULL,440219.8,In Transit,"N27,068",(473) 829-9737,"N39,872",no
SHP700319,Ibrahim Yusuf,Truck (Big),PHC-198AA,Kano,Kaduna,27 November 2025,02-Dec-2025,724.9,125.39,Cancelled,"N3,811",0213 568 0442,null,N
SHP700016,Chioma Okeke,Bike,PHC-588AA,Abuja,Kaduna,07-Mar-2025,2025/03/13,187.0,103813.8,In Transit,"NGN 42,267",0117 182 2782,27807.00 naira,Y
SHP700228,Tunde Olawale,Van,KJA-565AA,Abuja,Kaduna,28-Aug-2025,,n/a,357.32,Cancelled,"N8,019",(687) 056-8566,"NGN 17,002",0
SHP700077,Femi Okonkwo,Van,PHC-505AA,Lagos,Ibadan,18-Dec-2025,N/A,584.9,465.0,DELAYED,"N67,967",(964) 990-9133,unknown,No
SHP700260,Chinedu Eze,VAN,PHC-507KL,Lagos,Benin,25 September 2025,01-Oct-2025,546.9,127.52,Returned to Sender,"NGN 56,484",0519 398 2807,"37,124.00 ",No
SHP700400,Amara Bello,Tricycle (Keke),PHC-241BX,Lagos,Benin,07/05/2025,07/09/2025,31.4,47533.6,Delayed,"N83,801",01130554885,"N2,775",TRUE
SHP700396,  Femi Chukwu,Truck (Big),KJA-728KL,Lagos,Abuja,04/03/2025,04/03/2025,511.5,73309.8,Cancelled,"N20,243",+234866317797,"₦32,838.00",yes
SHP700362,Halima Chukwu,VAN,KJA-964KL,Kano,Kaduna,03/09/2026,15/03/2026,171.5,58421.2,delivered,"₦50,778.00",85524140602,18526.00 naira,Yes
SHP700226,ALIYU ADEYEMI,VAN,KJA-529BX,Lagos,Lagos (Intra-city),31.01.2025,05/02/2025,401.1,42.85,Returned to Sender,78358.0,+234284395995,"N25,726",0
SHP700091,Ngozi Eze,Van,PHC-415BX,Kano,Kaduna,12/01/2025,2025/12/05,289.7,471.81,DELAYED,"₦28,871.00",234-821-465-840,"NGN 3,860",Y
SHP700294,Fatima Suleiman   ,Bike,PHC-146AA,Lagos,Ibadan,03/09/2025,07 September 2025,257.6,5983.0,delivered,"₦31,212.00",234-532-697-311,"₦30,175.00",Y
SHP700192,Tobi Olawale,Van,KJA-559KL,Lagos,Abuja,12/02/2025,18.02.2025,322.4,130.57,Delayed,14530.0,84991216558,"NGN 20,009",FALSE
SHP700308,Chinedu Olawale,VAN,KJA-318BX,Kano,Kaduna,07/10/2025,07/16/2025,43.5,186.3,Delayed,61308.0,(086) 353-6541,18027.0,no
SHP700080,Femi Abubakar,Bike,ABJ-404AA,Lagos,Abuja,02.10.2025,,460.7,378514.7,DELAYED,"21,285.00 ",234-618-324-210,25190.00 naira,FALSE
SHP700350,Amara Yusuf,Van,LND-706AA,Abuja,Kaduna,12/20/2025,21 December 2025,518.8,455799.6,Delayed,"49,567.00 ",98992172233,27403.00 naira,Y
SHP700050,Tunde Mohammed,Tricycle (Keke),ABJ-830BX,Port Harcourt,Aba,24.09.2025,29 September 2025,122.4,347.14,DELAYED,14652.0,+234788957986,"₦21,333.00",N
SHP700177,Ibrahim Lawal,Truck (Big),ABJ-488KL,Lagos,Lagos (Intra-city),02/25/2025,00/00/0000,579.8,232275.5,Returned to Sender,"₦58,520.00",78291146786,"N34,081",true
SHP700112,Grace Nwosu,Truck,n/a,Enugu,Onitsha,02.06.2025,07/06/2025,nil,51094.6,Delivered,"N72,642",234-053-773-515,"NGN 38,293",false
SHP700275,Adaeze Chukwu,Van,PHC-823BX,Kano,Kaduna,04.05.2026,08-May-2026,535.1,71763.7,DELAYED,"N20,602",234-662-782-827,"₦13,884.00",No
SHP700094,Bisi Okeke,Van,LND-353KL,Lagos,Ibadan,23.11.2025,11/23/2025,19.4,495769.9,Cancelled,"31,126.00 ",+234766270289,14084.0,no
SHP700256,Fatima Mohammed,Tricycle (Keke),KJA-237BX,Port Harcourt,Aba,31/08/2025,2025-09-06,665.4,187574.6,delivered,"NGN 29,161",46471543799,"N32,455",N
SHP700318,Ngozi Chukwu,Truck (Big),ABJ-188KL,Lagos,Abuja,02/24/2025,25/02/2025,5.9,820.5,DELAYED,"NGN 58,155",04741124903,"N36,967",Y
SHP700326,Kunle Balogun,VAN,PHC-994AA,Abuja,Kaduna,01 August 2025,02/08/2025,266.4,178.56,In Transit,"NGN 70,081",0838 065 7875,"4,582.00 ",yes
SHP700097,Amaka Olawale,Truck,null,Enugu,Onitsha,2025/05/25,,46.3,491.2,In Transit,75360.00 naira,(091) 343-1611,33495.0,FALSE
SHP700089,Sadiq Yusuf,Truck,KJA-188KL,Lagos,Ibadan,2025-07-03,07/07/2025,204.8,34928.8,Cancelled,84815.0,(086) 131-7127,"₦11,315.00",1
SHP700036,AMAKA BALOGUN,bike,KJA-786AA,Kano,Kaduna,17.11.2025,17 November 2025,600.3,343.57,Returned to Sender,"N19,264",02620450533,"₦23,138.00",yes
