TaxpayerID,CompanyName,TaxType,Sector,RegistrationDate,AssessmentYear,TurnoverNGN,TaxLiabilityNGN,TaxPaidNGN,OutstandingNGN,ComplianceStatus,PenaltyNGN,ContactPhone,State,AuditFlag
TIN36522736,Musa Ogundimu Enterprises,PIT,  ,,2025,"₦7,821,814,747.53","NGN 1,263,623,613","₦1,067,939,441.65",195684170.9699999,Non-Compliant,"₦126,205,085.51",39190088991,Delta,N
TIN97574065,kunle afolabi enterprises,Company Income Tax (CIT),-,2021/08/29,2025,"₦12,784,199,540.96",2711291298.28 naira,"₦299,070,555.53",NIL,Under audit,,58281902217,Abuja,Y
TIN55770510,Bisi Suleiman Enterprises,Company Income Tax (CIT),Telecoms,not set,NULL,37055520467.12 naira,"NGN 9,623,718,574",3559708833.49 naira,"N6,064,009,740",Under Audit,"NGN 355,668,258",59887592129,Oyo,TRUE
TIN10567179,Ifeoma Yusuf Enterprises,Company Income Tax,Professional Services,2012-12-07,2022,"N12,843,614,308","NGN 911,422,904","₦358,214,254.62","₦553,208,649.07",compliant,unknown,04702059685,Anambra,TRUE
TIN90424729,Tobi Suleiman Enterprises,Education Tax ,Banking,23 August 2021,2024,"NGN 2,077,327,349",N/A,"287,102,193.87 ",248946847.2,Under audit,15034845.36 naira,(389) 260-8788,Kaduna,true
TIN24059718,Blessing Bello Enterprises,Personal Income Tax (PIT),Retail,04/04/2011,2022,"N21,841,225,953","₦4,909,771,458.82","N3,667,346,859","NGN 1,242,424,600",Compliant,"NGN 391,588,823",45400644547,Rivers,no
TIN14224455,Segun Mohammed Enterprises,Company Income Tax,FMCG,28/08/2016,2025,"NGN 5,143,606,714","N895,121,496","N844,191,445","NGN 50,930,051",Compliant,-,87260013651,Imo,Y
TIN31245020,Ibrahim Bello Enterprises,WHT,Oil & Gas,10/18/2019,2025,"₦29,773,328,626.52","NGN 4,678,223,301","2,197,873,561.15 ",,Partially Compliant,"₦39,947,888.99",0000000000,Anambra,N
TIN61277491,Kemi Okeke Enterprises,cit,Telecoms,08.11.2018,2024,21599108579.08,"₦1,945,971,540.70",678901731.33,"NGN 1,267,069,809",Compliant,,(946) 209-3556,Lagos,false
TIN49360048,ZAINAB  AFOLABI ENTERPRISES,WHT,Manufacturing,2020/06/01,2023,19507763926.12 naira,"N2,311,024,791","₦853,063,075.62","1,457,961,714.97 ",Non-Compliant,NULL,09758917045,Oyo,0
TIN48657323,Amaka Ajayi Enterprises,VAT,Manufacturing,2014-03-28,2023,"₦20,635,590,617.39","NGN 4,754,038,956",3087022889.18 naira,"N1,667,016,067",NON-COMPLIANT,"N173,804,147",(281) 822-3879,Ibadan,true
TIN63956982,Segun Mohammed Enterprises   ,Education Tax (EDT),Oil & Gas,2017/06/11,2020,"₦47,908,332,582.36","₦2,118,553,494.27",1324290268.95 naira,794263225.3199999,Exempted ,63212477.45,0429 907 4729,Imo,0
TIN41702479,Halima Chukwu Enterprises,Education Tax ,Banking,08 August 2017,2024,"₦38,871,877,566.94","N6,229,100,541","2,468,924,927.41 ","NGN 3,760,175,613",Exempted,,(166) 732-9045,Akwa Ibom,N
TIN29448888,Kunle Eze Enterprises,vat,Oil & Gas,2022-08-01,2022,"29,285,409,443.06 ",606861293.01,"N127,637,357","NGN 479,223,936",Exempted ,,234-661-549-808,Imo,N
TIN86043888,Femi Suleiman Enterprises,cit,Manufacturing,08.01.2011,2025,25642452290.8,6996795886.97,2562002203.84,"₦4,434,793,683.13",Compliant,,20441007941,Oyo,Y
TIN93937754,Fatima Ajayi Enterprises,Withholding Tax (WHT),FMCG,03/07/2017,2025,"NGN 15,649,383,102","₦3,312,914,633.66",3617191728.28,N0,compliant,"170,568,708.48 ",(720) 388-6217,Abuja,TRUE
TIN64760147,Aliyu Eze Enterprises,Value Added Tax (VAT),N/A,08/29/2017,2023,44308961777.12,2925543073.68,null,"N2,272,448,849",NON-COMPLIANT,9383579.48,234-282-763-643,Lagos State,0
TIN75863181,femi eze enterprises,CIT,Banking,29 June 2020,2023,"NGN 32,092,029,136","N754,603,989",-,"NGN 355,201,780",Under Audit,,0698 416 6123,Imo,1
TIN34505080,Musa Balogun Enterprises,Withholding Tax (WHT),Oil & Gas,2010/05/24,2024,"NGN 18,601,825,508",null,Unknown,"N1,433,047,478",NON-COMPLIANT,unknown,(436) 728-6811,Akwa Ibom,1
TIN38395332,Bisi Mohammed Enterprises,Education Tax (EDT),FMCG,2019/11/20,2023,39288426869.03,8080655188.94,"1,024,541,340.74 ","7,056,113,848.20 ",Compliant,641581724.49 naira,+234096617718,Lagos,true
TIN53641084,Chinedu Nnamdi Enterprises,PIT,Banking,10.04.2022,2025,780346626.44,"88,454,495.06 ",83260977.77,"₦5,193,517.29",Compliant,"N5,444,996",0172 224 0507,Kaduna,false
TIN10978095,Halima Abubakar Enterprises,VAT,Professional Services,02/10/2013,2020,"NGN 15,208,628,922","₦2,361,517,386.90","103,445,249.73 ","N2,258,072,137",Under Audit,93199175.82,234-558-517-774,lagos,yes
TIN99988399,musa nnamdi enterprises,PIT,Oil & Gas,08/07/2019,2023,"N21,931,808,368","N2,793,103,829","N1,227,063,528",1566040301.04 naira,Compliant,,07184523542,Imo,TRUE
TIN51419865,Ibrahim Eze Enterprises,cit,?,26/05/2012,2020,7427615167.04 naira,1990659321.79,"N540,518,301","N1,450,141,021",Partially Compliant,,234-546-772-051,Akwa Ibom,No
TIN58764129,Ibrahim Eze Enterprises,Company Income Tax,Banking,not set,2020,  ,"N3,267,563,757","232,326,431.99 ","NGN 3,035,237,325",Exempted,"₦213,998,532.58",234-317-197-860,Edo,N
TIN88055564,Halima Chukwu Enterprises,VAT,Oil & Gas,2019-10-02,2025,"NGN 33,209,918,474","NGN 5,155,369,468",2060972873.43,3094396594.3999996,Under Audit,,54824218385,Ogun,yes
TIN74534089,Bisi Olawale Enterprises,VAT,Banking,03.09.2016,2021,"₦705,780,167.96","₦180,748,056.52","NGN 20,635,288",,Exempted ,"NGN 4,225,603",0000000000,Plateau,TRUE
TIN21257550,Amaka Okeke Enterprises,Withholding Tax (WHT),Retail,03/19/2018,2024,"NGN 12,509,576,760",1243068520.85 naira,"₦870,110,955.18",372957565.66999996,compliant,90590020.26 naira,234-756-999-449,Fct Abuja,false
TIN53241940,Fatima Nnamdi Enterprises,Capital Gains Tax (CGT),Banking,19 January 2011,2024,"N8,619,880,814","N2,329,094,524","N52,165,393",2276929131.0,compliant,,234-160-112-411,Cross River,0
TIN75282203,Ibrahim Okeke Enterprises,CIT,Telecoms,2011-07-02,2020,21112058991.14,1560727328.51,"N75,920,306","₦1,484,807,022.06",Compliant,,(274) 812-4211,Akwa Ibom,1
TIN69494529,EMEKA MOHAMMED ENTERPRISES,vat,Professional Services,08/28/2014,2024,43018572255.29,4712806418.19,4227776930.76,"485,029,487.43 ",Exempted,,76878494771,Enugu,FALSE
TIN31615562,Chioma Suleiman Enterprises,Value Added Tax (VAT),Professional Services,27-Jan-2022,Unknown,3876463200.08 naira,"N783,617,522","N250,168,187",533449335.69000006,Exempted ,11089031.86,+234183270004,Port Harcourt,N
TIN67246852,Ifeoma Abubakar Enterprises,Company Income Tax (CIT),Manufacturing,22/03/2015,2022,24027858951.3,"NGN 3,060,986,409","N1,316,830,764",,compliant,176917103.36 naira,234-758-333-647,Plateau,false
TIN95059591,Obinna Afolabi Enterprises,vat,Telecoms,2019/09/09,2025,"NGN 46,050,308,110",8799055739.05,846030803.13 naira,7953024935.92 naira,Non-Compliant,,234-762-550-325,Abuja,TRUE
TIN55643005,Ibrahim Mohammed Enterprises,PIT,  ,04 January 2010,2023,"₦19,653,191,470.30","₦5,650,106,386.33",3676901797.78 naira,"₦1,973,204,588.55",Under Audit,,invalid,Enugu,true
TIN59278976,Halima Okafor Enterprises,Value Added Tax (VAT),Professional Services,00/00/0000,2025,"9,854,155,536.55 ","N2,269,422,001","NGN 1,952,732,613",316689387.9399998,compliant,,+234513587271,Kaduna,TRUE
TIN71498342,Ifeoma Yusuf Enterprises,CIT,?,23.11.2015,2023,37024095836.32,"₦2,046,911,561.81",1533426802.05,"NGN 513,484,760",Exempted,,09739889413,Oyo State,FALSE
TIN14359240,Aliyu Olawale Enterprises,Withholding Tax (WHT),Manufacturing,05/16/2021,2022,46547096181.3,"N11,655,138,665","₦12,027,522,237.03",NGN 0,NON-COMPLIANT,,+234220334742,Oyo State,0
TIN14727755,OBINNA ADEKUNLE ENTERPRISES,Capital Gains Tax (CGT),Telecoms,14 November 2014,2021,"N4,732,526,158",1281052069.42 naira,"₦1,404,290,345.69",NGN 0,compliant,,02276433872,Oyo,TRUE
TIN29090992,Musa Eze Enterprises,VAT,Retail,N/A,2023,25737609568.69 naira,4398481420.27 naira,"₦124,254,717.40","N4,274,226,703",NON-COMPLIANT,,+234341996433,Akwa Ibom,FALSE
TIN66563174,  Musa Ogundimu Enterprises,cit,Banking,04/06/2010,2021,42097974283.12 naira,"₦8,850,592,781.94",7251977897.56 naira,"₦1,598,614,884.38",NON-COMPLIANT,,+234477183753,Anambra,false
TIN83862879,Halima Ajayi Enterprises,Company Income Tax (CIT),Telecoms,24 July 2013,2025,"NGN 44,521,905,518","NGN 6,828,382,501","₦589,705,722.10","₦6,238,676,779.31",Non-Compliant,NIL,02680808157,Oyo State,no
TIN98034953,Blessing Eze Enterprises,Education Tax (EDT),Banking,13/07/2010,2022,"₦22,936,016,150.85",-,1063359073.20 naira,3949400490.87,Exempted ,"NGN 310,363,598",85386310505,Enugu,true
TIN39260538,Aliyu Eze Enterprises,Value Added Tax (VAT),Banking,27 October 2021,unknown,"49,184,997,605.24 ","₦12,202,951,392.53",,"NGN 5,185,510,258",NON-COMPLIANT,708213801.99 naira,(481) 105-0147,Imo,1
TIN58830554,Grace Okafor Enterprises,VAT,Manufacturing,2019-09-13,2023,23150357647.02 naira,"NGN 6,751,696,942",6539857075.89,211839866.23999977,Partially Compliant,,(878) 035-8690,Akwa Ibom,Y
TIN40944451,Emeka Lawal Enterprises,Education Tax ,Manufacturing,15-May-2013,2022,"₦890,453,448.66","NGN 124,877,472","₦26,142,232.85",,Compliant,"NGN 4,104,000",N/A,Cross River,TRUE
TIN24575279,Aliyu Olawale Enterprises,Company Income Tax (CIT),Real Estate,not set,2024,10808696324.04 naira,1130091283.34,"NGN 746,602,420","₦383,488,863.33",compliant,"NGN 61,949,145",234-067-398-344,Ibadan,0
TIN39754241,Fatima Nnamdi Enterprises,Capital Gains Tax (CGT),Telecoms,01/03/2017,2024,"₦6,594,155,730.42",1226768468.65 naira,667455819.55 naira,"N559,312,649",Under Audit,,29563427775,Delta,No
TIN75513373,Grace Afolabi Enterprises,Capital Gains Tax (CGT),Oil & Gas,not set,2020,"N20,390,216,683","₦2,701,980,052.53",63954493.69 naira,2638025558.84 naira,Compliant,,(551) 327-6179,Akwa Ibom,true
TIN19946193,CHINEDU OGUNDIMU ENTERPRISES   ,Value Added Tax (VAT),FMCG,14.07.2014,2020,"NGN 43,794,120,207","NGN 8,853,013,492","N5,843,721,412","N3,009,292,080",Compliant,,47841715949,Kaduna,TRUE
TIN52403334,Amara Okonkwo Enterprises,VAT,Telecoms,2011/04/30,2025,"₦11,164,130,990.82","₦1,360,570,199.04","NGN 1,147,063,323","N213,506,876",Partially Compliant,"₦110,078,228.55",07609873126,Plateau,0
TIN65241287,Tunde Bello Enterprises,vat,Banking,04/02/2015,2025,19934072293.28 naira,nil,5553304551.88,"395,841,833.22 ",Exempted,"229,448,676.36 ",+234029831043,Enugu,Yes
TIN41647107,ADAEZE CHUKWU ENTERPRISES,CIT,Banking,2010-12-28,2020,"₦2,004,904,638.60",529624460.98 naira,"104,155,671.67 ",,Non-Compliant,,+234102929501,Oyo,no
TIN91930381,  BLESSING MOHAMMED ENTERPRISES   ,WHT,Banking,16 November 2010,2020,37257635851.03 naira,"₦7,515,502,860.98",7708463867.28,0,Under Audit,,57800244323,Kano,false
TIN93239970,NGOZI NWOSU ENTERPRISES,cit,Retail,17.10.2018,2025,7248865990.22,1002062820.24,"₦598,301,887.12","₦403,760,933.12",Partially Compliant,"NGN 89,850,477",0294 831 4789,Ogun,FALSE
TIN90220652,Chinedu Afolabi Enterprises,vat,Oil & Gas,03.07.2016,2023,"₦1,955,072,696.81","NGN 399,821,143","N357,693,951","N42,127,192",Exempted,10151677.55 naira,0188 087 9919,Plateau,TRUE
TIN50126369,bola afolabi enterprises,Withholding Tax (WHT),Professional Services,17/02/2018,unknown,"NGN 42,925,567,625","₦4,733,126,720.13","5,138,860,307.58 ",N0,Under Audit,325306140.04,02523941209,Kaduna,0
TIN11490904,fatima nwosu enterprises   ,PIT,Telecoms,2020-06-08,2020,"NGN 39,514,324,712",9784283147.10 naira,null,"₦448,011,955.28",Compliant,,,Cross River,true
TIN37729321,Zainab Abubakar Enterprises,vat,Oil & Gas,03/28/2020,2020,16023968675.82 naira,"NGN 1,833,573,329",59947841.25,,Partially Compliant,,08558522942,Cross River,Y
TIN35488807,Aliyu Okeke Enterprises,Value Added Tax (VAT),Banking,09/18/2013,2021,"8,938,011,440.43 ",1101507246.71,"N1,141,503,231",0,Exempted,"NGN 51,949,328",+234941799670,Akwa Ibom,no
TIN74177056,Femi Balogun Enterprises,VAT,Oil & Gas,06.01.2019,2020,"NGN 13,027,451,393","₦3,615,525,554.87",--,"2,923,297,913.36 ",compliant,"NGN 326,483,567",02620858174,Kaduna,no
TIN98823684,Ngozi Mohammed Enterprises,Withholding Tax (WHT),Professional Services,2012/06/26,2024,"₦2,826,360,638.28","NGN 412,722,394","N114,277,375","298,445,018.96 ",Under Audit,"NGN 18,481,498",234-220-414-474,Enugu,no
TIN48313444,Emeka Adekunle Enterprises,cit,Telecoms,16 February 2013,2024,"35,455,428,042.38 ","3,657,099,245.52 ","N1,559,464,798","₦2,097,634,447.98",NON-COMPLIANT,,234-362-192-158,Plateau,true
TIN84715248,Chinedu Abubakar Enterprises,Education Tax ,FMCG,07-Apr-2022,2024,"16,493,236,112.44 ","₦3,707,886,968.60","2,244,966,041.72 ","NGN 1,462,920,927",Non-Compliant,"NGN 348,605,223",(924) 065-8387,Kaduna,No
TIN11174271,Sadiq Lawal Enterprises,Company Income Tax (CIT),n/a,2013/11/16,2022,16106003391.67 naira,3449432882.14,584763162.54 naira,"NGN 2,864,669,720",Under Audit,"₦234,197,305.25",(995) 300-6221,Imo,No
TIN96476287,Bisi Olawale Enterprises,PIT,Professional Services,2021-05-11,2025,"N5,912,068,871","NGN 315,571,457",81999027.58 naira,233572429.40 naira,Under audit,"N14,430,375",+234222190533,Oyo State,yes
TIN71827047,Ifeoma Balogun Enterprises,CIT,Manufacturing,2019-03-23,2021,41537936252.33,"N8,010,365,790","₦3,836,859,942.87","N4,173,505,847",Exempted,,0772 702 8966,Rivers,N
TIN73344698,bisi  ogundimu enterprises,cit,Banking,2013/09/19,2024,"N42,693,805,832",1552404091.19,98212810.74 naira,"NGN 1,454,191,280",NON-COMPLIANT,134355014.65 naira,+234000886346,Akwa Ibom,no
TIN82496689,Ibrahim Ajayi Enterprises,cit,Banking,09 August 2019,2025,"NGN 36,978,855,485","N7,606,631,579","3,033,511,938.24 ",4573119640.570001,NON-COMPLIANT,"NGN 685,873,829",09103829742,Kano,N
TIN31488992,Chidi Nnamdi Enterprises,Personal Income Tax (PIT),Oil & Gas,05 October 2016,2024,"₦12,762,169,923.41","₦353,452,387.90","N199,116,777","₦154,335,611.12",Under Audit,"NGN 2,803,487",0622 169 0696,Akwa Ibom,FALSE
TIN74339677,ADAEZE YUSUF ENTERPRISES,VAT,FMCG,08/24/2020,2025,45825074644.87,"12,648,775,239.99 ","NGN 1,749,823,198","N10,898,952,042",NON-COMPLIANT,"₦68,933,098.54",07842902923,kano,Yes
TIN25754259,Grace Afolabi Enterprises,CIT,NULL,12/31/2011,2021,18475824878.55,"N3,563,729,979",3778514645.30 naira,,Partially Compliant,215839525.45 naira,12372055033,Akwa Ibom,FALSE
TIN54166657,Yusuf Nnamdi Enterprises,Education Tax ,Manufacturing,,NULL,"NGN 14,832,335,484","N636,688,444","NGN 117,536,834",,Non-Compliant,,(090) 855-1074,Imo,Y
TIN76405189,Bola Okafor Enterprises,Withholding Tax (WHT),Banking,2011-08-23,2020,33934901259.76,"N1,349,030,060",1234589676.84,,Exempted,"NGN 23,194,884",+234079637310,Edo,yes
TIN90424729,Tobi Suleiman Enterprises,Education Tax ,Banking,23 August 2021,2024,"NGN 2,077,327,349",N/A,"287,102,193.87 ",248946847.2,Under audit,15034845.36 naira,(389) 260-8788,Kaduna,true
TIN79067288,Ifeoma Adekunle Enterprises,Capital Gains Tax (CGT),Manufacturing,,2020,29078551856.28 naira,2806331107.37 naira,952761170.97,"NGN 1,853,569,936",Compliant,"₦56,154,909.38",41119738818,Kaduna,0
TIN15465383,Ngozi Nwosu Enterprises,Education Tax (EDT),Banking,2018/09/12,2021,"N6,219,330,550","NGN 1,788,548,104","951,064,298.13 ","NGN 837,483,806",Under audit,29884909.69,06260846397,Anambra,1
TIN83255838,Chinedu Nnamdi Enterprises,Education Tax (EDT),Banking,2020/11/23,2024,34145361798.9,"NGN 1,647,704,345",1733357030.26 naira,NIL,Partially Compliant,"NGN 100,222,376",(213) 756-5896,Kano,Yes
TIN77949774,Chidi Nwosu Enterprises,vat,Professional Services,2018/03/30,2024,7098292925.04 naira,"N2,047,207,624",nil,1459656852.85,Compliant,"NGN 26,062,441",(644) 200-6298,Kaduna,1
TIN69848398,TOBI NWOSU ENTERPRISES,cit,Manufacturing,22-May-2020,2023,"N36,373,107,996",5561359835.92 naira,"1,766,807,690.83 ",3794552145.09,NON-COMPLIANT,90682454.48 naira,234-203-004-496,Kaduna,true
TIN87686636,Amaka Olawale Enterprises,Company Income Tax (CIT),Oil & Gas,2016/11/24,2024,"NGN 48,215,744,790","N1,529,393,544",1091257948.56,"₦438,135,595.00",NON-COMPLIANT,26330391.37,(619) 951-7152,Delta,Yes
TIN13203191,Chidi Suleiman Enterprises,vat,Oil & Gas,15 September 2012,2020,25386645948.78 naira,4092939791.68 naira,2916125522.36,"N1,176,814,269",compliant,"₦203,563,598.54",72845401822,Cross River,No
TIN20230008,Zainab Balogun Enterprises,vat,Real Estate,2016/08/17,2022,"N34,186,766,939","₦3,164,583,250.69","NGN 910,765,044","N2,253,818,207",compliant,,58816502544,Cross River,yes
TIN38273632,  Chidi Ogundimu Enterprises,Education Tax ,Professional Services,18-Jan-2019,2024,"NGN 14,286,085,794","₦652,788,622.59","NGN 669,033,032",0,NON-COMPLIANT,"NGN 25,673,170",234-217-790-552,lagos,1
TIN47641534,Tobi Yusuf Enterprises,Company Income Tax,Manufacturing,05/17/2022,2025,"13,775,133,131.29 ",3468022713.31 naira,"NGN 2,843,290,968","₦624,731,745.11",compliant,"NGN 27,830,832",234-319-279-761,Imo,TRUE
TIN45387579,Kemi  Adekunle Enterprises,Education Tax (EDT),Telecoms,10 March 2014,2021,"NGN 9,065,762,943","N1,667,111,070","1,266,396,222.49 ","N400,714,847",Partially Compliant,,234-620-197-121,Plateau,FALSE
TIN46759198,tunde  ogundimu enterprises,Education Tax (EDT),Professional Services,14.06.2013,2022,49060370660.18 naira,"NGN 12,112,295,745","NGN 9,330,157,694",2782138051.24 naira,NON-COMPLIANT,,+234054576947,Enugu,N
TIN15428056,Ngozi Balogun Enterprises,PIT,Real Estate,10/05/2010,2022,20362751974.95,3173295481.24,"1,645,925,839.54 ","N1,527,369,642",NON-COMPLIANT,"₦89,871,395.60",234-201-265-789,Akwa Ibom,1
TIN75530169,Bola Abubakar Enterprises,Company Income Tax,Professional Services,2022/09/01,2023,"1,458,153,402.67 ","NGN 354,814,869","₦187,435,221.26",,NON-COMPLIANT,2125816.86 naira,,Abuja,Y
TIN40535390,Blessing Olawale Enterprises,CIT,Professional Services,2021-04-19,2023,"NGN 19,432,009,938","N2,933,004,943","₦1,093,808,013.10","₦1,839,196,929.92",Exempted,"NGN 59,476,747",0932 453 8109,Edo,yes
TIN78026559,Yusuf Okonkwo Enterprises,VAT,Professional Services,01-Jul-2011,2024,31340454312.06 naira,"₦4,194,507,151.07","2,520,120,729.81 ",,NON-COMPLIANT,"N395,249,339",0713 684 1013,Lagos,no
TIN71878496,chioma adekunle enterprises,Company Income Tax,Retail,12.01.2010,2020,"NGN 49,130,881,167","NGN 2,188,136,653","NGN 880,684,535","1,307,452,118.25 ",Partially Compliant,"N60,109,439",234-713-073-510,Kano,FALSE
TIN84878450,Kemi Ajayi Enterprises,Company Income Tax (CIT),Banking,07/13/2012,2025,"₦6,556,464,433.50","NGN 761,197,055",--,NGN 0,Exempted ,,40191854880,LAGOS,1
TIN76040204,Chinedu Ajayi Enterprises,PIT,NIL,06/05/2015,-,21046556288.53,"₦2,962,955,285.35",2490290442.88 naira,,Exempted ,89623867.06 naira,N/A,Plateau,Yes
TIN90316812,Kunle Afolabi Enterprises,Company Income Tax (CIT),Banking,24-Nov-2019,2023,26163326881.71,"₦1,475,482,377.09",1057213654.85 naira,"N418,268,722",Compliant,40571210.03 naira,+234772648839,Kano,FALSE
TIN95740466,Grace Okeke Enterprises,Company Income Tax,FMCG,2017-12-29,2021,"NGN 13,310,727,819","2,431,403,866.65 ","288,093,265.17 ",,Compliant,,,Imo,1
TIN37734093,Obinna Mohammed Enterprises,Education Tax ,Professional Services,05/02/2015,2020,3895550125.51,"₦809,918,387.34","NGN 623,223,900",186694487.51,Under Audit,"12,297,399.66 ",(745) 686-5240,Ogun,Yes
TIN33882178,Fatima Lawal Enterprises,vat,Banking,02.07.2015,2024,43785132509.7,"N3,917,840,138","₦1,364,251,277.01",,Exempted,,+234310437968,Lag,Y
TIN71498342,Ifeoma Yusuf Enterprises,CIT,?,23.11.2015,2023,37024095836.32,"₦2,046,911,561.81",1533426802.05,"NGN 513,484,760",Exempted,,09739889413,Oyo State,FALSE
TIN80353238,Bisi Ogundimu Enterprises,Education Tax ,Retail,,2023,null,"NGN 2,101,883,429","₦1,909,749,353.07","₦192,134,075.54",Exempted ,140671471.63 naira,80550774065,Lagos,no
TIN85629018,Emeka Chukwu Enterprises,Company Income Tax (CIT),Professional Services,18-Dec-2021,2023,4190121564.43,546994943.28,117123984.25 naira,,Compliant,,07344930537,Cross River,true
TIN21476992,Bola Ogundimu Enterprises,Education Tax ,FMCG,11.08.2019,2025,10775747550.52 naira,"₦837,362,494.51",3248095.56,"834,114,398.95 ",Under Audit,,0763 328 3896,Edo,0
TIN39364657,CHIOMA OGUNDIMU ENTERPRISES,VAT,FMCG,2011-05-19,2020,10426610608.34 naira,"₦399,205,313.01",40510235.98,358695077.03,Exempted ,15461633.28,06506463005,Plateau,1
TIN58764129,Ibrahim Eze Enterprises,Company Income Tax,Banking,not set,2020,  ,"N3,267,563,757","232,326,431.99 ","NGN 3,035,237,325",Exempted,"₦213,998,532.58",234-317-197-860,Edo,N
TIN17419864,Femi Adekunle Enterprises,cit,-,12/20/2019,?,"₦8,374,525,543.58","NGN 659,174,933","228,478,030.56 ","430,696,902.01 ",Under audit,"NGN 39,160,052",(504) 944-4076,Ogun,No
TIN55590812,Yusuf Mohammed Enterprises,vat,n/a,04/23/2022,2023,"35,391,775,501.67 ","N10,365,917,298",unknown,"NGN 3,328,338,871",compliant,"NGN 590,960,637",06293288098,Kano,0
TIN94833534,amara nwosu enterprises,vat,FMCG,2018-09-03,2025,"₦16,087,312,820.69","N3,725,582,358","N888,997,561","NGN 2,836,584,797",compliant,267123806.96,97714004938,Delta,Yes
TIN70725838,funmilayo ajayi enterprises,Company Income Tax (CIT),Manufacturing,2021-01-16,2022,"₦38,613,697,851.46","₦2,559,469,016.84",492995552.33,,Compliant,"NGN 200,106,469",0365 968 0785,Delta,N
TIN88894659,Bisi Bello Enterprises,VAT,Oil & Gas,2016/06/10,2021,"34,318,218,880.81 ",6069214170.69 naira,"₦4,092,683,529.14",  ,Under Audit,,56684482373,Lag,0
TIN46981505,Yusuf Bello Enterprises,Withholding Tax (WHT),FMCG,06.01.2012,2020,794027513.73 naira,"NGN 24,833,631",17255589.45 naira,"₦7,578,041.38",NON-COMPLIANT,224063.36 naira,02177417430,lagos,0
TIN50373159,Halima Lawal Enterprises,Personal Income Tax (PIT),FMCG,2018/05/02,2021,"₦15,535,911,999.06","₦4,249,924,674.72","₦550,093,229.04",,Under Audit,"N341,640,208",05338906235,Cross River,yes
TIN27471391,Grace Balogun Enterprises,Education Tax ,FMCG,04 February 2011,2023,"₦23,181,989,961.20","N5,915,785,999","NGN 4,700,154,209",n/a,Exempted ,,0003 203 1978,KANO,no
TIN80655899,Zainab Afolabi Enterprises,Withholding Tax (WHT),Oil & Gas,07/23/2011,2020,"NGN 11,528,275,373","N586,204,309","521,192,702.99 ","N65,011,606",compliant,"NGN 30,970,419",07888975358,Cross River,Yes
TIN19391830,Ifeoma Lawal Enterprises,Company Income Tax,  ,19-Dec-2013,2020,"478,930,505.83 ","₦16,129,903.97","₦330,277.67",15799626.3,Under audit,NULL,06307028672,Rivers,0
TIN65285931,Aliyu Ajayi Enterprises,Education Tax ,Professional Services,26-Jun-2014,2025,"N48,018,137,652","₦1,319,140,284.05","N1,023,060,361",296079922.6099999,Under audit,,66405110212,Enugu,true
TIN24033449,Adaeze Okeke Enterprises,CIT,FMCG,2016-03-28,2020,"25,794,858,065.87 ","₦950,574,649.84","NGN 467,832,531",482742118.41 naira,compliant,,(883) 978-5708,Kano,No
TIN56983195,Aliyu Adekunle Enterprises,Capital Gains Tax (CGT),Real Estate,19.04.2017,2021,"N14,982,838,911",3199040697.87,"N2,741,061,554","₦457,979,144.34",Exempted,,28605210262,Plateau,1
TIN68367809,Tunde Ogundimu Enterprises,Education Tax (EDT),Manufacturing,07/03/2021,2022,11809378164.98,"₦1,927,274,179.40",2093695197.78,₦0.00,Partially Compliant,"NGN 152,211,754",0000 268 7644,Ogun,N
TIN40556192,Ifeoma Balogun Enterprises,Education Tax ,Banking,,2020,899031329.78,33630478.48,"N27,806,765","N5,823,713",Partially Compliant,"N2,958,958",0642 304 1202,rivers,true
TIN97063402,Sadiq Nwosu Enterprises,Company Income Tax,Retail,12.08.2011,2023,"NGN 19,237,920,547","₦3,059,301,898.24","N2,282,986,517","₦776,315,380.83",Non-Compliant,?,07586463395,Rivers,FALSE
TIN81476708,SEGUN SULEIMAN ENTERPRISES,CIT,Banking,08/30/2011,2025,"NGN 26,557,201,291","NGN 3,142,069,571","₦2,611,385,281.12","NGN 530,684,290",Under Audit,,(771) 167-5076,Edo,yes
TIN90209259,  wale afolabi enterprises,Withholding Tax (WHT),FMCG,07-Feb-2018,2020,11786396425.08,"N982,984,986",976724757.67 naira,6260228.59 naira,Under Audit,30277756.08,(553) 730-9649,Anambra,TRUE
TIN21136446,Ngozi Adeyemi Enterprises,Company Income Tax (CIT),Manufacturing,23/09/2020,2025,22589362826.88,4510567045.19 naira,unknown,,Under audit,"N448,502,486",,Cross River,0
TIN53238340,Aliyu Yusuf Enterprises,Capital Gains Tax (CGT),Telecoms,2016/12/19,2024,"N5,698,519,215",NIL,"N747,497,845",373649354.70000005,Under audit,,0179 726 9999,Rivers,No
TIN69713554,ZAINAB OKEKE ENTERPRISES   ,CIT,Real Estate,28/12/2011,2023,"N4,321,152,264","N798,172,238","₦589,592,808.75","NGN 208,579,430",compliant,"NGN 8,490,727",82339218835,Kaduna,Y
TIN50779352,Zainab Okafor Enterprises,CIT,Telecoms,29/07/2022,2024,"39,078,225,732.64 ","₦9,212,397,476.09","7,908,428,208.16 ","NGN 1,303,969,268",compliant,,234-893-326-145,LAGOS,1
TIN21785053,Wale Okafor Enterprises,PIT,Banking,02/04/2016,2020,"₦3,981,749,870.04","N500,399,077",463885822.06,"₦36,513,254.65",Exempted ,,(426) 107-0335,Ogun,Yes
TIN58542302,Funmilayo Afolabi Enterprises,Withholding Tax (WHT),Real Estate,31/08/2019,2023,45327355090.21 naira,N/A,329057512.45 naira,5022196027.30 naira,Exempted,NULL,84243198392,Edo,true
TIN16397456,Tunde Okeke Enterprises,Value Added Tax (VAT),Telecoms,01/09/2017,2021,"NGN 33,749,685,476",5499429351.41 naira,"₦165,538,274.09","₦5,333,891,077.32",Compliant,"NGN 507,869,385",72649632251,Imo,true
TIN78122543,Chinedu  Abubakar Enterprises,vat,Manufacturing,2019-10-18,2023,"NGN 36,388,371,538","₦3,244,375,553.67","₦1,748,170,644.73","1,496,204,908.94 ",Under Audit,"₦148,925,318.82",0985 458 2942,Enugu,No
TIN84715586,Chidi Okafor Enterprises,VAT,  ,11/10/2010,2023,"22,002,941,011.13 ",2270637894.18,"₦359,019,339.32",NIL,compliant,103599776.99,(418) 948-5432,Anambra,true
TIN34848676,Grace Eze Enterprises,Withholding Tax (WHT),Banking,07.02.2013,2023,"N2,431,785,670",n/a,"₦9,291,093.36","N85,970,092",Under audit,,00211915891,Lagos State,true
TIN56905263,Blessing Adeyemi Enterprises,WHT,Real Estate,2010-05-08,2023,"NGN 41,115,890,611",11782597297.15 naira,"NGN 1,641,413,792","N10,141,183,505",compliant,"₦1,009,671,197.62",(713) 971-9126,Oyo,Yes
TIN64758479,Amara Bello Enterprises,vat,Real Estate,2011-07-31,2020,"NGN 46,072,284,098","N5,557,319,041",5087799291.03 naira,N/A,Compliant,"₦213,482,741.93",+234071245531,Rivers,true
TIN51419865,Ibrahim Eze Enterprises,cit,?,26/05/2012,2020,7427615167.04 naira,1990659321.79,"N540,518,301","N1,450,141,021",Partially Compliant,,234-546-772-051,Akwa Ibom,No
TIN37067027,Chioma Mohammed Enterprises,Company Income Tax (CIT),Real Estate,22.07.2022,2020,10421412159.75,"NGN 1,586,376,078","N1,034,617,228","NGN 551,758,850",Compliant,,invalid,Akwa Ibom,no
TIN13083690,Yusuf Eze Enterprises,Education Tax ,Professional Services,06/09/2022,2020,"₦5,061,941,221.19","NGN 681,557,691","NGN 342,095,682","₦339,462,008.47",Compliant,,234-048-878-995,Abuja,FALSE
TIN81592042,Musa Okeke Enterprises,cit,NIL,21/02/2020,2025,"₦36,452,869,149.97","9,145,529,753.92 ","N2,591,327,265","NGN 6,554,202,489",Under Audit,"253,217,903.78 ",+234746706751,Akwa Ibom,FALSE
TIN50777653,  Bisi Olawale Enterprises,Withholding Tax (WHT),Retail,27.07.2014,2025,"N19,135,072,249","NGN 437,944,732",132938147.51 naira,"NGN 305,006,585",Exempted ,?,01386908716,Oyo,true
TIN59611763,Fatima Nwosu Enterprises,Value Added Tax (VAT),-,20 March 2017,2023,"₦9,209,818,798.23","N2,383,849,406",686718686.24 naira,"₦1,697,130,719.40",Exempted ,"N187,843,967",+234534281644,Oyo State,false
TIN86592800,Bola Ajayi Enterprises,Personal Income Tax (PIT),Professional Services,31 October 2014,2024,"N10,461,103,699","NGN 873,998,587","₦375,656,684.46",498341902.10 naira,compliant,"75,812,112.78 ",0153 259 4795,Anambra,N
TIN38829496,Grace Mohammed Enterprises,Capital Gains Tax (CGT),Telecoms,08/05/2013,2025,"45,376,719,218.35 ",1333794666.52 naira,"NGN 448,057,336",885737330.67,NON-COMPLIANT,"₦105,881,356.43",44716198273,Enugu,N
TIN64909646,bola yusuf enterprises,VAT,Banking,2014-07-12,2021,"14,809,801,205.54 ","N454,564,033","₦74,896,606.02","₦379,667,426.96",compliant,,234-200-283-948,Delta,0
TIN80093188,Sadiq Okonkwo Enterprises,Capital Gains Tax (CGT),Professional Services,2020-12-31,2025,"N19,319,085,443","N1,723,360,421",1755103500.77,₦0.00,Exempted ,94891788.1,,Kano,N
TIN78354266,Femi Chukwu Enterprises,cit,Professional Services,19 November 2014,2020,"NGN 43,663,980,759","N9,640,138,591","N4,606,739,095","N5,033,399,495",Exempted,726096881.85,234-092-257-090,Edo,true
TIN17203176,Bola Mohammed Enterprises,WHT,?,2021/09/09,2025,48007333648.78,"N4,951,383,385","₦545,373,169.13","₦4,406,010,215.52",compliant,400771211.05 naira,(396) 987-4869,Delta,Yes
TIN93736973,Grace Adeyemi Enterprises,Value Added Tax (VAT),Oil & Gas,01 February 2022,2024,"NGN 41,956,803,572","NGN 5,842,038,768",2694208216.31 naira,"₦3,147,830,551.98",Exempted ,"NGN 446,747,019",0074 682 3546,Imo,true
TIN29932763,obinna ogundimu enterprises,VAT,FMCG,07 December 2022,--,"₦27,293,299,759.53",3069986631.7,"N2,639,489,780","N430,496,852",Compliant,"₦143,290,091.65",22101023200,FCT,TRUE
TIN22976137,Chioma Chukwu Enterprises,Education Tax (EDT),Telecoms,14 May 2013,,"NGN 46,044,032,941",9113449960.21,"2,121,239,203.63 ","N6,992,210,757",NON-COMPLIANT,"N461,128,658",234-736-542-624,Edo,No
TIN21665279,Yusuf Olawale Enterprises,Company Income Tax,Telecoms,27 December 2020,2024,"N6,535,599,507",1678631859.81 naira,1071343252.37 naira,"N607,288,607",compliant,28341687.94,+234873137971,Oyo,true
TIN42320287,Tunde Mohammed Enterprises,Value Added Tax (VAT),Oil & Gas,2013-01-12,2025,26941786411.82,"₦6,881,038,322.95",1274817809.18 naira,"₦5,606,220,513.77",Under Audit,"NGN 500,249,637",+234600128382,Edo,0
TIN20123472,   chinedu bello enterprises,Company Income Tax,Oil & Gas,2015-06-10,2022,"₦20,991,751,300.38",NIL,"NGN 891,137,356","N4,134,762,969",compliant,"N221,851,427",02344225216,Plateau,No
TIN69031898,Amara Ogundimu Enterprises,Value Added Tax (VAT),Oil & Gas,10/21/2016,2020,"N3,979,435,618",647109728.59,65394377.1,"N581,715,351",Partially Compliant,,+234105080549,Delta,1
TIN17530937,Obinna Afolabi Enterprises   ,Withholding Tax (WHT),Professional Services,10/21/2014,2023,"2,334,634,394.94 ","N303,473,205",1905485.90 naira,"N301,567,719",compliant,"₦19,543,573.47",(625) 908-4194,Cross River,N
TIN84642441,Ifeoma Yusuf Enterprises,PIT,Real Estate,22.10.2017,2024,  ,148995684.54 naira,43471172.71,105524511.83 naira,NON-COMPLIANT,"N1,155,087",(894) 204-6648,Akwa Ibom,Y
TIN19918995,Tobi Eze Enterprises,Education Tax ,Real Estate,03 August 2011,2020,"₦33,068,417,782.46",4154487666.34 naira,"NGN 1,412,595,992",2741891674.55 naira,Under Audit,7808906.99 naira,0000000000,lagos,1
TIN75149035,blessing balogun enterprises,Capital Gains Tax (CGT),Banking,12.09.2015,2021,"₦40,833,320,618.92","NGN 911,784,118","₦408,770,659.70","₦503,013,458.39",Non-Compliant,,96330833444,Akwa Ibom,No
TIN13563649,Femi Adeyemi Enterprises,WHT,Telecoms,13-Sep-2010,2024,"11,019,084,224.53 ","NGN 1,732,434,952","NGN 498,791,886",1233643065.46,compliant,,+234460422763,Cross River,FALSE
TIN89721183,Sadiq Okafor Enterprises,Personal Income Tax (PIT),Telecoms,01/21/2011,2024,"N8,780,202,090","₦1,956,920,864.84",1380617299.61,576303565.23,Exempted,132823287.96 naira,00499809497,Plateau,Y
TIN44657682,chinedu abubakar enterprises,Education Tax ,unknown,2010/12/21,2025,"N18,161,634,007","NGN 1,679,164,769","₦1,134,775,216.98","NGN 544,389,552",compliant,"N118,310,520",+234170598445,Cross River,true
TIN65717462,Bisi Afolabi Enterprises,CIT,Banking,04-Feb-2011,2020,28441220841.90 naira,"NGN 8,467,023,885","₦4,279,850,904.82","₦4,187,172,980.20",Under audit,,234-883-565-179,Rivers,Yes
TIN38511306,Kemi Okonkwo Enterprises,cit,FMCG,22 April 2013,2025,"N26,820,175,692","NGN 6,859,148,368",Unknown,"NGN 6,352,827,887",Partially Compliant,"411,973,043.59 ",94815269255,Cross River,false
TIN70178749,  Chioma Afolabi Enterprises   ,cit,Retail,22.01.2019,2024,"N10,066,507,259","₦1,744,486,186.95","N1,060,588,846","N683,897,341",Non-Compliant,,234-559-450-119,Imo,N
TIN49345327,Blessing Okonkwo Enterprises,cit,FMCG,2016-05-25,2024,"NGN 37,128,280,075",5815674017.19,715227305.79,,compliant,,76010801810,Plateau,false
TIN13123773,Ifeoma  Ajayi Enterprises,Value Added Tax (VAT),FMCG,2016-04-23,2022,34313828626.8,3920790642.66 naira,3953528878.40 naira,NGN 0,Under audit,"₦170,381,178.05",(116) 436-9028,Imo,No
TIN19834876,Ifeoma  Chukwu Enterprises   ,Capital Gains Tax (CGT),Real Estate,08-Jan-2012,2023,"N27,990,078,003","₦1,256,221,793.18",1338679786.35,nil,Compliant,,(676) 497-9741,Akwa Ibom,yes
TIN60642472,Musa Lawal Enterprises,cit,Manufacturing,29/12/2014,2020,"N42,839,770,215",11097861379.15,"N2,762,109,343","N8,335,752,036",Under Audit,210414768.61,+234697083868,Edo,Y
TIN44384897,Sadiq Yusuf Enterprises,Value Added Tax (VAT),Banking,10/08/2022,2025,"N24,400,818,809","₦2,788,676,268.79",2954332985.65 naira,0,Under audit,,+234625719760,Abuja,Yes
TIN93736973,Grace Adeyemi Enterprises,Value Added Tax (VAT),Oil & Gas,01 February 2022,2024,"NGN 41,956,803,572","NGN 5,842,038,768",2694208216.31 naira,"₦3,147,830,551.98",Exempted ,"NGN 446,747,019",0074 682 3546,Imo,true
TIN97636529,Emeka Ogundimu Enterprises,VAT,Manufacturing,06-Nov-2021,2025,"NGN 26,664,842,279","NGN 1,261,031,342","NGN 546,735,029",714296312.89 naira,Partially Compliant,27075258.56,(772) 168-8005,Delta,Y
TIN29826403,Segun Okafor Enterprises,WHT,Real Estate,13/10/2018,2021,"₦47,669,622,693.36","10,226,997,938.25 ","N8,754,052,231","NGN 1,472,945,707",Exempted,unknown,(970) 890-5836,Delta,1
TIN16771706,Fatima Nnamdi Enterprises,CIT,Telecoms,03 September 2012,2023,Unknown,2153369253.55,"₦1,457,844,418.37","NGN 695,524,835",compliant,"N202,579,562",N/A,Enugu,true
TIN90778931,Wale Abubakar Enterprises,vat,Telecoms,07/28/2015,2023,21304241458.86 naira,"NGN 3,062,579,460","₦329,549,708.99","₦2,733,029,751.48",compliant,,(787) 358-5664,Akwa Ibom,false
TIN31149672,Obinna Suleiman Enterprises,WHT,Professional Services,2019-08-06,2023,1373709767.13 naira,"₦324,797,381.03","NGN 347,240,231",₦0.00,Exempted ,"N23,733,044",0610 870 8269,KANO,FALSE
TIN11702247,Chioma Afolabi Enterprises,Withholding Tax (WHT),Oil & Gas,20 December 2011,2025,"₦39,725,353,851.65","NGN 1,038,370,503",455919570.16 naira,"₦582,450,933.06",Partially Compliant,"N41,781,639",N/A,Anambra,No
TIN34956388,Adaeze Olawale Enterprises,Company Income Tax (CIT),Real Estate,28-Jul-2012,2020,47787573960.04 naira,"NGN 11,204,967,713","₦4,836,029,739.52","N6,368,937,974",Exempted,"₦709,165,463.16",(413) 193-5923,Kano,Y
TIN10381184,Ngozi Nwosu Enterprises,Company Income Tax,Banking,not set,2021,22773315423.61,-,"N4,641,144,682",,Exempted ,,,Plateau,Yes
TIN20293854,kemi abubakar enterprises,VAT,Professional Services,08/23/2022,,"N26,787,514,824","₦5,757,823,270.10",5831649726.28,0.00 ,Compliant,"240,828,516.67 ",(913) 952-1501,KANO,Y
TIN46362851,Ifeoma Bello Enterprises,CIT,Telecoms,22/05/2016,2022,37291582184.16,"NGN 1,308,040,896","NGN 559,699,285",,Under audit,,0990 114 0034,Akwa Ibom,N
TIN38265460,Zainab Suleiman Enterprises,Withholding Tax (WHT),Manufacturing,27 August 2022,2021,"₦43,104,088,780.74","3,743,638,571.88 ",1378423378.44 naira,"N2,365,215,193",Partially Compliant,"₦359,954,455.60",0000000000,Enugu,1
TIN39081342,Yusuf Afolabi Enterprises,Education Tax (EDT),Oil & Gas,18/11/2015,2022,"NGN 20,536,126,445",null,1703759245.22,-,Under Audit,"N327,015,300",0398 654 6220,Edo,0
TIN46357448,Blessing Afolabi Enterprises,Personal Income Tax (PIT),Professional Services,2020/01/23,2021,"N13,333,666,307",  ,1351012236.78 naira,Unknown,Compliant,"N1,564,937",234-158-736-627,Enugu,1
TIN59649529,Amaka Bello Enterprises,Withholding Tax (WHT),FMCG,05/01/2012,2021,"20,740,672,262.00 ",3604024168.53,Unknown,3075785545.10 naira,Under audit,"NGN 357,962,975",(815) 969-8384,Edo,yes
TIN18072383,Femi Okeke Enterprises,Personal Income Tax (PIT),Banking,02-Mar-2011,2024,"N4,833,940,055","₦956,994,622.84",unknown,630511843.01 naira,compliant,"68,092,534.67 ",0941 224 8709,Abuja,Yes
TIN60378022,Tunde Adekunle Enterprises,Capital Gains Tax (CGT),Manufacturing,02.01.2011,2025,"NGN 40,055,906,396",7179652593.71,"₦2,013,688,769.83",5165963823.88 naira,Partially Compliant,?,75950026015,Port Harcourt,no
TIN30344320,Tobi Bello Enterprises,Company Income Tax (CIT),Oil & Gas,09.12.2010,2021,"₦36,426,288,029.96","NGN 3,506,994,933",382276120.2,"₦3,124,718,812.55",NON-COMPLIANT,,44974394640,Anambra,No
TIN32834802,adaeze adekunle enterprises,cit,Professional Services,2014-01-25,2023,11443020135.73,"770,692,921.07 ",N/A,"292,744,274.37 ",Exempted,,invalid,Ibadan,FALSE
TIN93937754,Fatima Ajayi Enterprises,Withholding Tax (WHT),FMCG,03/07/2017,2025,"NGN 15,649,383,102","₦3,312,914,633.66",3617191728.28,N0,compliant,"170,568,708.48 ",(720) 388-6217,Abuja,TRUE
TIN56215826,Chinedu  Lawal Enterprises,CIT,Manufacturing,2010/03/02,2021,"NGN 30,361,383,880","₦1,204,276,403.98","NGN 851,642,074",352634330.20000005,Exempted ,"₦107,479,981.42",+234385588195,Anambra,Y
TIN47942053,Yusuf Yusuf Enterprises,Education Tax ,Retail,2013-08-06,--,"N25,934,959,542",4108117889.09 naira,2710020623.93,"₦1,398,097,265.16",Compliant,"NGN 154,432,505",(878) 848-6999,Akwa Ibom,Y
TIN41243240,EMEKA ADEYEMI ENTERPRISES,Capital Gains Tax (CGT),FMCG,08.11.2016,2022,29515582351.62,  ,"₦2,256,761,234.23","₦670,221,168.35",Under audit,,0532 366 1850,Anambra,0
TIN64792305,Zainab Abubakar Enterprises,CIT,Oil & Gas,30/12/2016,2025,"₦43,207,938,392.36",nil,"NGN 7,084,191,776","₦5,205,817,383.84",compliant,"₦768,849,392.68",(163) 564-0723,Akwa Ibom,1
TIN23219094,Ngozi Lawal Enterprises,cit,Telecoms,16-Oct-2013,2022,"NGN 6,514,223,241",1553133629.52 naira,691476491.39 naira,"₦861,657,138.13",Compliant,140279808.46 naira,+234136090858,Imo,true
TIN87557393,ZAINAB YUSUF ENTERPRISES   ,Company Income Tax (CIT),Manufacturing,08 January 2011,2020,"NGN 48,186,143,213","₦8,834,760,659.17","NGN 6,983,742,935","N1,851,017,724",Compliant,"N128,979,548",234-077-943-325,Anambra,false
TIN65594083,Aliyu Balogun Enterprises,Company Income Tax (CIT),Telecoms,not set,n/a,null,"NGN 5,561,471,043","NGN 1,065,540,772",,Under audit,,234-708-056-856,Anambra,1
TIN82695586,Ibrahim Mohammed Enterprises,CIT,Professional Services,09/29/2018,2023,"24,866,451,647.20 ","N3,920,160,208","₦1,359,399,831.91","₦2,560,760,376.11",Partially Compliant,,0896 321 7435,Delta,Yes
TIN92306099,Kemi Adekunle Enterprises,Value Added Tax (VAT),Professional Services,06/15/2011,2024,28965355056.77 naira,"N5,232,036,528",n/a,"NGN 4,149,112,299",NON-COMPLIANT,159390800.39,234-550-113-753,Plateau,no
TIN71818316,funmilayo bello enterprises,VAT,Real Estate,12/21/2022,2024,35621783302.51 naira,"NGN 6,892,452,483","N4,530,957,639",2361494843.7400007,compliant,"NGN 146,468,441",01292059229,Enugu,false
TIN67214177,Halima Yusuf Enterprises,Value Added Tax (VAT),FMCG,2020/01/21,2025,"NGN 21,025,599,440","NGN 2,121,877,613","NGN 880,918,070","NGN 1,240,959,543",Compliant,"N133,579,250",0061 592 7387,Plateau,false
TIN31219139,Tunde Olawale Enterprises,CIT,Oil & Gas,20/02/2012,2023,15099342708.23 naira,"N4,418,245,463","₦2,020,869,347.34","2,397,376,115.97 ",compliant,"N193,903,553",72790371616,Lag,No
TIN16624908,Ifeoma Olawale Enterprises,VAT,Real Estate,15/03/2017,2023,"N44,116,941,538",9695634963.07 naira,"₦7,061,015,639.08","N2,634,619,324",compliant,"₦529,414,099.22",+234360894118,Abuja,false
TIN17524594,Amaka Abubakar Enterprises,CIT,Real Estate,2010-09-21,2024,"NGN 42,293,292,989","₦4,737,713,499.48","₦1,169,149,780.56",3568563718.9199996,compliant,"₦397,407,351.40",0141 600 9169,Kaduna,Yes
TIN26250163,Fatima Okonkwo Enterprises,Education Tax ,Oil & Gas,12/11/2022,2022,"₦3,087,147,473.47","₦83,793,342.69","NGN 22,555,758","N61,237,585",Under audit,439134.47,(994) 664-5099,Kaduna,N
TIN53800558,FEMI YUSUF ENTERPRISES,vat,Professional Services,2018-07-17,2023,"N28,168,287,374","₦7,331,595,673.95",7827247429.73,NGN 0,Exempted,"39,962,455.46 ",0000000000,Kaduna,Y
TIN44329893,Bisi Eze Enterprises,vat,Banking,02/03/2022,2024,49869972383.15,"₦13,045,783,568.92","N622,376,466","12,423,407,103.02 ",Under Audit,"N673,350,430",+234812831800,Delta,No
TIN60987765,femi  lawal enterprises,Education Tax ,  ,2015/05/17,2020,"NGN 17,180,291,028",4134634798.62 naira,"₦365,114,475.74",3769520322.88 naira,Exempted,237298146.39 naira,0000 305 6619,Enugu,No
TIN20293854,kemi abubakar enterprises,VAT,Professional Services,08/23/2022,,"N26,787,514,824","₦5,757,823,270.10",5831649726.28,0.00 ,Compliant,"240,828,516.67 ",(913) 952-1501,KANO,Y
TIN85223447,Kunle Ogundimu Enterprises,Company Income Tax,Banking,13.01.2013,2020,"₦12,427,614,183.72","N259,101,755","NGN 94,700,893","164,400,861.86 ",Exempted ,,07975649157,Anambra,TRUE
TIN56887820,Adaeze Okeke Enterprises,Company Income Tax,Real Estate,02 April 2021,2020,"₦39,383,198,130.98","NGN 4,295,027,185","NGN 1,934,891,078","₦2,360,136,107.05",Exempted ,"₦265,290,146.34",+234740837819,Edo,N
TIN94957287,Ifeoma Lawal Enterprises,CIT,Banking,29 March 2011,2022,"14,317,650,461.96 ","NGN 1,594,353,155",607186732.59 naira,,Compliant,,(848) 860-0801,Delta,TRUE
TIN43183593,IFEOMA CHUKWU ENTERPRISES,vat,Real Estate,2022/09/03,null,12445643109.76,979200049.79,"N222,165,021",757035028.78,Exempted ,,(962) 746-6621,Rivers,FALSE
TIN43856332,Obinna Yusuf Enterprises,CIT,Manufacturing,05/12/2013,2025,-,"NGN 6,090,055,243","NGN 5,194,258,566","895,796,677.93 ",compliant,"338,473,925.09 ",invalid,Ogun,no
TIN14621401,Zainab Adeyemi Enterprises,WHT,  ,13/02/2016,2022,"₦8,924,125,336.50","2,336,410,238.63 ","N1,864,352,113",,Non-Compliant,"199,114,771.52 ",invalid,abuja,false
TIN52537935,CHIDI AFOLABI ENTERPRISES   ,PIT,Banking,11.05.2014,2025,42768148290.78,"₦9,220,491,913.48",7938548244.64 naira,1281943668.8399992,Under Audit,"₦178,051,210.03",0172 031 3695,Kaduna,N
TIN36441609,Sadiq Ogundimu Enterprises,Value Added Tax (VAT),FMCG,16 June 2020,2024,17684617812.43,2073228800.33 naira,"NGN 1,679,610,853","₦393,617,947.57",Compliant,,+234158388217,Akwa Ibom,Y
TIN12169032,Ifeoma Ogundimu Enterprises,WHT,Retail,2014-09-13,-,"NGN 39,522,734,776","NGN 6,600,502,463","N2,804,614,404","₦3,795,888,059.56",Non-Compliant,,0011 950 9271,Lagos,FALSE
TIN84103662,Funmilayo Olawale Enterprises,cit,Manufacturing,13.05.2020,2020,19841591122.14,3290856451.64,2308529386.28,"NGN 982,327,065",Non-Compliant,"NGN 105,884,234",05100307620,Imo,No
TIN69843840,Tunde Afolabi Enterprises,Value Added Tax (VAT),Real Estate,2012-04-20,2020,17389984299.82,"₦4,252,184,595.74","₦977,597,680.49","NGN 3,274,586,915",Under Audit,"₦12,624,214.23",90835211896,Rivers,N
TIN42356151,SADIQ AFOLABI ENTERPRISES,WHT,Real Estate,25-Oct-2019,2025,"42,779,374,785.85 ","₦6,340,016,717.15","₦4,693,366,000.53",1646650716.62 naira,Under Audit,219417583.42 naira,+234952549206,Kano,0
TIN27020627,Bisi Mohammed Enterprises,Capital Gains Tax (CGT),Real Estate,07-Mar-2011,2021,"NGN 47,865,392,703","₦3,193,170,053.44","NGN 1,845,015,206","N1,348,154,848",compliant,,+234893186928,Kano,N
TIN13856812,Tunde Adeyemi Enterprises,VAT,Retail,2019/08/19,n/a,"₦27,031,432,691.02","₦4,250,227,391.22",4112810029.36,137417361.85999966,Exempted,"NGN 58,013,487",03493396504,Ogun,yes
TIN77484190,Obinna Balogun Enterprises,Personal Income Tax (PIT),Retail,2012/05/05,2020,18611729195.61 naira,"NGN 3,122,520,351","₦94,501,857.78","₦3,028,018,492.94",compliant,,234-728-289-540,Edo,No
TIN68211726,Amaka Nwosu Enterprises,vat,Manufacturing,2010-06-07,2025,"₦34,259,633,254.10",9699066617.42 naira,5996846996.59 naira,3702219620.83,Under audit,,234-135-992-855,Anambra,No
TIN85958106,Emeka Nwosu Enterprises   ,Personal Income Tax (PIT),Professional Services,06.10.2021,2021,"₦9,607,480,818.38","NGN 2,158,610,115","1,852,899,532.89 ","NGN 305,710,582",Under audit,,234-340-301-095,Port Harcourt,N
TIN27688070,Ifeoma Afolabi Enterprises,VAT,nil,24/07/2020,2020,"NGN 22,125,704,622",3238473362.36,"₦1,682,687,385.80",,Exempted,"NGN 237,658,950",+234698369235,Akwa Ibom,TRUE
TIN44540181,obinna  abubakar enterprises   ,Company Income Tax,Banking,12/03/2013,nil,"₦20,504,630,771.38","₦2,619,928,193.70",2577272954.58 naira,"NGN 42,655,239",Under audit,"N34,805,811",0350 238 5022,Anambra,0
TIN77076032,ifeoma abubakar enterprises,Capital Gains Tax (CGT),Manufacturing,02.05.2013,2021,14086209845.76 naira,NIL,"NGN 685,183,020","1,093,652,130.37 ",Under Audit,90170532.09 naira,234-535-412-012,Anambra,0
TIN81265283,chidi bello enterprises,Company Income Tax (CIT),Manufacturing,03.09.2018,2023,"46,832,008,274.80 ","13,672,510,063.49 ","NGN 6,444,372,728","NGN 7,228,137,336",Partially Compliant,"N228,433,742",invalid,Imo,false
TIN27198316,Zainab Bello Enterprises,Value Added Tax (VAT),Manufacturing,02/21/2014,2022,"NGN 9,894,076,679","NGN 2,160,455,792","905,895,098.54 ",,Under audit,,234-158-268-687,Enugu,false
TIN83067221,Halima Suleiman Enterprises,Company Income Tax (CIT),Retail,08.03.2010,2021,17027080397.37 naira,1363030716.10 naira,461048635.19,"NGN 901,982,081",NON-COMPLIANT,"N130,165,436",0133 760 5230,Kano,Y
TIN41366735,Halima Olawale Enterprises,Education Tax (EDT),Oil & Gas,28-Oct-2022,2023,"30,346,385,146.66 ","NGN 4,169,473,881","N2,255,125,513",,Under Audit,62598494.51 naira,N/A,Edo,false
TIN74964934,Amara Balogun Enterprises,Education Tax (EDT),Professional Services,27.11.2016,2023,"₦16,880,101,739.58","N4,142,759,846","N3,457,429,182",685330664.1599998,Non-Compliant,,0907 499 2164,Delta,No
TIN86695567,Amara Balogun Enterprises,PIT,Professional Services,29-May-2014,2020,38419099561.17,"6,607,933,140.61 ","6,190,060,837.45 ","NGN 417,872,303",Non-Compliant,,00693588249,abuja,0
TIN76728614,segun olawale enterprises,Withholding Tax (WHT),FMCG,21/10/2018,2021,"NGN 7,460,703,759","₦287,589,609.55","56,031,197.83 ","231,558,411.72 ",Compliant,"N21,992,682",(020) 304-2322,Plateau,false
TIN86020468,Segun Nnamdi Enterprises,Withholding Tax (WHT),FMCG,31 January 2014,2025,"N13,198,410,447","817,709,715.69 ",28151108.27,"789,558,607.42 ",Under Audit,"₦39,462,577.21",(243) 838-0582,Cross River,TRUE
TIN17831795,Yusuf Nwosu Enterprises,VAT,Oil & Gas,2015/11/19,2022,"NGN 29,804,596,593","N6,600,545,346","N5,337,658,136","₦1,262,887,210.46",Under audit,,09591257349,Anambra,N
TIN71442553,chinedu okonkwo enterprises   ,Personal Income Tax (PIT),  ,21 December 2017,2020,41205658986.98 naira,"NGN 3,560,621,506","₦1,206,237,941.58","₦2,354,383,564.29",NON-COMPLIANT,,05957086199,Edo,true
TIN32103201,Sadiq Okeke Enterprises,cit,Oil & Gas,02/01/2021,2021,"₦47,457,800,206.11",4259572283.78 naira,"N735,542,638","₦3,524,029,646.16",Under audit,-,invalid,Plateau,false
TIN94113197,Ngozi Suleiman Enterprises,VAT,Telecoms,22/09/2015,2023,"₦1,825,566,969.68","₦423,879,540.07","N414,488,769","9,390,771.36 ",compliant,32809662.4,91311178619,Delta,FALSE
TIN14140199,Zainab Ogundimu Enterprises,Personal Income Tax (PIT),Real Estate,05-Jul-2012,2020,"N29,528,855,622",4118822521.24,3172169185.89,946653335.3499999,Exempted ,250446235.34 naira,0107 308 7156,Delta,FALSE
TIN38664986,Femi Okonkwo Enterprises,WHT,Unknown,12-Apr-2013,2020,"8,330,458,500.32 ","NGN 1,867,587,580","₦1,925,389,314.66",N0,compliant,,+234945295171,Ogun,FALSE
TIN12129961,Blessing Okeke Enterprises,vat,Banking,15-Jun-2016,  ,24345787134.73,"₦849,169,907.89","206,203,495.03 ",642966412.86 naira,Compliant,"N61,515,354",0706 648 9008,Lagos,TRUE
TIN66507791,Tunde Abubakar Enterprises,WHT,Banking,N/A,2023,"NGN 16,148,391,015","N1,191,827,643","₦386,695,218.80","₦805,132,424.21",Exempted ,"N56,251,102",0739 713 0722,Delta,no
TIN30423975,Halima Olawale Enterprises   ,Company Income Tax,FMCG,10 October 2018,2020,"₦41,310,970,457.35","₦1,388,224,618.55","506,502,201.95 ",881722416.5999999,Non-Compliant,,(251) 618-5759,Port Harcourt,N
TIN37254845,Blessing  Lawal Enterprises,cit,Manufacturing,16.02.2020,2025,47598371476.94,"N4,015,788,073","N3,286,292,329","NGN 729,495,745",Compliant,307465656.34,05324725058,Imo,false
TIN12326283,chioma  mohammed enterprises,WHT,Oil & Gas,10/09/2022,2023,"₦1,854,539,231.18","N511,935,752","NGN 173,836,360","₦338,099,391.80",Compliant,"₦28,581,357.49",0953 774 9266,Edo,1
TIN70442481,Blessing Okeke Enterprises,PIT,FMCG,25.02.2013,2021,48846825904.45,"3,943,930,431.47 ","NGN 2,562,850,773","NGN 1,381,079,659",Under audit,"381,026,142.20 ",+234491699939,Imo,Yes
TIN41479920,Tunde Lawal Enterprises,Personal Income Tax (PIT),Oil & Gas,07.08.2016,2023,"NGN 27,652,081,624","7,911,136,565.19 ","NGN 3,301,524,491","N4,609,612,074",Exempted ,,03211221215,Rivers,false
TIN21162105,chidi  adekunle enterprises,cit,Telecoms,04-Nov-2016,2020,"38,042,754,587.83 ",1347069668.79,"N1,082,210,936","₦264,858,733.17",Under audit,"84,793,173.19 ",82251272670,Edo,1
TIN64639795,Bisi Abubakar Enterprises,PIT,Professional Services,07 March 2022,2021,"N20,146,267,774",2746752805.92 naira,"845,463,908.46 ","₦1,901,288,897.46",Exempted,"NGN 246,154,539",234-813-104-502,Kano,FALSE
TIN82764766,Sadiq Nwosu Enterprises,VAT,Retail,23 December 2015,2021,14359630566.55 naira,"NGN 3,215,212,545",1357071313.22,"NGN 1,858,141,232",NON-COMPLIANT,141587582.8,(848) 165-2444,KANO,TRUE
TIN93335054,Segun Nwosu Enterprises,Education Tax ,FMCG,10/10/2018,2022,"NGN 23,772,883,728",5727852999.08,5903742074.96 naira,0.00 naira,Non-Compliant,"308,493,457.95 ",0752 135 3028,Plateau,0
TIN29055219,Chidi Bello Enterprises,vat,Oil & Gas,2012/06/07,2024,"N47,471,746,922",8314878315.65 naira,"NGN 6,894,906,335",1419971980.63 naira,NON-COMPLIANT,"N1,657,075",21029161746,oyo,FALSE
TIN54227963,Amaka Balogun Enterprises,Withholding Tax (WHT),Oil & Gas,27 September 2012,2024,"NGN 11,889,161,384",2926452265.70 naira,"NGN 2,892,017,842",34434423.78 naira,Partially Compliant,238926765.84 naira,09889786533,Kano,false
TIN55669623,SADIQ ABUBAKAR ENTERPRISES,Value Added Tax (VAT),FMCG,23/09/2016,2022,"NGN 4,295,010,381","NGN 1,271,762,030",1340649980.25 naira,NGN 0,Compliant,,234-901-507-138,kano,true
TIN32784699,Ifeoma Okonkwo Enterprises,Education Tax (EDT),Oil & Gas,06/12/2013,2024,"N2,727,521,287","₦111,468,253.58",13156696.10 naira,"NGN 98,311,557",Under audit,"₦1,420,599.59",+234024559851,Akwa Ibom,no
TIN17994915,femi okafor enterprises,Personal Income Tax (PIT),Manufacturing,2011-11-20,2021,39085932009.09 naira,"N8,760,716,574","₦1,838,234,935.12",6922481638.7699995,Compliant,"₦639,740,588.26",234-734-467-177,Oyo,false
TIN14242335,Wale Adekunle Enterprises,CIT,FMCG,28-Dec-2017,2025,49320324325.65,10195667312.13 naira,"N1,276,478,855",8919188456.859999,Compliant,"NGN 819,127,581",+234835268064,Oyo,1
TIN33624348,Obinna Okafor Enterprises,VAT,Manufacturing,31.01.2016,2024,19617371994.15 naira,"NGN 557,702,348","₦502,252,115.02",55450232.70 naira,Under audit,,0734 785 3698,Anambra,true
TIN69269419,Grace Eze Enterprises,Withholding Tax (WHT),--,2017-09-13,2025,13694516781.48 naira,"NGN 3,460,416,687",1423992690.84 naira,"NGN 2,036,423,996",Non-Compliant,322404634.78,01239847230,Imo,No
TIN46402653,Blessing Nnamdi Enterprises,Value Added Tax (VAT),Banking,17.06.2012,2021,NIL,11009479521.86,"N3,186,160,528",7823318994.15 naira,Under Audit,155548351.53,02213217672,Abuja,0
TIN61387768,Emeka Balogun Enterprises,PIT,Banking,2016-01-31,2023,"N47,497,547,899","N3,147,293,844","N126,084,946",3021208897.66 naira,NON-COMPLIANT,,(527) 353-6423,Ogun,TRUE
TIN71545865,Emeka Olawale Enterprises,CIT,Oil & Gas,06 July 2022,2020,"₦40,324,305,082.13",6593756895.42,568140488.85,"6,025,616,406.57 ",Compliant,428640321.40 naira,234-300-099-843,Kaduna,false
TIN37464303,BISI OKAFOR ENTERPRISES,Withholding Tax (WHT),null,03.07.2018,2020,"N5,904,521,509",260701944.28 naira,"₦185,223,515.48",,Under audit,,(133) 138-0049,Abuja,No
TIN33108666,Tunde Adekunle Enterprises,Value Added Tax (VAT),FMCG,08/06/2019,2020,"₦41,813,248,707.80","NGN 7,156,964,323",4648854868.08,"N2,508,109,455",Under audit,394715645.45 naira,0484 813 0041,Akwa Ibom,1
TIN84017392,Wale Adeyemi Enterprises,Company Income Tax,Telecoms,15/02/2010,2025,"₦46,735,346,219.90",11455282476.77,"NGN 10,500,788,137","NGN 954,494,339",NON-COMPLIANT,"N47,562,070",07694535365,Delta,Y
TIN55597188,GRACE OLAWALE ENTERPRISES,Capital Gains Tax (CGT),Professional Services,2017-03-10,2020,N/A,4297511826.67 naira,1434203374.65,"N2,863,308,452",Under Audit,,08214174681,Imo,yes
TIN40781056,Emeka Okeke Enterprises,vat,FMCG,06.01.2022,2020,38577072080.39,5834634424.06,5074449906.3,"₦760,184,517.76",Partially Compliant,,234-922-884-987,Oyo,TRUE
TIN90596127,Bola Suleiman Enterprises,vat,Manufacturing,,unknown,"₦41,753,923,882.64","N12,522,886,065","NGN 434,959,838","NGN 12,087,926,226",NON-COMPLIANT,288404417.45,0992 553 9460,Rivers,FALSE
TIN80558052,GRACE CHUKWU ENTERPRISES,Education Tax (EDT),Oil & Gas,21 September 2018,2021,"NGN 4,310,218,039",472438085.39,"₦363,422,531.92","₦109,015,553.47",Partially Compliant,,(190) 725-8733,Imo,true
TIN89560193,Zainab Adekunle Enterprises,Education Tax (EDT),Manufacturing,2016-01-14,2022,"NGN 20,477,031,312",5143120865.64 naira,"NGN 1,985,233,533",3157887332.3700004,Non-Compliant,,05926648698,Imo,FALSE
TIN18783057,chidi okonkwo enterprises,Education Tax ,Banking,2017/12/23,2020,40554674024.85,7880529937.56 naira,3915247426.04 naira,"₦3,965,282,511.52",Non-Compliant,73629577.14,+234879916091,Abuja,FALSE
TIN98384290,Amara Afolabi Enterprises,Company Income Tax,Professional Services,00/00/0000,2023,NIL,"NGN 4,821,157,702",1448999005.55,"N3,372,158,697",Non-Compliant,"NGN 236,546,631",0377 756 9198,Kano,No
TIN97765035,Ngozi Mohammed Enterprises,Education Tax ,Retail,13 August 2021,2025,"₦3,752,618,795.13","N82,596,705",14383456.34,"₦68,213,248.53",Partially Compliant,,234-990-069-680,oyo,0
TIN95770868,FUNMILAYO  ADEYEMI ENTERPRISES,cit,Retail,2021/01/29,2025,"NGN 16,706,118,953","₦2,858,743,543.30","NGN 1,676,213,040",,Partially Compliant,"10,874,126.54 ",234-207-115-238,Rivers State,FALSE
TIN15902979,Fatima Okeke Enterprises,CIT,--,2022/09/05,2024,"NGN 36,050,145,912",8482992457.56,8440724308.5,--,Compliant,,03748309309,Rivers,no
TIN30093884,Chioma Adekunle Enterprises,PIT,Telecoms,01.06.2010,2021,"16,110,190,753.06 ",3347870234.16 naira,3057433123.09 naira,"N290,437,111",Partially Compliant,140166782.45,234-254-760-220,Abuja,No
TIN42930372,Chinedu Bello Enterprises,Company Income Tax (CIT),Retail,26/10/2014,2024,"₦39,675,139,793.73","₦6,241,488,937.08","NGN 3,509,581,395",,compliant,,234-181-612-559,Ogun,Yes
TIN32878882,  zainab lawal enterprises,Company Income Tax (CIT),Banking,31-Aug-2012,2022,"₦10,969,217,833.72",2692154573.49 naira,"₦2,355,235,945.40",336918628.0899997,Exempted ,"NGN 40,262,569",41393696789,Kaduna,0
TIN27257661,Chidi Afolabi Enterprises,Value Added Tax (VAT),Oil & Gas,21-Nov-2014,2020,"NGN 24,526,719,536","₦5,823,214,786.61","₦772,944,188.42","5,050,270,598.19 ",compliant,,0369 149 6112,Cross River,false
TIN98832848,Aliyu Okeke Enterprises,Education Tax ,Retail,2015-10-09,2024,"N25,294,808,964","N3,295,400,168","₦1,268,235,389.52","₦2,027,164,778.53",Non-Compliant,,+234389920457,Enugu,1
TIN17505949,Tobi Eze Enterprises,Education Tax ,Oil & Gas,10.02.2018,2023,964058757.10 naira,"40,867,337.08 ","₦18,077,312.02","NGN 22,790,025",compliant,,234-995-530-245,Delta,yes
TIN83348151,Zainab Lawal Enterprises,Value Added Tax (VAT),FMCG,10 November 2017,2025,32124430780.09 naira,"NGN 6,199,104,058","NGN 4,692,318,222","₦1,506,785,836.45",Exempted ,,01890034686,Kaduna,1
TIN32692102,Kunle Mohammed Enterprises,Education Tax ,Oil & Gas,26.05.2018,2022,"NGN 14,517,987,308","NGN 3,810,448,014","NGN 2,961,080,952","849,367,061.67 ",Exempted,,03444429906,kano,No
TIN14546044,Bisi Okeke Enterprises,CIT,Real Estate,01-Jan-2013,2024,"N5,732,265,953","NGN 1,151,175,925",577561765.37,nil,Non-Compliant,,66760564204,Cross River,FALSE
TIN55183971,Bisi Nwosu Enterprises,CIT,Banking,07-May-2014,2021,"NGN 8,066,188,381",912245912.02 naira,"₦850,382,474.63",61863437.39 naira,Exempted ,"₦12,806,505.39",87698936529,Imo,true
TIN12326283,chioma  mohammed enterprises,WHT,Oil & Gas,10/09/2022,2023,"₦1,854,539,231.18","N511,935,752","NGN 173,836,360","₦338,099,391.80",Compliant,"₦28,581,357.49",0953 774 9266,Edo,1
TIN16099655,Bola Mohammed Enterprises,cit,Retail,2022/10/27,2025,38657172230.03,"N3,694,111,352","₦216,286,419.23","3,477,824,933.07 ",Under Audit,,+234622654016,Plateau,No
TIN20230008,Zainab Balogun Enterprises,vat,Real Estate,2016/08/17,2022,"N34,186,766,939","₦3,164,583,250.69","NGN 910,765,044","N2,253,818,207",compliant,,58816502544,Cross River,yes
TIN21142470,Zainab Ajayi Enterprises,vat,Banking,01/20/2013,2020,33922662893.34 naira,9776165775.85,"₦10,498,954,985.90",,Non-Compliant,"NGN 628,717,554",66720108240,Plateau,N
TIN97486302,Chinedu Ogundimu Enterprises,CIT,Oil & Gas,21/06/2011,2022,31129882252.03 naira,"NGN 8,978,500,201",5297302415.33,"₦3,681,197,785.48",Exempted ,,234-848-647-082,Oyo,N
TIN71060629,Obinna Okonkwo Enterprises,PIT,Manufacturing,02/04/2014,2023,"NGN 30,746,290,929",5958006171.61 naira,"₦2,750,579,068.97",3207427102.64 naira,compliant,,02589222560,Cross River,Y
TIN75803238,ALIYU NWOSU ENTERPRISES   ,WHT,Manufacturing,2022-06-08,2024,19601082003.19,"N3,134,833,226",nil,"N340,498,640",Non-Compliant,,09281707443,Enugu,Yes
TIN61387768,Emeka Balogun Enterprises,PIT,Banking,2016-01-31,2023,"N47,497,547,899","N3,147,293,844","N126,084,946",3021208897.66 naira,NON-COMPLIANT,,(527) 353-6423,Ogun,TRUE
TIN62565531,Ifeoma Ajayi Enterprises,Capital Gains Tax (CGT),Banking,04 January 2019,2021,32372512617.01,"NGN 6,147,665,949",728749909.28 naira,nil,Under Audit,"NGN 116,842,030",05939652138,Anambra,true
TIN74933357,Ngozi Okafor Enterprises,Personal Income Tax (PIT),Retail,21.02.2017,2025,"₦14,611,459,285.73",1951994479.04,1302391638.2,"N649,602,841",Exempted,59062049.31,(242) 767-7462,Delta,no
TIN64207810,ADAEZE ADEKUNLE ENTERPRISES,CIT,Professional Services,unknown date,2022,"NGN 18,760,619,588","2,594,079,223.53 ","N2,484,987,705",109091518.45 naira,Exempted ,,52781055800,Ogun,N
TIN59240346,Emeka Nnamdi Enterprises,cit,Real Estate,2017-03-03,2020,"NGN 5,270,576,617",397671031.14,N/A,"160,722,351.38 ",Exempted ,,0304 936 6538,Edo,Yes
TIN19007611,Blessing Adeyemi Enterprises,WHT,FMCG,08-Jun-2019,2023,"NGN 2,694,214,430",196947507.73,-,0.00 naira,compliant,nil,74224043261,Plateau,TRUE
TIN63731869,Fatima Adekunle Enterprises,Personal Income Tax (PIT),Banking,05/03/2020,2024,"1,320,000,364.65 ","₦341,645,478.35","N229,946,706",111698772.65000004,Under Audit,"23,370,881.50 ",49898088067,Kano,false
TIN25333206,Femi Adekunle Enterprises,PIT,Manufacturing,01/06/2010,2023,"NGN 18,062,602,613","₦417,782,677.71",4158852.66 naira,"413,623,825.05 ",Exempted ,41164024.86 naira,(419) 662-2913,Edo,TRUE
TIN34031098,Sadiq Adekunle Enterprises,Education Tax ,Real Estate,29-Aug-2010,2021,Unknown,"₦966,129,191.21","NGN 854,858,228","₦111,270,963.07",compliant,,234-681-024-808,Edo,TRUE
TIN28696828,Obinna Adekunle Enterprises,Company Income Tax (CIT),  ,11.09.2019,2021,?,815803694.39,572516535.38 naira,243287159.01 naira,Non-Compliant,,234-670-009-942,Ogun,No
TIN37406995,Kunle Nwosu Enterprises,Capital Gains Tax (CGT),Manufacturing,2020-05-23,2021,24463086074.22 naira,"N3,423,390,654","708,549,139.48 ",2714841514.15 naira,Non-Compliant,,06019153057,Abuja,1
TIN53802185,Blessing Adekunle Enterprises,Value Added Tax (VAT),Manufacturing,2014-03-07,2022,29017135637.87 naira,2912190339.47,"NGN 21,322,784","NGN 2,890,867,555",Under audit,,04306881164,Enugu,no
TIN62095363,Femi Afolabi Enterprises,PIT,Banking,2014/06/21,2024,7489463291.41,-,"NGN 982,210,917","₦695,969,630.86",NON-COMPLIANT,,0536 218 9455,Abuja,No
TIN46479321,Grace Bello Enterprises,Company Income Tax (CIT),Telecoms,07/22/2013,2021,"32,804,406,784.36 ",n/a,5385904770.68,3858550537.51,Partially Compliant,"NGN 34,180,751",(704) 747-6484,Anambra,N
TIN44130373,Tobi Balogun Enterprises,WHT,Real Estate,2018/10/16,2020,"N25,787,779,004","₦4,531,811,876.65","₦4,656,581,965.07",NGN 0,Under audit,,0957 047 2642,Abuja,TRUE
TIN81266768,Zainab Ajayi Enterprises,Personal Income Tax (PIT),Real Estate,2013/02/14,2022,"NGN 21,982,778,961","₦821,718,674.93",27703644.35 naira,"NGN 794,015,031",NON-COMPLIANT,,00881972239,Cross River,true
TIN20496822,Emeka Eze Enterprises,VAT,Professional Services,08/04/2022,2022,"₦29,285,822,849.32",6914803858.21 naira,1217598940.1,5697204918.110001,Non-Compliant,,(787) 520-7020,Kaduna,FALSE
TIN47216872,Bola Nnamdi Enterprises,Capital Gains Tax (CGT),Professional Services,05/22/2010,2025,13274720699.68 naira,"₦3,846,600,749.63","NGN 3,109,433,356","₦737,167,393.14",Under Audit,nil,(584) 743-6213,Oyo,false
TIN19185243,Chidi Okeke Enterprises,cit,Banking,2022/01/21,2021,"NGN 24,908,595,667","NGN 5,266,419,991",2541052024.38,"₦2,725,367,966.30",Exempted ,,05546234712,Edo,TRUE
TIN17469286,Chioma Okeke Enterprises,Company Income Tax (CIT),?,2017-05-05,2021,"N44,532,701,702","NGN 9,315,530,737","513,462,444.97 ","NGN 8,802,068,292",Exempted ,"N378,669,212",234-101-975-358,Imo,true
TIN52647646,Halima Chukwu Enterprises,VAT,Banking,19-Sep-2012,2021,"1,976,230,282.04 ",N/A,"NGN 27,971,480",223759736.51999998,Under Audit,,29691433629,Plateau,Y
TIN95009732,Chioma Okonkwo Enterprises,Personal Income Tax (PIT),Banking,10.04.2012,2021,"₦49,616,692,047.33","NGN 14,493,079,289","₦10,436,239,800.65",4056839488.450001,NON-COMPLIANT,,62732262611,Kaduna,No
TIN14382356,tunde ogundimu enterprises,Personal Income Tax (PIT),FMCG,05/07/2018,2024,"N13,067,555,032",-,262227684.75 naira,"NGN 880,901,828",Under Audit,"NGN 26,028,406",+234730634359,Enugu,yes
TIN68609622,Segun Balogun Enterprises,Company Income Tax,Telecoms,27/03/2017,2022,--,"₦6,309,408,638.24","₦4,787,308,538.16","₦1,522,100,100.08",Under audit,541403070.31,+234305748839,Imo,Yes
TIN27719346,Chinedu Suleiman Enterprises,cit,FMCG,15.11.2014,2020,46621744340.58 naira,unknown,"NGN 3,608,902,164",7071391444.959999,compliant,469230459.48 naira,+234542216265,Rivers,1
TIN54510569,Yusuf Suleiman Enterprises,Company Income Tax (CIT),Banking,2010/01/10,2023,31995562837.62,"6,712,425,971.99 ","N2,564,028,470","4,148,397,502.37 ",Compliant,,234-804-674-130,Plateau,true
TIN43738820,  yusuf olawale enterprises,Education Tax ,Real Estate,2020-02-28,2024,"NGN 36,252,150,781","₦4,711,622,069.19",3866970966.94 naira,"NGN 844,651,102",Compliant,,66145901107,Plateau,Yes
TIN32146894,Ngozi Chukwu Enterprises,Value Added Tax (VAT),Real Estate,16-Aug-2018,2024,36599227587.2,"N8,680,472,419","N4,862,581,119",3817891299.71 naira,Exempted,,83842536462,Enugu,false
TIN98854917,Ibrahim Okonkwo Enterprises,Company Income Tax,Real Estate,2013/03/08,2020,"₦3,762,326.51","N718,574","N397,117","₦321,456.48",Exempted ,"56,635.76 ",+234001089857,Lagos,FALSE
TIN51902799,Tobi Ogundimu Enterprises,Company Income Tax,--,03/04/2021,2020,"₦13,005,378,164.52","NGN 2,670,453,554","NGN 2,644,823,436","₦25,630,118.67",NON-COMPLIANT,"N196,129,419",34398818738,Enugu,no
TIN20499766,KEMI OGUNDIMU ENTERPRISES   ,CIT,Manufacturing,07/09/2011,,"NGN 12,764,074,689",--,"896,063,632.55 ","N1,690,361,397",Under audit,"NGN 172,825,740",74185630275,Ogun,true
TIN88248665,wale afolabi enterprises,Value Added Tax (VAT),Telecoms,14/02/2019,2024,"17,926,444,725.26 ","₦2,987,908,327.40","N1,256,690,380",1731217947.27 naira,compliant,"₦17,417,864.32",+234563370140,Plateau,true
TIN31297329,Halima Abubakar Enterprises,CIT,Telecoms,09.04.2012,2024,"N33,919,409,295",1308315427.53 naira,,452976903.00 naira,Under Audit,,(041) 309-0915,lagos,Y
TIN54960011,Bisi Adekunle Enterprises,Personal Income Tax (PIT),FMCG,13 September 2016,2021,"₦1,744,424,840.01",n/a,51848681.36 naira,51185687.03,Partially Compliant,8399155.17,0746 698 6163,Imo,false
TIN33258437,zainab afolabi enterprises,Capital Gains Tax (CGT),Real Estate,2019-08-07,2023,"N8,896,786,613","₦2,150,149,182.75","₦1,255,822.66",2148893360.09 naira,Exempted,,(819) 490-5315,Rivers,TRUE
TIN68273637,BISI ABUBAKAR ENTERPRISES,Education Tax ,Telecoms,2019/11/02,2021,39156897972.5,5024982333.2,"NGN 852,178,184","N4,172,804,149",NON-COMPLIANT,,234-420-284-719,Imo,No
TIN13287518,Zainab Chukwu Enterprises,CIT,Manufacturing,31 May 2011,2025,"NGN 1,379,233,713",66386483.71 naira,"N62,639,816",3746667.469999999,Partially Compliant,,234-154-705-549,Lagos,0
TIN31172409,Ibrahim Mohammed Enterprises,Education Tax (EDT),Real Estate,11-May-2016,2022,"28,015,388,160.80 ","3,067,851,036.46 ","N1,060,803,445",2007047591.04 naira,Under audit,"NGN 76,226,675",+234299007686,Delta,Yes
TIN74989577,Chinedu Okafor Enterprises   ,Education Tax ,Banking,,2023,"4,954,910,466.63 ",1439543460.72 naira,"1,120,614,354.56 ",,Under audit,82423453.9,32737989790,Delta,No
TIN91584154,Yusuf Suleiman Enterprises,Value Added Tax (VAT),Telecoms,16-May-2021,2020,13231995088.82,"N1,472,343,051","NGN 1,514,552,275",NGN 0,Under audit,"NGN 109,494,839",(666) 020-0053,Kano,0
TIN72692641,Ibrahim Eze Enterprises,CIT,Professional Services,15 September 2022,2025,"₦42,829,289,209.74","₦11,955,024,506.65",4086544215.04,"NGN 7,868,480,292",Non-Compliant,"N1,137,253,319",02151641195,Lagos,Y
TIN30011106,Yusuf Nnamdi Enterprises,PIT,Oil & Gas,2014-04-13,2024,11367379358.75,"NGN 1,053,525,227","NGN 1,041,734,928","N11,790,299",compliant,,04196234219,Enugu,yes
TIN92594994,Segun Bello Enterprises   ,Education Tax ,Retail,26/05/2017,2021,"NGN 5,693,389,290","NGN 1,484,862,495",--,"N798,672,794",NON-COMPLIANT,,234-724-358-617,Cross River,TRUE
TIN94167380,Tunde Ogundimu Enterprises,Capital Gains Tax (CGT),FMCG,22 March 2014,2024,"NGN 16,132,618,107","₦1,715,513,828.29","NGN 128,514,033","₦1,586,999,795.34",NON-COMPLIANT,111950573.95,09523120219,Anambra,TRUE
TIN92306099,Kemi Adekunle Enterprises,Value Added Tax (VAT),Professional Services,06/15/2011,2024,28965355056.77 naira,"N5,232,036,528",n/a,"NGN 4,149,112,299",NON-COMPLIANT,159390800.39,234-550-113-753,Plateau,no
TIN41778192,Obinna Adeyemi Enterprises,Withholding Tax (WHT),Professional Services,21 January 2016,2024,36952297622.91,"₦2,861,553,804.81","N889,746,272","₦1,971,807,532.34",Exempted ,,03761851862,Kaduna,N
TIN44371181,Zainab Olawale Enterprises,Withholding Tax (WHT),Real Estate,12/10/2021,2022,43385702891.35,9745599085.49 naira,4129576561.27 naira,"₦5,616,022,524.22",Partially Compliant,967987450.07,+234048067571,Lagos State,Yes
TIN97574065,kunle afolabi enterprises,Company Income Tax (CIT),-,2021/08/29,2025,"₦12,784,199,540.96",2711291298.28 naira,"₦299,070,555.53",NIL,Under audit,,58281902217,Abuja,Y
TIN68367809,Tunde Ogundimu Enterprises,Education Tax (EDT),Manufacturing,07/03/2021,2022,11809378164.98,"₦1,927,274,179.40",2093695197.78,₦0.00,Partially Compliant,"NGN 152,211,754",0000 268 7644,Ogun,N
TIN86957835,Sadiq Afolabi Enterprises,VAT,Banking,02 March 2021,2021,"₦30,028,082,003.66","NGN 1,807,641,592",430499927.75,1377141663.75,Exempted,"N114,371,375",234-604-180-952,FCT,true
TIN88811236,Halima Yusuf Enterprises,Capital Gains Tax (CGT),Oil & Gas,31 May 2015,2022,1791459074.86 naira,NULL,248583650.21 naira,n/a,Exempted,,59489895965,Cross River,No
TIN92826522,  Kemi Yusuf Enterprises,Capital Gains Tax (CGT),Manufacturing,18.05.2022,2023,"₦18,412,272,014.03",3597568676.55,"₦3,775,204,914.15",0,Partially Compliant,103810086.67 naira,03995297013,Cross River,N
TIN20908209,Amara Suleiman Enterprises,Education Tax ,FMCG,21 September 2017,2023,"₦8,093,199,628.63","NGN 1,070,461,775","NGN 890,682,299",179779475.48 naira,compliant,"₦99,148,585.17",0459 671 5006,Edo,yes
TIN68046813,Kemi Ogundimu Enterprises,vat,Retail,19/05/2014,2023,"₦18,673,394,485.59","₦2,706,888,128.01",223853239.46,"₦2,483,034,888.55",Exempted,,81045024373,Oyo,no
TIN71839901,Yusuf Suleiman Enterprises,Education Tax ,Manufacturing,01/20/2019,2022,"₦34,853,751,245.95",2843296035.7,-,184397087.67 naira,Non-Compliant,,(496) 047-8421,Kano,N
TIN41162689,grace adeyemi enterprises,Value Added Tax (VAT),Retail,2010-12-31,2023,"₦49,244,278,063.91","NGN 9,260,573,724",850191119.38,8410382605.07 naira,Exempted,"N102,070,823",+234142620370,Anambra,0
TIN39066788,FEMI EZE ENTERPRISES,PIT,Telecoms,06/06/2017,2025,"30,982,992,568.14 ","NGN 1,700,295,537","₦973,913,022.17",726382515.00 naira,Compliant,,234-001-732-590,Lagos,no
TIN82331085,  funmilayo ogundimu enterprises   ,WHT,NULL,2017-12-05,2021,"NGN 30,972,412,314","NGN 5,620,379,134",205042214.57 naira,"₦5,415,336,919.00",compliant,,63637262942,Akwa Ibom,Yes
TIN13019819,Chioma Nnamdi Enterprises,Company Income Tax (CIT),Banking,2010/12/01,2022,"N7,035,648,890","NGN 598,553,727",308814501.36,289739225.1999999,Exempted ,"NGN 22,041,887",(431) 916-5430,Ogun,No
TIN92932979,Wale Okonkwo Enterprises,Company Income Tax,Telecoms,03/06/2022,2020,"NGN 10,282,188,809","₦1,176,498,237.23",676216718.85 naira,500281518.38,Exempted,"26,225,474.66 ",(622) 132-0410,Enugu,Yes
TIN58732571,Obinna Suleiman Enterprises,Withholding Tax (WHT),Retail,14-Sep-2016,2022,"₦867,070,475.71","₦35,999,262.02","₦2,840,125.21","33,159,136.81 ",Under audit,3470846.63,+234305641849,oyo,No
TIN69560955,Segun Ajayi Enterprises,Education Tax (EDT),Retail,2010-06-09,2020,12698397110.07 naira,2595132304.73,396628697.53 naira,2198503607.2,Non-Compliant,"N16,548,232",07942968827,Akwa Ibom,No
TIN75927890,sadiq  eze enterprises,Value Added Tax (VAT),Oil & Gas,07-Jul-2018,2025,26796558808.04,"₦7,327,647,165.29","₦3,213,236,521.74","₦4,114,410,643.55",compliant,,80085294690,Lagos,true
TIN83325243,Kunle Abubakar Enterprises,Company Income Tax (CIT),Banking,N/A,2020,"39,713,826,690.83 ",9580985299.91,"N6,582,663,888",unknown,Exempted,"NGN 928,731,274",78467908701,Plateau,true
TIN94273332,Chioma Lawal Enterprises,Education Tax ,Banking,2022-08-23,2020,"N39,274,604,849","₦6,184,470,427.76","N846,725,335",NULL,Exempted,,0979 177 6334,Cross River,No
TIN83395461,Kemi Bello Enterprises,WHT,Professional Services,24.01.2015,2024,"₦32,870,207,030.90","₦3,623,039,995.87",1298131882.11 naira,2324908113.76 naira,NON-COMPLIANT,"₦272,726,705.91",04278961573,Plateau,TRUE
TIN63329851,Obinna Ajayi Enterprises,CIT,Retail,,2021,"N25,016,831,758","NGN 5,051,532,056","N852,850,172",NULL,Exempted ,449852309.08 naira,(864) 242-3839,Abuja,false
TIN17297032,Blessing  Mohammed Enterprises,VAT,FMCG,28-Jul-2019,2020,"43,503,883,790.38 ",9599402834.90 naira,"NGN 9,481,835,092",,Under audit,"NGN 291,500,427",(523) 112-3274,Cross River,TRUE
TIN20567981,Bola Okafor Enterprises,cit,Telecoms,20/07/2019,2021,"NGN 12,294,608,558","₦310,914,646.93",232187106.81 naira,N/A,Under audit,"NGN 1,313,376",64051038802,Oyo,Yes
TIN42224773,Tunde Okonkwo Enterprises,Company Income Tax,Manufacturing,29 October 2012,2022,"N47,505,469,775","NGN 5,811,172,918",5317020602.03,"NGN 494,152,316",Non-Compliant,"₦450,445,531.18",61685071058,Oyo,1
TIN93408434,Amaka  Nwosu Enterprises,vat,Professional Services,14/07/2020,2020,39201216589.22 naira,"₦8,527,552,237.69","₦4,468,534,079.20","₦4,059,018,158.49",Under audit,"N368,267,687",87447017320,Edo,0
TIN67392668,ifeoma okafor enterprises,cit,Telecoms,20-Feb-2013,2024,38465158039.01 naira,"NGN 10,571,451,429","N2,464,230,564","₦8,107,220,864.77",Non-Compliant,,+234470318053,KANO,no
TIN13778013,Ibrahim Balogun Enterprises,Education Tax ,Telecoms,2022-12-19,?,"N40,506,874,400","NGN 11,343,409,188","₦2,992,589,220.40","₦8,350,819,967.56",Partially Compliant,,(339) 449-5300,Delta,0
TIN82347008,Kunle Yusuf Enterprises,Education Tax (EDT),Retail,09 July 2019,2025,39237416642.02 naira,4685908779.02 naira,"NGN 4,743,322,572",0.00 ,Partially Compliant,,234-322-481-554,Lagos,1
TIN16877887,Musa Okeke Enterprises,vat,Real Estate,24.12.2014,2024,5057132985.05,"₦781,416,102.53",842363906.55 naira,,Exempted,"₦31,362,260.63",,Cross River,1
TIN99193948,Zainab Nwosu Enterprises,Company Income Tax (CIT),Real Estate,2011/09/13,2025,"NGN 14,387,684,745",3295940670.07,2650878039.61,"NGN 645,062,630",Exempted,"NGN 65,952,378",0218 545 7056,Edo,1
TIN22461686,Chinedu Okafor Enterprises,Company Income Tax (CIT),Oil & Gas,00/00/0000,2021,"₦4,410,089,189.22","NGN 1,062,502,194","NGN 1,053,364,384","NGN 9,137,811",compliant,60409393.13,(813) 599-8989,Ogun,true
TIN48126214,Grace Ajayi Enterprises,VAT,Manufacturing,15-Oct-2020,2023,10781115807.32 naira,"N2,917,608,491","NGN 1,265,428,161","NGN 1,652,180,330",Exempted ,,04846735742,Edo,0
TIN35418652,Halima Bello Enterprises,Withholding Tax (WHT),Banking,03/11/2011,2025,"N24,380,463,920",2536005478.44,"NGN 2,618,162,505",N0,Exempted ,,0876 108 1435,Rivers,Yes
TIN54225468,Adaeze Lawal Enterprises,Personal Income Tax (PIT),Telecoms,05.04.2021,2020,"NGN 21,947,170,740",1303752347.44 naira,"NGN 215,644,574","1,088,107,773.81 ",Under audit,"NGN 11,645,951",invalid,Cross River,TRUE
TIN26018269,Wale Ogundimu Enterprises,Company Income Tax (CIT),Professional Services,05.09.2013,2022,8070990742.47,"N2,101,160,981","₦1,949,099,924.92","NGN 152,061,056",NON-COMPLIANT,"NGN 118,526,011",+234656045006,Kaduna,true
TIN20537050,  Amaka Afolabi Enterprises,Education Tax ,Oil & Gas,2021/01/28,2023,18454213913.92 naira,3154202504.22,"N1,462,582,836","NGN 1,691,619,669",compliant,"NGN 182,280,665",(191) 116-6122,Edo,true
TIN46321739,Emeka Nwosu Enterprises,Education Tax (EDT),Manufacturing,10/11/2012,  ,"₦20,010,867,933.21","N3,275,855,797",1130099792.78 naira,"NGN 2,145,756,004",Compliant,57753700.05,invalid,Plateau,Y
TIN39736273,Segun Chukwu Enterprises,Withholding Tax (WHT),Retail,06/12/2016,2024,"NGN 36,311,775,449","5,102,385,944.73 ",982781216.99,"₦4,119,604,727.74",Under Audit,,,Lag,N
TIN17252887,   Emeka Afolabi Enterprises,PIT,Real Estate,18/10/2022,2022,"NGN 5,996,614,148","₦573,701,381.19",n/a,0.00 ,Compliant,"N38,859,093",0612 939 0025,Kaduna,false
TIN83005924,Aliyu Yusuf Enterprises,CIT,Manufacturing,13 June 2019,2021,"NGN 37,172,415",5745802.00 naira,3947990.52,1797811.48,Non-Compliant,,invalid,Ogun,true
TIN59611763,Fatima Nwosu Enterprises,Value Added Tax (VAT),-,20 March 2017,2023,"₦9,209,818,798.23","N2,383,849,406",686718686.24 naira,"₦1,697,130,719.40",Exempted ,"N187,843,967",+234534281644,Oyo State,false
TIN50091766,Obinna Adeyemi Enterprises,PIT,Manufacturing,12/05/2018,2023,"N49,640,659,552",12797692944.18 naira,"₦4,995,600,727.33","₦7,802,092,216.85",Under audit,99417678.66 naira,(706) 362-1986,Kaduna,0
TIN75863181,femi eze enterprises,CIT,Banking,29 June 2020,2023,"NGN 32,092,029,136","N754,603,989",-,"NGN 355,201,780",Under Audit,,0698 416 6123,Imo,1
TIN16220386,Kunle Nnamdi Enterprises,Value Added Tax (VAT),Telecoms,2012/12/22,2021,"4,803,995,664.11 ","NGN 1,115,892,820",677669438.70 naira,"438,223,381.41 ",Non-Compliant,105777798.74,00285162259,Anambra,TRUE
TIN71151134,Fatima Ajayi Enterprises   ,cit,FMCG,2019/09/21,2022,7254790176.67,N/A,nil,"N588,332,625",compliant,"₦14,982,990.23",0844 246 4884,rivers,N
TIN19573523,ZAINAB AFOLABI ENTERPRISES,Company Income Tax (CIT),Telecoms,20/03/2013,2020,32471540391.18 naira,"₦2,721,557,802.62",153261551.91 naira,,Exempted,5087369.02,07319227607,Oyo,true
TIN13439391,Bola Chukwu Enterprises,Personal Income Tax (PIT),Real Estate,2012/12/29,2021,"₦30,618,683,358.56","₦8,176,684,884.38","N228,055,994","₦7,948,628,890.72",Compliant,112372027.69,(548) 534-6557,Edo,no
TIN66630973,  grace adekunle enterprises   ,Personal Income Tax (PIT),Oil & Gas,12-Mar-2010,2023,"NGN 31,893,385,400",7163556930.88,"4,351,825,635.86 ",2811731295.0200005,Under Audit,,+234867782312,Oyo State,No
TIN12193862,Blessing Abubakar Enterprises,CIT,Oil & Gas,14.09.2013,2022,"N38,615,539,384",7079229715.84,"₦6,275,100,612.19","NGN 804,129,104",compliant,,09795728575,Enugu,1
TIN10722347,Ngozi Abubakar Enterprises,Company Income Tax (CIT),Professional Services,2011-09-16,2020,6081056673.26 naira,"NGN 1,204,368,481","₦1,262,579,050.33",,compliant,,(882) 188-4968,Imo,FALSE
TIN25089603,Ifeoma Eze Enterprises,vat,FMCG,08/04/2011,2023,5496218322.05,"NGN 637,549,591","N102,233,421",535316169.76 naira,Exempted,,234-821-160-204,Anambra,No
TIN86690343,  SADIQ NNAMDI ENTERPRISES,Education Tax ,FMCG,13-Jun-2019,2025,44178991224.19 naira,"1,496,665,263.77 ","₦46,560,371.97",,Compliant,,0225 920 6165,Kaduna,true
TIN47180745,segun nnamdi enterprises,CIT,Banking,04/07/2010,2023,38225086635.19 naira,9864390219.47 naira,"NGN 7,914,714,829","₦1,949,675,390.29",compliant,,03007169500,Plateau,FALSE
TIN87703201,Adaeze Adekunle Enterprises,VAT,Telecoms,2022/08/23,2022,"₦25,815,948,216.32","N6,698,916,669","₦6,802,514,826.52",0.00 ,Exempted,412510157.87,invalid,Cross River,0
TIN84641862,Tunde Balogun Enterprises,Education Tax (EDT),Professional Services,29.03.2010,2024,"N48,481,924,128","NGN 6,185,438,262",5877674346.64,307763915.0899992,Under Audit,  ,08682509522,Delta,no
TIN27583157,Halima Bello Enterprises,Value Added Tax (VAT),Oil & Gas,05 June 2021,2023,21857291715.90 naira,"NGN 627,681,576","NGN 486,665,470",,NON-COMPLIANT,11717849.25 naira,53689005779,oyo,yes
TIN54983649,Kunle Bello Enterprises,PIT,Real Estate,2016/09/01,2020,"2,885,358,053.26 ",828151001.51,908525181.62,NGN 0,Under audit,"₦63,191,412.89",01097202170,Abuja,no
TIN96719643,Fatima Abubakar Enterprises,Personal Income Tax (PIT),-,2011/11/05,2025,"NGN 49,364,637,600",14405530039.37,8728661677.08 naira,5676868362.290001,Non-Compliant,1110706869.0,+234409649668,Abuja,no
TIN53238340,Aliyu Yusuf Enterprises,Capital Gains Tax (CGT),Telecoms,2016/12/19,2024,"N5,698,519,215",NIL,"N747,497,845",373649354.70000005,Under audit,,0179 726 9999,Rivers,No
TIN32692102,Kunle Mohammed Enterprises,Education Tax ,Oil & Gas,26.05.2018,2022,"NGN 14,517,987,308","NGN 3,810,448,014","NGN 2,961,080,952","849,367,061.67 ",Exempted,,03444429906,kano,No
TIN22973132,CHIOMA ADEYEMI ENTERPRISES,Education Tax (EDT),N/A,30.11.2014,2022,40793068216.78 naira,"₦6,463,360,951.99","NGN 4,575,813,941","1,887,547,010.57 ",Non-Compliant,"NGN 260,121,823",0340 153 5346,Kaduna,1
TIN68952745,Bisi Adeyemi Enterprises,WHT,FMCG,2022/01/12,2020,5205490805.31 naira,1515586395.22,"NGN 240,819,775","N1,274,766,621",Exempted ,108537077.94 naira,+234641839841,Akwa Ibom,no
TIN33397229,Tunde Suleiman Enterprises,WHT,Oil & Gas,2021-03-02,2025,"₦28,686,765,129.17","₦1,648,700,499.47","₦1,614,067,022.30",34633477.17 naira,compliant,"N142,985,100",46634544344,Kaduna,1
TIN61517329,Grace Mohammed Enterprises,vat,Telecoms,19/04/2021,2025,"N37,454,151,243",6691886964.77,"₦4,735,830,115.76","1,956,056,849.01 ",Exempted,,0000000000,Lag,Y
TIN19715625,Obinna Okeke Enterprises,Capital Gains Tax (CGT),Real Estate,2014/04/10,2025,9751954563.49 naira,236589395.62 naira,"NGN 169,530,200",67059195.47,Under Audit,,06488208934,abuja,Yes
TIN43190969,Fatima Nwosu Enterprises,Company Income Tax (CIT),unknown,19-May-2016,2023,22367178053.1,"₦2,261,670,676.14","NGN 1,243,286,332","NGN 1,018,384,345",Exempted,,70532601193,Cross River,No
TIN82526304,Obinna Olawale Enterprises,vat,Oil & Gas,03 January 2021,2021,6445243376.66,"471,999,396.92 ","472,371,536.28 ",₦0.00,NON-COMPLIANT,,0860 282 6254,Delta,0
TIN99218413,Yusuf Suleiman Enterprises,Value Added Tax (VAT),Manufacturing,15.10.2018,2023,8925381252.70 naira,"₦205,588,191.68","N137,238,561",68349631.06 naira,Non-Compliant,149208.25,(306) 831-7641,Cross River,FALSE
TIN99058907,Obinna Okafor Enterprises,VAT,Oil & Gas,2022/12/03,2025,"N3,988,411,781",192228954.67 naira,117564708.16 naira,"NGN 74,664,247",Exempted ,,0487 177 5461,Enugu,0
TIN28504576,Blessing Afolabi Enterprises,Value Added Tax (VAT),Real Estate,07/31/2016,2021,"₦10,862,111,702.95","NGN 2,638,601,164",1469506079.91 naira,?,Under Audit,,+234009536621,Oyo,yes
TIN65778869,CHINEDU NWOSU ENTERPRISES,Value Added Tax (VAT),Professional Services,23.12.2010,2024,"NGN 31,681,762,518","NGN 6,066,343,823",2895164868.93,"₦3,171,178,953.83",Exempted,,0821 072 8878,Oyo State,TRUE
TIN44688884,Fatima Afolabi Enterprises,CIT,Real Estate,01/03/2011,2020,"₦8,090,144,529.37","₦664,114,277.90","N500,096,804","164,017,474.02 ",Exempted ,,234-207-536-051,Kaduna,no
TIN85644911,Ibrahim Afolabi Enterprises,Personal Income Tax (PIT),Telecoms,2022/05/17,2022,"N39,274,471,478",7226633989.79,3005234267.95,"NGN 4,221,399,722",NON-COMPLIANT,"NGN 175,765,172",(543) 412-3016,Rivers,N
TIN81887831,Tunde Lawal Enterprises,Withholding Tax (WHT),Real Estate,03/30/2011,2023,"₦17,210,348,971.24",1624197766.47 naira,"NGN 349,680,498","NGN 1,274,517,269",Non-Compliant,,06113711815,Delta,no
TIN48716063,Musa Ajayi Enterprises,Personal Income Tax (PIT),Telecoms,2021/04/30,2020,32260655711.0,"N750,779,158",  ,"N173,127,594",Under Audit,,05952056100,Edo,TRUE
TIN67280441,Emeka Abubakar Enterprises,CIT,Oil & Gas,2010-04-11,2025,39439942288.26,NULL,"₦6,026,525,337.95",228900335.35000038,Under audit,381006501.27 naira,+234512817751,Delta,no
TIN24015628,Segun Ogundimu Enterprises,vat,Professional Services,2014-11-29,2022,10496643266.14 naira,"NGN 1,962,158,699",932767268.94 naira,"₦1,029,391,430.21",Exempted ,,47744735352,Plateau,0
TIN40126712,Amara  Mohammed Enterprises,Capital Gains Tax (CGT),Telecoms,2015/11/17,2023,14342385294.79 naira,316482183.72,"NGN 44,424,296","272,057,887.53 ",Under Audit,19227639.16 naira,06251521746,Cross River,false
TIN80822714,Obinna Chukwu Enterprises   ,Company Income Tax (CIT),Oil & Gas,16/01/2014,2021,"N7,497,906,900",NIL,448227837.92,"637,021,779.93 ",Under Audit,"NGN 106,481,854",234-048-507-665,rivers,Y
TIN13640369,Segun Okafor Enterprises,WHT,Retail,04.05.2021,2023,"44,255,923,030.04 ","N10,615,628,934","N5,237,272,573","₦5,378,356,360.67",Exempted,,06085481867,Lagos,true
TIN49214164,Obinna Adeyemi Enterprises,cit,Manufacturing,23.02.2016,2021,"NGN 45,520,951,162","N7,877,736,918","NGN 6,494,373,893","N1,383,363,025",NON-COMPLIANT,"₦196,472,922.97",234-133-030-334,Rivers,false
TIN28151774,Halima  Lawal Enterprises,Personal Income Tax (PIT),Retail,04-Nov-2022,2020,"₦9,619,215,812.96","₦1,124,821,304.81","NGN 840,496,847","284,324,457.87 ",Partially Compliant,61567279.84 naira,0238 600 3044,Imo,false
TIN71561022,yusuf afolabi enterprises   ,vat,Retail,N/A,2020,  ,3783835499.33,2560411502.24,"NGN 1,223,423,997",Non-Compliant,"NGN 144,489,310",02953506373,Kaduna,Yes
TIN70043250,Fatima Olawale Enterprises,WHT,Manufacturing,2021/03/06,2025,"N2,298,053,510","₦532,797,413.40","N102,231,071","N430,566,342",Under Audit,"₦47,312,132.66",09340391045,Plateau,yes
TIN13119554,Grace Olawale Enterprises,Company Income Tax,Real Estate,2014/12/04,2020,"NGN 42,607,867,238",Unknown,"2,890,096,122.93 ",NIL,NON-COMPLIANT,"₦461,707,150.92",03038856811,Abuja,TRUE
TIN40095584,  Sadiq Nnamdi Enterprises,Value Added Tax (VAT),Retail,30 August 2012,2024,--,1930210871.52 naira,"N1,600,661,448",329549423.28,Under Audit,"188,790,983.96 ",02990716690,Akwa Ibom,TRUE
TIN59552113,Aliyu Bello Enterprises,Education Tax ,FMCG,01-May-2016,2023,"₦7,962,264,753.05",  ,"2,487,491,806.21 ",N0,Compliant,,234-978-145-900,LAGOS,no
TIN54318442,Emeka Abubakar Enterprises,Education Tax (EDT),Oil & Gas,02/05/2014,2023,"N49,187,771,031","₦5,368,985,579.52","₦5,391,518,445.32",0.00 ,Exempted ,,(089) 747-4859,Akwa Ibom,TRUE
TIN71300475,Chioma Lawal Enterprises,vat,Professional Services,2014-03-04,2024,"NGN 15,099,287,036",2277503754.86 naira,"NGN 2,366,455,793",₦0.00,Non-Compliant,,(565) 775-8097,Kaduna,FALSE
TIN81510524,Amaka Adeyemi Enterprises,Value Added Tax (VAT),Manufacturing,03-Nov-2020,2020,"N17,009,463,454","NGN 4,268,040,103","N3,039,311,462","NGN 1,228,728,641",Non-Compliant,,03589693353,Anambra,FALSE
TIN27640010,Segun Chukwu Enterprises,cit,Professional Services,21.12.2019,2020,"NGN 13,671,319,456",2552431717.51 naira,"₦176,229,728.12",2376201989.3900003,NON-COMPLIANT,105376177.04,(395) 978-1554,Akwa Ibom,Y
TIN17167939,Amara Suleiman Enterprises,WHT,Manufacturing,not set,2022,"N10,819,365,075","₦325,004,723.68",272956612.16 naira,52048111.51999998,Partially Compliant,,41996264222,Oyo State,Y
TIN38534846,Kunle Abubakar Enterprises,Value Added Tax (VAT),Banking,2018/11/05,unknown,18798471143.57 naira,--,"₦1,263,411,613.40",631778819.9099998,compliant,"NGN 92,365,732",+234348268999,Abuja,N
TIN19488938,Obinna Adekunle Enterprises,VAT,Banking,2012-08-15,2024,41588531351.21 naira,"N2,653,925,021","NGN 1,192,894,358","₦1,461,030,663.16",compliant,"NGN 231,857,898",93781053912,Oyo,0
TIN15461615,Tunde Eze Enterprises,PIT,Banking,2011/08/28,2025,7776835976.86,"317,563,652.95 ","₦16,367,443.88",301196209.07 naira,Exempted ,22025679.25 naira,0113 885 0342,Anambra,true
TIN24186362,Segun Mohammed Enterprises,Education Tax ,FMCG,02 August 2019,2024,39500597012.19 naira,"NGN 7,256,693,147","3,155,170,894.84 ","NGN 4,101,522,252",compliant,"₦499,697,880.04",(182) 360-1071,Oyo State,no
TIN43666719,Segun Yusuf Enterprises,CIT,-,2010-05-04,2021,"₦19,998,521,887.89","N1,999,829,508","N1,469,119,446",530710061.21 naira,NON-COMPLIANT,"₦6,788,531.42",+234867661008,Kaduna,No
TIN82608930,Wale Ogundimu Enterprises,CIT,null,2014/07/28,2022,"38,003,789,727.87 ",8194442720.58,"N8,886,048,178",NGN 0,NON-COMPLIANT,"N66,965,939",23899499197,Delta,Yes
TIN79127864,Femi Lawal Enterprises,WHT,Real Estate,26.12.2010,2023,28686980967.6,"3,031,045,669.68 ","NGN 1,932,222,322","NGN 1,098,823,348",Compliant,"NGN 110,872,226",96647213074,Rivers,Y
TIN39957238,  Zainab Abubakar Enterprises,Value Added Tax (VAT),Oil & Gas,2022-05-16,2023,"NGN 18,213,866,952",NIL,"NGN 1,744,419,814","NGN 533,060,129",NON-COMPLIANT,15938092.85,+234343031158,Port Harcourt,FALSE
TIN74341400,Halima Suleiman Enterprises,Personal Income Tax (PIT),null,24 July 2017,nil,"NGN 12,686,301,323",2235853568.53,"903,161,970.69 ",1332691597.8400002,Partially Compliant,"51,959,192.98 ",0309 690 6764,Akwa Ibom,Yes
TIN94833750,Kemi Eze Enterprises,VAT,FMCG,13.02.2015,2022,,"₦10,394,869,717.54","₦5,483,458,479.71","₦4,911,411,237.83",Exempted,467876522.49 naira,+234883906246,Kano,N
TIN72466393,Tunde Yusuf Enterprises,Personal Income Tax (PIT),Professional Services,01/09/2022,2024,33845098918.33,"N2,468,931,830",unknown,"₦1,917,609,725.45",Compliant,"NGN 135,732,768",0379 121 2110,rivers,Yes
TIN69873575,Grace Nwosu Enterprises,vat,FMCG,12/21/2018,2021,"NGN 7,335,771,325","N2,027,786,889","247,429,438.08 ","₦1,780,357,450.86",Exempted ,,234-212-038-437,Anambra,FALSE
TIN43681727,Grace Balogun Enterprises,WHT,Professional Services,2022-02-19,2025,41196308131.30 naira,"N4,591,283,742",1015041081.99 naira,3576242660.51 naira,NON-COMPLIANT,,(140) 384-5319,Edo,0
TIN50428167,Musa Yusuf Enterprises,Value Added Tax (VAT),Real Estate,07-Jan-2022,2022,26263103836.75,"₦6,299,091,753.25","₦2,737,512,515.92",3561579237.33 naira,Exempted,,234-241-916-503,Kano,Y
TIN65448913,zainab ajayi enterprises,Value Added Tax (VAT),?,27 December 2019,2024,"NGN 19,656,590,583","N1,270,237,759",734615777.6,"NGN 535,621,981",NON-COMPLIANT,"₦30,057,224.37",0891 787 9150,Kaduna,yes
TIN13151814,Fatima Olawale Enterprises,VAT,Real Estate,19.08.2010,2021,11935727527.60 naira,"₦955,697,641.58",570534853.10 naira,"385,162,788.48 ",Exempted,,04511009060,Oyo,yes
TIN69843840,Tunde Afolabi Enterprises,Value Added Tax (VAT),Real Estate,2012-04-20,2020,17389984299.82,"₦4,252,184,595.74","₦977,597,680.49","NGN 3,274,586,915",Under Audit,"₦12,624,214.23",90835211896,Rivers,N
TIN16977061,Yusuf Abubakar Enterprises,Education Tax (EDT),FMCG,26-Feb-2012,2024,"₦33,704,197,198.22","NGN 5,788,036,300","N2,927,692,797",2860343503.1200004,Compliant,,+234477269032,Imo,Y
TIN22114420,Segun Bello Enterprises,Capital Gains Tax (CGT),Banking,11/01/2010,2023,35341383905.93,1911893910.42,"NGN 1,781,079,336",,Under audit,"₦52,749,743.15",234-609-439-136,Imo,1
TIN94479981,ALIYU EZE ENTERPRISES,PIT,Manufacturing,00/00/0000,2025,"18,485,908,894.56 ","N5,225,720,471","N571,445,036",,Compliant,"NGN 420,368,154",0964 260 3362,Cross River,N
TIN57075687,Amaka Okafor Enterprises,Value Added Tax (VAT),Oil & Gas,14 February 2015,2025,28574602192.45,"N5,958,244,940",1757359315.45 naira,4200885624.46,Non-Compliant,"NGN 171,989,304",+234955156239,Imo,0
TIN52458867,Musa Afolabi Enterprises,Education Tax (EDT),FMCG,15.02.2016,2021,23269128577.53 naira,"₦1,189,519,064.92","NGN 491,886,602",697632462.77 naira,Under audit,,234-277-119-529,Imo,yes
TIN56788930,Aliyu Ajayi Enterprises,Company Income Tax,Telecoms,2012/02/23,2021,26495176851.52,"NGN 940,541,306","NGN 1,021,769,218",NGN 0,Under audit,"NGN 52,065,230",02125450809,Kano,Y
TIN95186799,  ibrahim yusuf enterprises   ,Withholding Tax (WHT),FMCG,,2025,17657472713.44 naira,3822624772.01,-,,compliant,"N21,908,549",+234156302955,Delta,1
TIN96952905,Amara Eze Enterprises,WHT,Telecoms,2015/01/16,2022,41961303751.51,"N3,422,115,204","N2,685,038,634","₦737,076,569.74",Exempted,,+234088684302,Imo,Yes
TIN16236233,Tunde Nnamdi Enterprises,Personal Income Tax (PIT),FMCG,12/06/2013,n/a,"N16,712,315,178",2483860850.49 naira,40254111.65,N/A,NON-COMPLIANT,41736764.78,53400181677,Rivers,false
TIN75987636,Musa Chukwu Enterprises,WHT,Professional Services,2019/11/06,2020,48040844946.47,"12,422,385,949.42 ","11,999,719,772.96 ",422666176.460001,compliant,"N6,148,245",234-202-665-686,Delta,TRUE
TIN44703674,bisi  okafor enterprises,CIT,Oil & Gas,N/A,2022,26396130398.96 naira,"₦2,101,521,490.87",nil,"500,219,193.11 ",Compliant,,00058561547,Anambra,TRUE
TIN83799046,Blessing Balogun Enterprises,PIT,Banking,30.01.2020,2025,"₦26,224,383,427.49","NGN 5,477,413,175",2724057829.83 naira,"NGN 2,753,355,346",Under audit,,74071732798,Cross River,N
TIN86978213,Bola Okafor Enterprises,vat,Professional Services,18.10.2012,2020,"₦26,774,654,473.74","NGN 4,009,327,029",?,,compliant,,0910 530 2151,Cross River,no
TIN14692877,Bisi Balogun Enterprises,Company Income Tax (CIT),Telecoms,21/03/2017,NULL,12934824627.14,"NGN 2,469,938,763","2,489,023,307.79 ",₦0.00,Partially Compliant,"NGN 196,645,768",34078516994,Ogun,No
TIN98596835,Femi Yusuf Enterprises,Withholding Tax (WHT),Oil & Gas,2010-11-25,2025,641510932.62 naira,"N107,714,607","N91,499,341","₦16,215,265.39",Compliant,,234-974-223-543,Rivers,Y
TIN18732048,Funmilayo Olawale Enterprises,WHT,Oil & Gas,28-Mar-2021,2020,  ,?,3609656835.9,"N1,408,505,560",Compliant,"NGN 142,329,955",(211) 708-8948,Imo,No
TIN81911652,Bola Ajayi Enterprises,Withholding Tax (WHT),Manufacturing,02.10.2010,2020,20820249573.27,"NGN 2,316,130,347",1562339200.4,"NGN 753,791,147",Compliant,"N674,955",01864482217,Edo,1
TIN51776775,Ibrahim Yusuf Enterprises,CIT,Telecoms,12/08/2015,2020,34635776770.41 naira,"NGN 6,390,015,241",150902815.18,6239112426.23,Compliant,257964303.98,97040953141,Rivers,true
TIN52536435,Fatima Abubakar Enterprises,Company Income Tax,Real Estate,10/28/2013,2025,"₦16,231,950,081.58",NIL,464219956.45,"N3,666,468,229",Compliant,,07147246301,Ogun,No
TIN99174686,Ifeoma Nnamdi Enterprises,PIT,FMCG,01.06.2013,2025,40782566940.22,5882601567.63,6449070962.56 naira,NGN 0,Compliant,"₦263,873,647.06",234-057-644-974,Delta,0
TIN80166738,Sadiq Okeke Enterprises,VAT,FMCG,19.02.2010,2022,"₦42,252,703,614.34","NGN 6,505,762,090","N1,875,329,508","₦4,630,432,582.18",Exempted,"₦389,286,720.27",+234566397925,Kaduna,true
TIN28600999,Chioma Lawal Enterprises,Capital Gains Tax (CGT),Telecoms,16.08.2018,2020,unknown,"₦9,415,667,934.86","2,205,602,161.30 ","NGN 7,210,065,774",Exempted,,10123296151,Edo,N
TIN18072383,Femi Okeke Enterprises,Personal Income Tax (PIT),Banking,02-Mar-2011,2024,"N4,833,940,055","₦956,994,622.84",unknown,630511843.01 naira,compliant,"68,092,534.67 ",0941 224 8709,Abuja,Yes
TIN35406178,Sadiq Nnamdi Enterprises,vat,Telecoms,12/22/2019,2021,18035215628.46,2032061056.37,"₦1,736,418,851.08",295642205.28999996,compliant,,60972360244,Kaduna,Yes
TIN19271511,Aliyu Okafor Enterprises,CIT,Professional Services,2022/12/09,2023,"NGN 29,532,375,233","N4,889,012,354",1795139095.82,3093873258.31 naira,Exempted,,80331836113,Akwa Ibom,0
TIN37421296,Chidi Ajayi Enterprises,PIT,Retail,15 April 2014,N/A,"₦18,792,089,382.09",N/A,677109807.31,4024923197.6600003,Partially Compliant,,09882904579,Lagos State,Y
TIN22135062,IFEOMA NNAMDI ENTERPRISES,CIT,Retail,08 January 2010,2023,"₦23,247,530,548.68","NGN 1,727,722,513","NGN 1,013,236,964","₦714,485,548.94",Exempted ,"NGN 17,960,965",+234359142614,Rivers,TRUE
TIN30137942,  Femi Ogundimu Enterprises,vat,Oil & Gas,18 April 2012,2023,"N16,984,119,312","N4,168,137,418","NGN 3,238,812,981","₦929,324,436.12",Exempted ,"₦250,496,047.65",06409196939,Oyo,No
TIN33303352,Funmilayo  Chukwu Enterprises,cit,Real Estate,12.08.2017,2024,20890004349.80 naira,"2,623,029,109.97 ","NGN 1,012,055,711",1610973398.56,Under audit,"₦17,395,965.82",0900 362 2117,Plateau,no
TIN90794922,Aliyu Yusuf Enterprises,Company Income Tax (CIT),Telecoms,22 December 2019,2023,"NGN 15,975,263,629",NIL,"N2,172,809,547",NULL,Compliant,"105,513,056.64 ",234-243-625-854,Anambra,FALSE
TIN54499815,Obinna Nnamdi Enterprises,VAT,NULL,16 July 2016,2021,"₦13,336,171,878.55","₦3,097,464,051.76","₦313,833,506.59","₦2,783,630,545.17",Non-Compliant,,86774037842,Ogun,0
TIN45656746,Chinedu Olawale Enterprises,vat,Oil & Gas,2012/03/01,2023,"N31,249,585,413","₦9,243,492,183.65","₦4,244,680,622.92",4998811560.73 naira,Non-Compliant,,0178 822 4731,Cross River,N
TIN38582554,Grace Okeke Enterprises,WHT,Oil & Gas,2016-06-14,2023,1315816590.11 naira,158761634.16,"N158,357,293","NGN 404,341",compliant,,+234458434566,KANO,N
TIN81818356,Kunle Lawal Enterprises,Capital Gains Tax (CGT),Banking,2012/05/15,2024,27655704486.05,1258800600.09 naira,526899147.17 naira,731901452.9199998,compliant,,+234258122590,Cross River,false
TIN33812173,Emeka Mohammed Enterprises,Personal Income Tax (PIT),Retail,03/08/2021,2025,"NGN 18,249,320,192","4,696,867,363.08 ","N2,924,749,962","NGN 1,772,117,401",Non-Compliant,"₦197,056,861.64",0080 196 3045,Anambra,1
TIN29187751,Fatima Ajayi Enterprises,Company Income Tax,Telecoms,06/10/2018,2021,,"NGN 8,511,327,394","N7,071,887,683","N1,439,439,710",Under Audit,257246768.37 naira,05950310064,Plateau,N
TIN55960360,Blessing Suleiman Enterprises,vat,Manufacturing,03/16/2010,2022,"NGN 15,170,159,895","NGN 390,482,184","₦67,953,554.65","₦322,528,629.49",Exempted,,0817 852 2115,Anambra,1
TIN19686531,Zainab Okafor Enterprises,Education Tax (EDT),Banking,2012-07-05,2023,"₦17,361,104,535.57","₦1,176,144,123.94",400235991.1,,NON-COMPLIANT,,(461) 007-9230,Delta,FALSE
TIN50373159,Halima Lawal Enterprises,Personal Income Tax (PIT),FMCG,2018/05/02,2021,"₦15,535,911,999.06","₦4,249,924,674.72","₦550,093,229.04",,Under Audit,"N341,640,208",05338906235,Cross River,yes
TIN55905289,SADIQ OKAFOR ENTERPRISES,VAT,Oil & Gas,16-Mar-2021,2021,"N12,795,876,534","NGN 626,132,906",246486950.27 naira,"₦379,645,955.99",compliant,56642562.1,52610537092,Lagos,Y
TIN38623017,Amara Okeke Enterprises,Withholding Tax (WHT),Banking,11/03/2022,2024,"N10,802,452,219","₦2,426,642,580.90","N1,354,331,478",,Under Audit,,(221) 559-9672,Rivers,1
TIN33440896,Halima Yusuf Enterprises,cit,NIL,20/08/2016,2022,5559466425.54,312512631.85 naira,172891789.14,"N139,620,843",Exempted,"₦3,460,011.24",234-466-527-523,Cross River,FALSE
TIN46849859,Chidi Okafor Enterprises,cit,Oil & Gas,24 December 2018,2021,"N25,381,206,938","₦4,844,084,558.36","₦3,891,814,816.54","NGN 952,269,742",Under audit,167686688.52 naira,73042763628,Edo,yes
TIN44484386,Bisi Okonkwo Enterprises   ,cit,Retail,21.01.2021,2023,36392463654.16,10010783827.68 naira,2042000496.53 naira,"NGN 7,968,783,331",Partially Compliant,"N609,921,726",(027) 221-4257,Abuja,false
TIN58636780,Grace Okafor Enterprises,cit,Telecoms,31.07.2010,2025,"NGN 30,500,775,574",Unknown,1274728190.68 naira,172308599.65999985,Non-Compliant,"N124,852,965",(096) 258-8576,Plateau,No
TIN54493493,Halima Ogundimu Enterprises,Company Income Tax (CIT),Retail,not set,2020,"NGN 41,958,132,740",N/A,"N398,127,474",,NON-COMPLIANT,,0862 376 0088,Plateau,TRUE
TIN86552166,Adaeze Afolabi Enterprises,VAT,Professional Services,01/08/2018,2022,"N25,437,915,598",1324732965.83 naira,"₦168,742,402.61","NGN 1,155,990,563",Under Audit,"NGN 41,803,077",(669) 335-1588,Kano,FALSE
TIN75911209,Obinna Balogun Enterprises,Value Added Tax (VAT),null,,2024,3950293767.68 naira,"NGN 694,998,596","₦295,182,046.15",399816549.48 naira,compliant,,07124365858,Anambra,yes
TIN29299441,Amara Eze Enterprises,vat,FMCG,07/06/2015,2023,29873368679.64 naira,"₦8,330,707,852.51",Unknown,7904493439.45,Exempted ,,234-210-454-617,Lagos State,yes
TIN17225217,  Kunle Okonkwo Enterprises,cit,Manufacturing,02/11/2015,2025,"N1,505,572,560","NGN 88,063,131","N42,551,813","NGN 45,511,318",Under Audit,,+234791875067,Oyo,TRUE
TIN66049918,Segun Afolabi Enterprises,VAT,Banking,03.01.2022,2023,"N36,689,337,703",3734014963.48 naira,1246005978.4,"NGN 2,488,008,985",compliant,,234-822-309-586,Kaduna,false
TIN53536536,Chidi Suleiman Enterprises,Education Tax (EDT),--,04 February 2015,2021,"NGN 5,041,714,478","NGN 1,244,957,613",1283253229.41 naira,NGN 0,Exempted ,,(716) 039-8863,Oyo,FALSE
TIN28151774,Halima  Lawal Enterprises,Personal Income Tax (PIT),Retail,04-Nov-2022,2020,"₦9,619,215,812.96","₦1,124,821,304.81","NGN 840,496,847","284,324,457.87 ",Partially Compliant,61567279.84 naira,0238 600 3044,Imo,false
